source,target,book,chapter_order,scene_idx,heading_id,pov
Ishar,Jezrien,The Way of Kings,1,1,prelude,Kalak
Ishar,Kalak,The Way of Kings,1,1,prelude,Kalak
Ishar,Talenel,The Way of Kings,1,1,prelude,Kalak
Jezrien,Kalak,The Way of Kings,1,1,prelude,Kalak
Jezrien,Talenel,The Way of Kings,1,1,prelude,Kalak
Kalak,Talenel,The Way of Kings,1,1,prelude,Kalak
Dalinar,Elhokar,The Way of Kings,2,1,prologue,Szeth
Dalinar,Gavilar,The Way of Kings,2,1,prologue,Szeth
Dalinar,Jasnah,The Way of Kings,2,1,prologue,Szeth
Dalinar,Kalak,The Way of Kings,2,1,prologue,Szeth
Dalinar,Palah,The Way of Kings,2,1,prologue,Szeth
Dalinar,Sadeas,The Way of Kings,2,1,prologue,Szeth
Dalinar,Shalash,The Way of Kings,2,1,prologue,Szeth
Dalinar,Szeth,The Way of Kings,2,1,prologue,Szeth
Dalinar,Talenel,The Way of Kings,2,1,prologue,Szeth
Elhokar,Gavilar,The Way of Kings,2,1,prologue,Szeth
Elhokar,Jasnah,The Way of Kings,2,1,prologue,Szeth
Elhokar,Kalak,The Way of Kings,2,1,prologue,Szeth
Elhokar,Palah,The Way of Kings,2,1,prologue,Szeth
Elhokar,Sadeas,The Way of Kings,2,1,prologue,Szeth
Elhokar,Shalash,The Way of Kings,2,1,prologue,Szeth
Elhokar,Szeth,The Way of Kings,2,1,prologue,Szeth
Elhokar,Talenel,The Way of Kings,2,1,prologue,Szeth
Gavilar,Jasnah,The Way of Kings,2,1,prologue,Szeth
Gavilar,Kalak,The Way of Kings,2,1,prologue,Szeth
Gavilar,Palah,The Way of Kings,2,1,prologue,Szeth
Gavilar,Sadeas,The Way of Kings,2,1,prologue,Szeth
Gavilar,Shalash,The Way of Kings,2,1,prologue,Szeth
Gavilar,Szeth,The Way of Kings,2,1,prologue,Szeth
Gavilar,Talenel,The Way of Kings,2,1,prologue,Szeth
Jasnah,Kalak,The Way of Kings,2,1,prologue,Szeth
Jasnah,Palah,The Way of Kings,2,1,prologue,Szeth
Jasnah,Sadeas,The Way of Kings,2,1,prologue,Szeth
Jasnah,Shalash,The Way of Kings,2,1,prologue,Szeth
Jasnah,Szeth,The Way of Kings,2,1,prologue,Szeth
Jasnah,Talenel,The Way of Kings,2,1,prologue,Szeth
Kalak,Palah,The Way of Kings,2,1,prologue,Szeth
Kalak,Sadeas,The Way of Kings,2,1,prologue,Szeth
Kalak,Shalash,The Way of Kings,2,1,prologue,Szeth
Kalak,Szeth,The Way of Kings,2,1,prologue,Szeth
Kalak,Talenel,The Way of Kings,2,1,prologue,Szeth
Palah,Sadeas,The Way of Kings,2,1,prologue,Szeth
Palah,Shalash,The Way of Kings,2,1,prologue,Szeth
Palah,Szeth,The Way of Kings,2,1,prologue,Szeth
Palah,Talenel,The Way of Kings,2,1,prologue,Szeth
Sadeas,Shalash,The Way of Kings,2,1,prologue,Szeth
Sadeas,Szeth,The Way of Kings,2,1,prologue,Szeth
Sadeas,Talenel,The Way of Kings,2,1,prologue,Szeth
Shalash,Szeth,The Way of Kings,2,1,prologue,Szeth
Shalash,Talenel,The Way of Kings,2,1,prologue,Szeth
Szeth,Talenel,The Way of Kings,2,1,prologue,Szeth
Amaram,Cenn,The Way of Kings,4,1,chapter_1,Cenn
Amaram,Gavilar,The Way of Kings,4,1,chapter_1,Cenn
Amaram,Kaladin,The Way of Kings,4,1,chapter_1,Cenn
Amaram,Sadeas,The Way of Kings,4,1,chapter_1,Cenn
Cenn,Gavilar,The Way of Kings,4,1,chapter_1,Cenn
Cenn,Kaladin,The Way of Kings,4,1,chapter_1,Cenn
Cenn,Sadeas,The Way of Kings,4,1,chapter_1,Cenn
Gavilar,Kaladin,The Way of Kings,4,1,chapter_1,Cenn
Gavilar,Sadeas,The Way of Kings,4,1,chapter_1,Cenn
Kaladin,Sadeas,The Way of Kings,4,1,chapter_1,Cenn
Amaram,Kaladin,The Way of Kings,5,1,chapter_2,Kaladin
Amaram,Cenn,The Way of Kings,5,2,chapter_2,Kaladin
Amaram,Kaladin,The Way of Kings,5,2,chapter_2,Kaladin
Amaram,Talenel,The Way of Kings,5,2,chapter_2,Kaladin
Amaram,Tien,The Way of Kings,5,2,chapter_2,Kaladin
Cenn,Kaladin,The Way of Kings,5,2,chapter_2,Kaladin
Cenn,Talenel,The Way of Kings,5,2,chapter_2,Kaladin
Cenn,Tien,The Way of Kings,5,2,chapter_2,Kaladin
Kaladin,Talenel,The Way of Kings,5,2,chapter_2,Kaladin
Kaladin,Tien,The Way of Kings,5,2,chapter_2,Kaladin
Talenel,Tien,The Way of Kings,5,2,chapter_2,Kaladin
Jasnah,Shallan,The Way of Kings,6,1,chapter_3,Shallan
Jasnah,Valam,The Way of Kings,6,1,chapter_3,Shallan
Shallan,Valam,The Way of Kings,6,1,chapter_3,Shallan
Amaram,Kaladin,The Way of Kings,7,1,chapter_4,Kaladin
Amaram,Kaladin,The Way of Kings,7,2,chapter_4,Kaladin
Amaram,Roshone,The Way of Kings,7,2,chapter_4,Kaladin
Amaram,Tien,The Way of Kings,7,2,chapter_4,Kaladin
Kaladin,Roshone,The Way of Kings,7,2,chapter_4,Kaladin
Kaladin,Tien,The Way of Kings,7,2,chapter_4,Kaladin
Roshone,Tien,The Way of Kings,7,2,chapter_4,Kaladin
Elhokar,Jasnah,The Way of Kings,8,1,chapter_5,Shallan
Elhokar,Lhan,The Way of Kings,8,1,chapter_5,Shallan
Elhokar,Sadeas,The Way of Kings,8,1,chapter_5,Shallan
Elhokar,Shallan,The Way of Kings,8,1,chapter_5,Shallan
Elhokar,Taravangian,The Way of Kings,8,1,chapter_5,Shallan
Jasnah,Lhan,The Way of Kings,8,1,chapter_5,Shallan
Jasnah,Sadeas,The Way of Kings,8,1,chapter_5,Shallan
Jasnah,Shallan,The Way of Kings,8,1,chapter_5,Shallan
Jasnah,Taravangian,The Way of Kings,8,1,chapter_5,Shallan
Lhan,Sadeas,The Way of Kings,8,1,chapter_5,Shallan
Lhan,Shallan,The Way of Kings,8,1,chapter_5,Shallan
Lhan,Taravangian,The Way of Kings,8,1,chapter_5,Shallan
Sadeas,Shallan,The Way of Kings,8,1,chapter_5,Shallan
Sadeas,Taravangian,The Way of Kings,8,1,chapter_5,Shallan
Shallan,Taravangian,The Way of Kings,8,1,chapter_5,Shallan
Amaram,Dalinar,The Way of Kings,9,1,chapter_6,Kaladin
Amaram,Gavilar,The Way of Kings,9,1,chapter_6,Kaladin
Amaram,Gaz,The Way of Kings,9,1,chapter_6,Kaladin
Amaram,Kaladin,The Way of Kings,9,1,chapter_6,Kaladin
Amaram,Laral,The Way of Kings,9,1,chapter_6,Kaladin
Amaram,Lift,The Way of Kings,9,1,chapter_6,Kaladin
Amaram,Sadeas,The Way of Kings,9,1,chapter_6,Kaladin
Amaram,Talenel,The Way of Kings,9,1,chapter_6,Kaladin
Amaram,Tien,The Way of Kings,9,1,chapter_6,Kaladin
Dalinar,Gavilar,The Way of Kings,9,1,chapter_6,Kaladin
Dalinar,Gaz,The Way of Kings,9,1,chapter_6,Kaladin
Dalinar,Kaladin,The Way of Kings,9,1,chapter_6,Kaladin
Dalinar,Laral,The Way of Kings,9,1,chapter_6,Kaladin
Dalinar,Lift,The Way of Kings,9,1,chapter_6,Kaladin
Dalinar,Sadeas,The Way of Kings,9,1,chapter_6,Kaladin
Dalinar,Talenel,The Way of Kings,9,1,chapter_6,Kaladin
Dalinar,Tien,The Way of Kings,9,1,chapter_6,Kaladin
Gavilar,Gaz,The Way of Kings,9,1,chapter_6,Kaladin
Gavilar,Kaladin,The Way of Kings,9,1,chapter_6,Kaladin
Gavilar,Laral,The Way of Kings,9,1,chapter_6,Kaladin
Gavilar,Lift,The Way of Kings,9,1,chapter_6,Kaladin
Gavilar,Sadeas,The Way of Kings,9,1,chapter_6,Kaladin
Gavilar,Talenel,The Way of Kings,9,1,chapter_6,Kaladin
Gavilar,Tien,The Way of Kings,9,1,chapter_6,Kaladin
Gaz,Kaladin,The Way of Kings,9,1,chapter_6,Kaladin
Gaz,Laral,The Way of Kings,9,1,chapter_6,Kaladin
Gaz,Lift,The Way of Kings,9,1,chapter_6,Kaladin
Gaz,Sadeas,The Way of Kings,9,1,chapter_6,Kaladin
Gaz,Talenel,The Way of Kings,9,1,chapter_6,Kaladin
Gaz,Tien,The Way of Kings,9,1,chapter_6,Kaladin
Kaladin,Laral,The Way of Kings,9,1,chapter_6,Kaladin
Kaladin,Lift,The Way of Kings,9,1,chapter_6,Kaladin
Kaladin,Sadeas,The Way of Kings,9,1,chapter_6,Kaladin
Kaladin,Talenel,The Way of Kings,9,1,chapter_6,Kaladin
Kaladin,Tien,The Way of Kings,9,1,chapter_6,Kaladin
Laral,Lift,The Way of Kings,9,1,chapter_6,Kaladin
Laral,Sadeas,The Way of Kings,9,1,chapter_6,Kaladin
Laral,Talenel,The Way of Kings,9,1,chapter_6,Kaladin
Laral,Tien,The Way of Kings,9,1,chapter_6,Kaladin
Lift,Sadeas,The Way of Kings,9,1,chapter_6,Kaladin
Lift,Talenel,The Way of Kings,9,1,chapter_6,Kaladin
Lift,Tien,The Way of Kings,9,1,chapter_6,Kaladin
Sadeas,Talenel,The Way of Kings,9,1,chapter_6,Kaladin
Sadeas,Tien,The Way of Kings,9,1,chapter_6,Kaladin
Talenel,Tien,The Way of Kings,9,1,chapter_6,Kaladin
Gaz,Kaladin,The Way of Kings,9,2,chapter_6,Kaladin
Gaz,Sadeas,The Way of Kings,9,2,chapter_6,Kaladin
Gaz,Syl,The Way of Kings,9,2,chapter_6,Kaladin
Kaladin,Sadeas,The Way of Kings,9,2,chapter_6,Kaladin
Kaladin,Syl,The Way of Kings,9,2,chapter_6,Kaladin
Sadeas,Syl,The Way of Kings,9,2,chapter_6,Kaladin
Balat,Jasnah,The Way of Kings,10,1,chapter_7,Shallan
Balat,Kabsal,The Way of Kings,10,1,chapter_7,Shallan
Balat,Nan,The Way of Kings,10,1,chapter_7,Shallan
Balat,Shallan,The Way of Kings,10,1,chapter_7,Shallan
Jasnah,Kabsal,The Way of Kings,10,1,chapter_7,Shallan
Jasnah,Nan,The Way of Kings,10,1,chapter_7,Shallan
Jasnah,Shallan,The Way of Kings,10,1,chapter_7,Shallan
Kabsal,Nan,The Way of Kings,10,1,chapter_7,Shallan
Kabsal,Shallan,The Way of Kings,10,1,chapter_7,Shallan
Nan,Shallan,The Way of Kings,10,1,chapter_7,Shallan
Helaran,Jasnah,The Way of Kings,11,1,chapter_8,Shallan
Helaran,Kabsal,The Way of Kings,11,1,chapter_8,Shallan
Helaran,Shallan,The Way of Kings,11,1,chapter_8,Shallan
Jasnah,Kabsal,The Way of Kings,11,1,chapter_8,Shallan
Jasnah,Shallan,The Way of Kings,11,1,chapter_8,Shallan
Kabsal,Shallan,The Way of Kings,11,1,chapter_8,Shallan
Gaz,Kaladin,The Way of Kings,12,1,chapter_9,Kaladin
Gaz,Sadeas,The Way of Kings,12,1,chapter_9,Kaladin
Gaz,Syl,The Way of Kings,12,1,chapter_9,Kaladin
Kaladin,Sadeas,The Way of Kings,12,1,chapter_9,Kaladin
Kaladin,Syl,The Way of Kings,12,1,chapter_9,Kaladin
Sadeas,Syl,The Way of Kings,12,1,chapter_9,Kaladin
Cenn,Gaz,The Way of Kings,12,2,chapter_9,Kaladin
Cenn,Kaladin,The Way of Kings,12,2,chapter_9,Kaladin
Cenn,Sadeas,The Way of Kings,12,2,chapter_9,Kaladin
Cenn,Syl,The Way of Kings,12,2,chapter_9,Kaladin
Cenn,Tien,The Way of Kings,12,2,chapter_9,Kaladin
Gaz,Kaladin,The Way of Kings,12,2,chapter_9,Kaladin
Gaz,Sadeas,The Way of Kings,12,2,chapter_9,Kaladin
Gaz,Syl,The Way of Kings,12,2,chapter_9,Kaladin
Gaz,Tien,The Way of Kings,12,2,chapter_9,Kaladin
Kaladin,Sadeas,The Way of Kings,12,2,chapter_9,Kaladin
Kaladin,Syl,The Way of Kings,12,2,chapter_9,Kaladin
Kaladin,Tien,The Way of Kings,12,2,chapter_9,Kaladin
Sadeas,Syl,The Way of Kings,12,2,chapter_9,Kaladin
Sadeas,Tien,The Way of Kings,12,2,chapter_9,Kaladin
Syl,Tien,The Way of Kings,12,2,chapter_9,Kaladin
Kaladin,Sadeas,The Way of Kings,12,3,chapter_9,Kaladin
Kaladin,Tien,The Way of Kings,12,3,chapter_9,Kaladin
Sadeas,Tien,The Way of Kings,12,3,chapter_9,Kaladin
Amaram,Gavilar,The Way of Kings,13,1,chapter_10,Kaladin
Amaram,Hesina,The Way of Kings,13,1,chapter_10,Kaladin
Amaram,Kaladin,The Way of Kings,13,1,chapter_10,Kaladin
Amaram,Lirin,The Way of Kings,13,1,chapter_10,Kaladin
Amaram,Tien,The Way of Kings,13,1,chapter_10,Kaladin
Gavilar,Hesina,The Way of Kings,13,1,chapter_10,Kaladin
Gavilar,Kaladin,The Way of Kings,13,1,chapter_10,Kaladin
Gavilar,Lirin,The Way of Kings,13,1,chapter_10,Kaladin
Gavilar,Tien,The Way of Kings,13,1,chapter_10,Kaladin
Hesina,Kaladin,The Way of Kings,13,1,chapter_10,Kaladin
Hesina,Lirin,The Way of Kings,13,1,chapter_10,Kaladin
Hesina,Tien,The Way of Kings,13,1,chapter_10,Kaladin
Kaladin,Lirin,The Way of Kings,13,1,chapter_10,Kaladin
Kaladin,Tien,The Way of Kings,13,1,chapter_10,Kaladin
Lirin,Tien,The Way of Kings,13,1,chapter_10,Kaladin
Amaram,Gaz,The Way of Kings,14,1,chapter_11,Kaladin
Amaram,Kaladin,The Way of Kings,14,1,chapter_11,Kaladin
Amaram,Kalak,The Way of Kings,14,1,chapter_11,Kaladin
Amaram,Lirin,The Way of Kings,14,1,chapter_11,Kaladin
Amaram,Syl,The Way of Kings,14,1,chapter_11,Kaladin
Amaram,Teft,The Way of Kings,14,1,chapter_11,Kaladin
Amaram,Tien,The Way of Kings,14,1,chapter_11,Kaladin
Gaz,Kaladin,The Way of Kings,14,1,chapter_11,Kaladin
Gaz,Kalak,The Way of Kings,14,1,chapter_11,Kaladin
Gaz,Lirin,The Way of Kings,14,1,chapter_11,Kaladin
Gaz,Syl,The Way of Kings,14,1,chapter_11,Kaladin
Gaz,Teft,The Way of Kings,14,1,chapter_11,Kaladin
Gaz,Tien,The Way of Kings,14,1,chapter_11,Kaladin
Kaladin,Kalak,The Way of Kings,14,1,chapter_11,Kaladin
Kaladin,Lirin,The Way of Kings,14,1,chapter_11,Kaladin
Kaladin,Syl,The Way of Kings,14,1,chapter_11,Kaladin
Kaladin,Teft,The Way of Kings,14,1,chapter_11,Kaladin
Kaladin,Tien,The Way of Kings,14,1,chapter_11,Kaladin
Kalak,Lirin,The Way of Kings,14,1,chapter_11,Kaladin
Kalak,Syl,The Way of Kings,14,1,chapter_11,Kaladin
Kalak,Teft,The Way of Kings,14,1,chapter_11,Kaladin
Kalak,Tien,The Way of Kings,14,1,chapter_11,Kaladin
Lirin,Syl,The Way of Kings,14,1,chapter_11,Kaladin
Lirin,Teft,The Way of Kings,14,1,chapter_11,Kaladin
Lirin,Tien,The Way of Kings,14,1,chapter_11,Kaladin
Syl,Teft,The Way of Kings,14,1,chapter_11,Kaladin
Syl,Tien,The Way of Kings,14,1,chapter_11,Kaladin
Teft,Tien,The Way of Kings,14,1,chapter_11,Kaladin
Ishikk,Wit,The Way of Kings,15,1,interlude_1,Ishikk
Balat,Helaran,The Way of Kings,16,1,interlude_2,Nan Balat
Balat,Jasnah,The Way of Kings,16,1,interlude_2,Nan Balat
Balat,Jushu,The Way of Kings,16,1,interlude_2,Nan Balat
Balat,Nan,The Way of Kings,16,1,interlude_2,Nan Balat
Balat,Shallan,The Way of Kings,16,1,interlude_2,Nan Balat
Balat,Wikim,The Way of Kings,16,1,interlude_2,Nan Balat
Helaran,Jasnah,The Way of Kings,16,1,interlude_2,Nan Balat
Helaran,Jushu,The Way of Kings,16,1,interlude_2,Nan Balat
Helaran,Nan,The Way of Kings,16,1,interlude_2,Nan Balat
Helaran,Shallan,The Way of Kings,16,1,interlude_2,Nan Balat
Helaran,Wikim,The Way of Kings,16,1,interlude_2,Nan Balat
Jasnah,Jushu,The Way of Kings,16,1,interlude_2,Nan Balat
Jasnah,Nan,The Way of Kings,16,1,interlude_2,Nan Balat
Jasnah,Shallan,The Way of Kings,16,1,interlude_2,Nan Balat
Jasnah,Wikim,The Way of Kings,16,1,interlude_2,Nan Balat
Jushu,Nan,The Way of Kings,16,1,interlude_2,Nan Balat
Jushu,Shallan,The Way of Kings,16,1,interlude_2,Nan Balat
Jushu,Wikim,The Way of Kings,16,1,interlude_2,Nan Balat
Nan,Shallan,The Way of Kings,16,1,interlude_2,Nan Balat
Nan,Wikim,The Way of Kings,16,1,interlude_2,Nan Balat
Shallan,Wikim,The Way of Kings,16,1,interlude_2,Nan Balat
Gavilar,Kalak,The Way of Kings,17,1,interlude_3,Szeth
Gavilar,Szeth,The Way of Kings,17,1,interlude_3,Szeth
Kalak,Szeth,The Way of Kings,17,1,interlude_3,Szeth
Adolin,Dalinar,The Way of Kings,19,1,chapter_12,Dalinar
Adolin,Elhokar,The Way of Kings,19,1,chapter_12,Dalinar
Adolin,Renarin,The Way of Kings,19,1,chapter_12,Dalinar
Adolin,Sadeas,The Way of Kings,19,1,chapter_12,Dalinar
Adolin,Vamah,The Way of Kings,19,1,chapter_12,Dalinar
Dalinar,Elhokar,The Way of Kings,19,1,chapter_12,Dalinar
Dalinar,Renarin,The Way of Kings,19,1,chapter_12,Dalinar
Dalinar,Sadeas,The Way of Kings,19,1,chapter_12,Dalinar
Dalinar,Vamah,The Way of Kings,19,1,chapter_12,Dalinar
Elhokar,Renarin,The Way of Kings,19,1,chapter_12,Dalinar
Elhokar,Sadeas,The Way of Kings,19,1,chapter_12,Dalinar
Elhokar,Vamah,The Way of Kings,19,1,chapter_12,Dalinar
Renarin,Sadeas,The Way of Kings,19,1,chapter_12,Dalinar
Renarin,Vamah,The Way of Kings,19,1,chapter_12,Dalinar
Sadeas,Vamah,The Way of Kings,19,1,chapter_12,Dalinar
Adolin,Dalinar,The Way of Kings,19,2,chapter_12,Dalinar
Adolin,Elhokar,The Way of Kings,19,2,chapter_12,Dalinar
Adolin,Gavilar,The Way of Kings,19,2,chapter_12,Dalinar
Adolin,Rock,The Way of Kings,19,2,chapter_12,Dalinar
Adolin,Sadeas,The Way of Kings,19,2,chapter_12,Dalinar
Dalinar,Elhokar,The Way of Kings,19,2,chapter_12,Dalinar
Dalinar,Gavilar,The Way of Kings,19,2,chapter_12,Dalinar
Dalinar,Rock,The Way of Kings,19,2,chapter_12,Dalinar
Dalinar,Sadeas,The Way of Kings,19,2,chapter_12,Dalinar
Elhokar,Gavilar,The Way of Kings,19,2,chapter_12,Dalinar
Elhokar,Rock,The Way of Kings,19,2,chapter_12,Dalinar
Elhokar,Sadeas,The Way of Kings,19,2,chapter_12,Dalinar
Gavilar,Rock,The Way of Kings,19,2,chapter_12,Dalinar
Gavilar,Sadeas,The Way of Kings,19,2,chapter_12,Dalinar
Rock,Sadeas,The Way of Kings,19,2,chapter_12,Dalinar
Adolin,Bashin,The Way of Kings,19,3,chapter_12,Dalinar
Adolin,Dalinar,The Way of Kings,19,3,chapter_12,Dalinar
Adolin,Elhokar,The Way of Kings,19,3,chapter_12,Dalinar
Adolin,Gavilar,The Way of Kings,19,3,chapter_12,Dalinar
Adolin,Jasnah,The Way of Kings,19,3,chapter_12,Dalinar
Adolin,Navani,The Way of Kings,19,3,chapter_12,Dalinar
Adolin,Renarin,The Way of Kings,19,3,chapter_12,Dalinar
Adolin,Sadeas,The Way of Kings,19,3,chapter_12,Dalinar
Adolin,Vamah,The Way of Kings,19,3,chapter_12,Dalinar
Adolin,Wit,The Way of Kings,19,3,chapter_12,Dalinar
Bashin,Dalinar,The Way of Kings,19,3,chapter_12,Dalinar
Bashin,Elhokar,The Way of Kings,19,3,chapter_12,Dalinar
Bashin,Gavilar,The Way of Kings,19,3,chapter_12,Dalinar
Bashin,Jasnah,The Way of Kings,19,3,chapter_12,Dalinar
Bashin,Navani,The Way of Kings,19,3,chapter_12,Dalinar
Bashin,Renarin,The Way of Kings,19,3,chapter_12,Dalinar
Bashin,Sadeas,The Way of Kings,19,3,chapter_12,Dalinar
Bashin,Vamah,The Way of Kings,19,3,chapter_12,Dalinar
Bashin,Wit,The Way of Kings,19,3,chapter_12,Dalinar
Dalinar,Elhokar,The Way of Kings,19,3,chapter_12,Dalinar
Dalinar,Gavilar,The Way of Kings,19,3,chapter_12,Dalinar
Dalinar,Jasnah,The Way of Kings,19,3,chapter_12,Dalinar
Dalinar,Navani,The Way of Kings,19,3,chapter_12,Dalinar
Dalinar,Renarin,The Way of Kings,19,3,chapter_12,Dalinar
Dalinar,Sadeas,The Way of Kings,19,3,chapter_12,Dalinar
Dalinar,Vamah,The Way of Kings,19,3,chapter_12,Dalinar
Dalinar,Wit,The Way of Kings,19,3,chapter_12,Dalinar
Elhokar,Gavilar,The Way of Kings,19,3,chapter_12,Dalinar
Elhokar,Jasnah,The Way of Kings,19,3,chapter_12,Dalinar
Elhokar,Navani,The Way of Kings,19,3,chapter_12,Dalinar
Elhokar,Renarin,The Way of Kings,19,3,chapter_12,Dalinar
Elhokar,Sadeas,The Way of Kings,19,3,chapter_12,Dalinar
Elhokar,Vamah,The Way of Kings,19,3,chapter_12,Dalinar
Elhokar,Wit,The Way of Kings,19,3,chapter_12,Dalinar
Gavilar,Jasnah,The Way of Kings,19,3,chapter_12,Dalinar
Gavilar,Navani,The Way of Kings,19,3,chapter_12,Dalinar
Gavilar,Renarin,The Way of Kings,19,3,chapter_12,Dalinar
Gavilar,Sadeas,The Way of Kings,19,3,chapter_12,Dalinar
Gavilar,Vamah,The Way of Kings,19,3,chapter_12,Dalinar
Gavilar,Wit,The Way of Kings,19,3,chapter_12,Dalinar
Jasnah,Navani,The Way of Kings,19,3,chapter_12,Dalinar
Jasnah,Renarin,The Way of Kings,19,3,chapter_12,Dalinar
Jasnah,Sadeas,The Way of Kings,19,3,chapter_12,Dalinar
Jasnah,Vamah,The Way of Kings,19,3,chapter_12,Dalinar
Jasnah,Wit,The Way of Kings,19,3,chapter_12,Dalinar
Navani,Renarin,The Way of Kings,19,3,chapter_12,Dalinar
Navani,Sadeas,The Way of Kings,19,3,chapter_12,Dalinar
Navani,Vamah,The Way of Kings,19,3,chapter_12,Dalinar
Navani,Wit,The Way of Kings,19,3,chapter_12,Dalinar
Renarin,Sadeas,The Way of Kings,19,3,chapter_12,Dalinar
Renarin,Vamah,The Way of Kings,19,3,chapter_12,Dalinar
Renarin,Wit,The Way of Kings,19,3,chapter_12,Dalinar
Sadeas,Vamah,The Way of Kings,19,3,chapter_12,Dalinar
Sadeas,Wit,The Way of Kings,19,3,chapter_12,Dalinar
Vamah,Wit,The Way of Kings,19,3,chapter_12,Dalinar
Adolin,Dalinar,The Way of Kings,20,1,chapter_13,Dalinar/Adolin
Adolin,Elhokar,The Way of Kings,20,1,chapter_13,Dalinar/Adolin
Adolin,Gavilar,The Way of Kings,20,1,chapter_13,Dalinar/Adolin
Adolin,Renarin,The Way of Kings,20,1,chapter_13,Dalinar/Adolin
Adolin,Sadeas,The Way of Kings,20,1,chapter_13,Dalinar/Adolin
Dalinar,Elhokar,The Way of Kings,20,1,chapter_13,Dalinar/Adolin
Dalinar,Gavilar,The Way of Kings,20,1,chapter_13,Dalinar/Adolin
Dalinar,Renarin,The Way of Kings,20,1,chapter_13,Dalinar/Adolin
Dalinar,Sadeas,The Way of Kings,20,1,chapter_13,Dalinar/Adolin
Elhokar,Gavilar,The Way of Kings,20,1,chapter_13,Dalinar/Adolin
Elhokar,Renarin,The Way of Kings,20,1,chapter_13,Dalinar/Adolin
Elhokar,Sadeas,The Way of Kings,20,1,chapter_13,Dalinar/Adolin
Gavilar,Renarin,The Way of Kings,20,1,chapter_13,Dalinar/Adolin
Gavilar,Sadeas,The Way of Kings,20,1,chapter_13,Dalinar/Adolin
Renarin,Sadeas,The Way of Kings,20,1,chapter_13,Dalinar/Adolin
Adolin,Dalinar,The Way of Kings,20,2,chapter_13,Dalinar/Adolin
Adolin,Elhokar,The Way of Kings,20,2,chapter_13,Dalinar/Adolin
Adolin,Sadeas,The Way of Kings,20,2,chapter_13,Dalinar/Adolin
Dalinar,Elhokar,The Way of Kings,20,2,chapter_13,Dalinar/Adolin
Dalinar,Sadeas,The Way of Kings,20,2,chapter_13,Dalinar/Adolin
Elhokar,Sadeas,The Way of Kings,20,2,chapter_13,Dalinar/Adolin
Amaram,Gaz,The Way of Kings,21,1,chapter_14,Kaladin
Amaram,Kaladin,The Way of Kings,21,1,chapter_14,Kaladin
Amaram,Leyten,The Way of Kings,21,1,chapter_14,Kaladin
Amaram,Moash,The Way of Kings,21,1,chapter_14,Kaladin
Amaram,Rock,The Way of Kings,21,1,chapter_14,Kaladin
Amaram,Sigzil,The Way of Kings,21,1,chapter_14,Kaladin
Amaram,Syl,The Way of Kings,21,1,chapter_14,Kaladin
Amaram,Teft,The Way of Kings,21,1,chapter_14,Kaladin
Amaram,Tien,The Way of Kings,21,1,chapter_14,Kaladin
Gaz,Kaladin,The Way of Kings,21,1,chapter_14,Kaladin
Gaz,Leyten,The Way of Kings,21,1,chapter_14,Kaladin
Gaz,Moash,The Way of Kings,21,1,chapter_14,Kaladin
Gaz,Rock,The Way of Kings,21,1,chapter_14,Kaladin
Gaz,Sigzil,The Way of Kings,21,1,chapter_14,Kaladin
Gaz,Syl,The Way of Kings,21,1,chapter_14,Kaladin
Gaz,Teft,The Way of Kings,21,1,chapter_14,Kaladin
Gaz,Tien,The Way of Kings,21,1,chapter_14,Kaladin
Kaladin,Leyten,The Way of Kings,21,1,chapter_14,Kaladin
Kaladin,Moash,The Way of Kings,21,1,chapter_14,Kaladin
Kaladin,Rock,The Way of Kings,21,1,chapter_14,Kaladin
Kaladin,Sigzil,The Way of Kings,21,1,chapter_14,Kaladin
Kaladin,Syl,The Way of Kings,21,1,chapter_14,Kaladin
Kaladin,Teft,The Way of Kings,21,1,chapter_14,Kaladin
Kaladin,Tien,The Way of Kings,21,1,chapter_14,Kaladin
Leyten,Moash,The Way of Kings,21,1,chapter_14,Kaladin
Leyten,Rock,The Way of Kings,21,1,chapter_14,Kaladin
Leyten,Sigzil,The Way of Kings,21,1,chapter_14,Kaladin
Leyten,Syl,The Way of Kings,21,1,chapter_14,Kaladin
Leyten,Teft,The Way of Kings,21,1,chapter_14,Kaladin
Leyten,Tien,The Way of Kings,21,1,chapter_14,Kaladin
Moash,Rock,The Way of Kings,21,1,chapter_14,Kaladin
Moash,Sigzil,The Way of Kings,21,1,chapter_14,Kaladin
Moash,Syl,The Way of Kings,21,1,chapter_14,Kaladin
Moash,Teft,The Way of Kings,21,1,chapter_14,Kaladin
Moash,Tien,The Way of Kings,21,1,chapter_14,Kaladin
Rock,Sigzil,The Way of Kings,21,1,chapter_14,Kaladin
Rock,Syl,The Way of Kings,21,1,chapter_14,Kaladin
Rock,Teft,The Way of Kings,21,1,chapter_14,Kaladin
Rock,Tien,The Way of Kings,21,1,chapter_14,Kaladin
Sigzil,Syl,The Way of Kings,21,1,chapter_14,Kaladin
Sigzil,Teft,The Way of Kings,21,1,chapter_14,Kaladin
Sigzil,Tien,The Way of Kings,21,1,chapter_14,Kaladin
Syl,Teft,The Way of Kings,21,1,chapter_14,Kaladin
Syl,Tien,The Way of Kings,21,1,chapter_14,Kaladin
Teft,Tien,The Way of Kings,21,1,chapter_14,Kaladin
Adolin,Dalinar,The Way of Kings,22,1,chapter_15,Dalinar/Adolin
Adolin,Elhokar,The Way of Kings,22,1,chapter_15,Dalinar/Adolin
Adolin,Sadeas,The Way of Kings,22,1,chapter_15,Dalinar/Adolin
Dalinar,Elhokar,The Way of Kings,22,1,chapter_15,Dalinar/Adolin
Dalinar,Sadeas,The Way of Kings,22,1,chapter_15,Dalinar/Adolin
Elhokar,Sadeas,The Way of Kings,22,1,chapter_15,Dalinar/Adolin
Adolin,Dalinar,The Way of Kings,22,2,chapter_15,Dalinar/Adolin
Adolin,Elhokar,The Way of Kings,22,2,chapter_15,Dalinar/Adolin
Adolin,Gavilar,The Way of Kings,22,2,chapter_15,Dalinar/Adolin
Dalinar,Elhokar,The Way of Kings,22,2,chapter_15,Dalinar/Adolin
Dalinar,Gavilar,The Way of Kings,22,2,chapter_15,Dalinar/Adolin
Elhokar,Gavilar,The Way of Kings,22,2,chapter_15,Dalinar/Adolin
Adolin,Dalinar,The Way of Kings,22,3,chapter_15,Dalinar/Adolin
Adolin,Elhokar,The Way of Kings,22,3,chapter_15,Dalinar/Adolin
Adolin,Gavilar,The Way of Kings,22,3,chapter_15,Dalinar/Adolin
Adolin,Renarin,The Way of Kings,22,3,chapter_15,Dalinar/Adolin
Adolin,Sadeas,The Way of Kings,22,3,chapter_15,Dalinar/Adolin
Adolin,Vamah,The Way of Kings,22,3,chapter_15,Dalinar/Adolin
Adolin,Wit,The Way of Kings,22,3,chapter_15,Dalinar/Adolin
Dalinar,Elhokar,The Way of Kings,22,3,chapter_15,Dalinar/Adolin
Dalinar,Gavilar,The Way of Kings,22,3,chapter_15,Dalinar/Adolin
Dalinar,Renarin,The Way of Kings,22,3,chapter_15,Dalinar/Adolin
Dalinar,Sadeas,The Way of Kings,22,3,chapter_15,Dalinar/Adolin
Dalinar,Vamah,The Way of Kings,22,3,chapter_15,Dalinar/Adolin
Dalinar,Wit,The Way of Kings,22,3,chapter_15,Dalinar/Adolin
Elhokar,Gavilar,The Way of Kings,22,3,chapter_15,Dalinar/Adolin
Elhokar,Renarin,The Way of Kings,22,3,chapter_15,Dalinar/Adolin
Elhokar,Sadeas,The Way of Kings,22,3,chapter_15,Dalinar/Adolin
Elhokar,Vamah,The Way of Kings,22,3,chapter_15,Dalinar/Adolin
Elhokar,Wit,The Way of Kings,22,3,chapter_15,Dalinar/Adolin
Gavilar,Renarin,The Way of Kings,22,3,chapter_15,Dalinar/Adolin
Gavilar,Sadeas,The Way of Kings,22,3,chapter_15,Dalinar/Adolin
Gavilar,Vamah,The Way of Kings,22,3,chapter_15,Dalinar/Adolin
Gavilar,Wit,The Way of Kings,22,3,chapter_15,Dalinar/Adolin
Renarin,Sadeas,The Way of Kings,22,3,chapter_15,Dalinar/Adolin
Renarin,Vamah,The Way of Kings,22,3,chapter_15,Dalinar/Adolin
Renarin,Wit,The Way of Kings,22,3,chapter_15,Dalinar/Adolin
Sadeas,Vamah,The Way of Kings,22,3,chapter_15,Dalinar/Adolin
Sadeas,Wit,The Way of Kings,22,3,chapter_15,Dalinar/Adolin
Vamah,Wit,The Way of Kings,22,3,chapter_15,Dalinar/Adolin
Adolin,Bethab,The Way of Kings,22,4,chapter_15,Dalinar/Adolin
Adolin,Dalinar,The Way of Kings,22,4,chapter_15,Dalinar/Adolin
Adolin,Elhokar,The Way of Kings,22,4,chapter_15,Dalinar/Adolin
Adolin,Gavilar,The Way of Kings,22,4,chapter_15,Dalinar/Adolin
Adolin,Jasnah,The Way of Kings,22,4,chapter_15,Dalinar/Adolin
Adolin,Navani,The Way of Kings,22,4,chapter_15,Dalinar/Adolin
Adolin,Roion,The Way of Kings,22,4,chapter_15,Dalinar/Adolin
Adolin,Sadeas,The Way of Kings,22,4,chapter_15,Dalinar/Adolin
Adolin,Vamah,The Way of Kings,22,4,chapter_15,Dalinar/Adolin
Adolin,Wit,The Way of Kings,22,4,chapter_15,Dalinar/Adolin
Bethab,Dalinar,The Way of Kings,22,4,chapter_15,Dalinar/Adolin
Bethab,Elhokar,The Way of Kings,22,4,chapter_15,Dalinar/Adolin
Bethab,Gavilar,The Way of Kings,22,4,chapter_15,Dalinar/Adolin
Bethab,Jasnah,The Way of Kings,22,4,chapter_15,Dalinar/Adolin
Bethab,Navani,The Way of Kings,22,4,chapter_15,Dalinar/Adolin
Bethab,Roion,The Way of Kings,22,4,chapter_15,Dalinar/Adolin
Bethab,Sadeas,The Way of Kings,22,4,chapter_15,Dalinar/Adolin
Bethab,Vamah,The Way of Kings,22,4,chapter_15,Dalinar/Adolin
Bethab,Wit,The Way of Kings,22,4,chapter_15,Dalinar/Adolin
Dalinar,Elhokar,The Way of Kings,22,4,chapter_15,Dalinar/Adolin
Dalinar,Gavilar,The Way of Kings,22,4,chapter_15,Dalinar/Adolin
Dalinar,Jasnah,The Way of Kings,22,4,chapter_15,Dalinar/Adolin
Dalinar,Navani,The Way of Kings,22,4,chapter_15,Dalinar/Adolin
Dalinar,Roion,The Way of Kings,22,4,chapter_15,Dalinar/Adolin
Dalinar,Sadeas,The Way of Kings,22,4,chapter_15,Dalinar/Adolin
Dalinar,Vamah,The Way of Kings,22,4,chapter_15,Dalinar/Adolin
Dalinar,Wit,The Way of Kings,22,4,chapter_15,Dalinar/Adolin
Elhokar,Gavilar,The Way of Kings,22,4,chapter_15,Dalinar/Adolin
Elhokar,Jasnah,The Way of Kings,22,4,chapter_15,Dalinar/Adolin
Elhokar,Navani,The Way of Kings,22,4,chapter_15,Dalinar/Adolin
Elhokar,Roion,The Way of Kings,22,4,chapter_15,Dalinar/Adolin
Elhokar,Sadeas,The Way of Kings,22,4,chapter_15,Dalinar/Adolin
Elhokar,Vamah,The Way of Kings,22,4,chapter_15,Dalinar/Adolin
Elhokar,Wit,The Way of Kings,22,4,chapter_15,Dalinar/Adolin
Gavilar,Jasnah,The Way of Kings,22,4,chapter_15,Dalinar/Adolin
Gavilar,Navani,The Way of Kings,22,4,chapter_15,Dalinar/Adolin
Gavilar,Roion,The Way of Kings,22,4,chapter_15,Dalinar/Adolin
Gavilar,Sadeas,The Way of Kings,22,4,chapter_15,Dalinar/Adolin
Gavilar,Vamah,The Way of Kings,22,4,chapter_15,Dalinar/Adolin
Gavilar,Wit,The Way of Kings,22,4,chapter_15,Dalinar/Adolin
Jasnah,Navani,The Way of Kings,22,4,chapter_15,Dalinar/Adolin
Jasnah,Roion,The Way of Kings,22,4,chapter_15,Dalinar/Adolin
Jasnah,Sadeas,The Way of Kings,22,4,chapter_15,Dalinar/Adolin
Jasnah,Vamah,The Way of Kings,22,4,chapter_15,Dalinar/Adolin
Jasnah,Wit,The Way of Kings,22,4,chapter_15,Dalinar/Adolin
Navani,Roion,The Way of Kings,22,4,chapter_15,Dalinar/Adolin
Navani,Sadeas,The Way of Kings,22,4,chapter_15,Dalinar/Adolin
Navani,Vamah,The Way of Kings,22,4,chapter_15,Dalinar/Adolin
Navani,Wit,The Way of Kings,22,4,chapter_15,Dalinar/Adolin
Roion,Sadeas,The Way of Kings,22,4,chapter_15,Dalinar/Adolin
Roion,Vamah,The Way of Kings,22,4,chapter_15,Dalinar/Adolin
Roion,Wit,The Way of Kings,22,4,chapter_15,Dalinar/Adolin
Sadeas,Vamah,The Way of Kings,22,4,chapter_15,Dalinar/Adolin
Sadeas,Wit,The Way of Kings,22,4,chapter_15,Dalinar/Adolin
Vamah,Wit,The Way of Kings,22,4,chapter_15,Dalinar/Adolin
Adolin,Dalinar,The Way of Kings,22,5,chapter_15,Dalinar/Adolin
Adolin,Elhokar,The Way of Kings,22,5,chapter_15,Dalinar/Adolin
Adolin,Gavilar,The Way of Kings,22,5,chapter_15,Dalinar/Adolin
Adolin,Sadeas,The Way of Kings,22,5,chapter_15,Dalinar/Adolin
Adolin,Wit,The Way of Kings,22,5,chapter_15,Dalinar/Adolin
Dalinar,Elhokar,The Way of Kings,22,5,chapter_15,Dalinar/Adolin
Dalinar,Gavilar,The Way of Kings,22,5,chapter_15,Dalinar/Adolin
Dalinar,Sadeas,The Way of Kings,22,5,chapter_15,Dalinar/Adolin
Dalinar,Wit,The Way of Kings,22,5,chapter_15,Dalinar/Adolin
Elhokar,Gavilar,The Way of Kings,22,5,chapter_15,Dalinar/Adolin
Elhokar,Sadeas,The Way of Kings,22,5,chapter_15,Dalinar/Adolin
Elhokar,Wit,The Way of Kings,22,5,chapter_15,Dalinar/Adolin
Gavilar,Sadeas,The Way of Kings,22,5,chapter_15,Dalinar/Adolin
Gavilar,Wit,The Way of Kings,22,5,chapter_15,Dalinar/Adolin
Sadeas,Wit,The Way of Kings,22,5,chapter_15,Dalinar/Adolin
Amaram,Dalinar,The Way of Kings,23,1,chapter_16,Kaladin
Amaram,Gavilar,The Way of Kings,23,1,chapter_16,Kaladin
Amaram,Kaladin,The Way of Kings,23,1,chapter_16,Kaladin
Amaram,Laral,The Way of Kings,23,1,chapter_16,Kaladin
Amaram,Lirin,The Way of Kings,23,1,chapter_16,Kaladin
Amaram,Sadeas,The Way of Kings,23,1,chapter_16,Kaladin
Amaram,Tien,The Way of Kings,23,1,chapter_16,Kaladin
Dalinar,Gavilar,The Way of Kings,23,1,chapter_16,Kaladin
Dalinar,Kaladin,The Way of Kings,23,1,chapter_16,Kaladin
Dalinar,Laral,The Way of Kings,23,1,chapter_16,Kaladin
Dalinar,Lirin,The Way of Kings,23,1,chapter_16,Kaladin
Dalinar,Sadeas,The Way of Kings,23,1,chapter_16,Kaladin
Dalinar,Tien,The Way of Kings,23,1,chapter_16,Kaladin
Gavilar,Kaladin,The Way of Kings,23,1,chapter_16,Kaladin
Gavilar,Laral,The Way of Kings,23,1,chapter_16,Kaladin
Gavilar,Lirin,The Way of Kings,23,1,chapter_16,Kaladin
Gavilar,Sadeas,The Way of Kings,23,1,chapter_16,Kaladin
Gavilar,Tien,The Way of Kings,23,1,chapter_16,Kaladin
Kaladin,Laral,The Way of Kings,23,1,chapter_16,Kaladin
Kaladin,Lirin,The Way of Kings,23,1,chapter_16,Kaladin
Kaladin,Sadeas,The Way of Kings,23,1,chapter_16,Kaladin
Kaladin,Tien,The Way of Kings,23,1,chapter_16,Kaladin
Laral,Lirin,The Way of Kings,23,1,chapter_16,Kaladin
Laral,Sadeas,The Way of Kings,23,1,chapter_16,Kaladin
Laral,Tien,The Way of Kings,23,1,chapter_16,Kaladin
Lirin,Sadeas,The Way of Kings,23,1,chapter_16,Kaladin
Lirin,Tien,The Way of Kings,23,1,chapter_16,Kaladin
Sadeas,Tien,The Way of Kings,23,1,chapter_16,Kaladin
Amaram,Dabbid,The Way of Kings,24,1,chapter_17,Kaladin
Amaram,Drehy,The Way of Kings,24,1,chapter_17,Kaladin
Amaram,Gaz,The Way of Kings,24,1,chapter_17,Kaladin
Amaram,Hobber,The Way of Kings,24,1,chapter_17,Kaladin
Amaram,Kaladin,The Way of Kings,24,1,chapter_17,Kaladin
Amaram,Leyten,The Way of Kings,24,1,chapter_17,Kaladin
Amaram,Lift,The Way of Kings,24,1,chapter_17,Kaladin
Amaram,Lirin,The Way of Kings,24,1,chapter_17,Kaladin
Amaram,Moash,The Way of Kings,24,1,chapter_17,Kaladin
Amaram,Murk,The Way of Kings,24,1,chapter_17,Kaladin
Amaram,Rock,The Way of Kings,24,1,chapter_17,Kaladin
Amaram,Sadeas,The Way of Kings,24,1,chapter_17,Kaladin
Amaram,Syl,The Way of Kings,24,1,chapter_17,Kaladin
Amaram,Teft,The Way of Kings,24,1,chapter_17,Kaladin
Amaram,Tien,The Way of Kings,24,1,chapter_17,Kaladin
Amaram,Yake,The Way of Kings,24,1,chapter_17,Kaladin
Dabbid,Drehy,The Way of Kings,24,1,chapter_17,Kaladin
Dabbid,Gaz,The Way of Kings,24,1,chapter_17,Kaladin
Dabbid,Hobber,The Way of Kings,24,1,chapter_17,Kaladin
Dabbid,Kaladin,The Way of Kings,24,1,chapter_17,Kaladin
Dabbid,Leyten,The Way of Kings,24,1,chapter_17,Kaladin
Dabbid,Lift,The Way of Kings,24,1,chapter_17,Kaladin
Dabbid,Lirin,The Way of Kings,24,1,chapter_17,Kaladin
Dabbid,Moash,The Way of Kings,24,1,chapter_17,Kaladin
Dabbid,Murk,The Way of Kings,24,1,chapter_17,Kaladin
Dabbid,Rock,The Way of Kings,24,1,chapter_17,Kaladin
Dabbid,Sadeas,The Way of Kings,24,1,chapter_17,Kaladin
Dabbid,Syl,The Way of Kings,24,1,chapter_17,Kaladin
Dabbid,Teft,The Way of Kings,24,1,chapter_17,Kaladin
Dabbid,Tien,The Way of Kings,24,1,chapter_17,Kaladin
Dabbid,Yake,The Way of Kings,24,1,chapter_17,Kaladin
Drehy,Gaz,The Way of Kings,24,1,chapter_17,Kaladin
Drehy,Hobber,The Way of Kings,24,1,chapter_17,Kaladin
Drehy,Kaladin,The Way of Kings,24,1,chapter_17,Kaladin
Drehy,Leyten,The Way of Kings,24,1,chapter_17,Kaladin
Drehy,Lift,The Way of Kings,24,1,chapter_17,Kaladin
Drehy,Lirin,The Way of Kings,24,1,chapter_17,Kaladin
Drehy,Moash,The Way of Kings,24,1,chapter_17,Kaladin
Drehy,Murk,The Way of Kings,24,1,chapter_17,Kaladin
Drehy,Rock,The Way of Kings,24,1,chapter_17,Kaladin
Drehy,Sadeas,The Way of Kings,24,1,chapter_17,Kaladin
Drehy,Syl,The Way of Kings,24,1,chapter_17,Kaladin
Drehy,Teft,The Way of Kings,24,1,chapter_17,Kaladin
Drehy,Tien,The Way of Kings,24,1,chapter_17,Kaladin
Drehy,Yake,The Way of Kings,24,1,chapter_17,Kaladin
Gaz,Hobber,The Way of Kings,24,1,chapter_17,Kaladin
Gaz,Kaladin,The Way of Kings,24,1,chapter_17,Kaladin
Gaz,Leyten,The Way of Kings,24,1,chapter_17,Kaladin
Gaz,Lift,The Way of Kings,24,1,chapter_17,Kaladin
Gaz,Lirin,The Way of Kings,24,1,chapter_17,Kaladin
Gaz,Moash,The Way of Kings,24,1,chapter_17,Kaladin
Gaz,Murk,The Way of Kings,24,1,chapter_17,Kaladin
Gaz,Rock,The Way of Kings,24,1,chapter_17,Kaladin
Gaz,Sadeas,The Way of Kings,24,1,chapter_17,Kaladin
Gaz,Syl,The Way of Kings,24,1,chapter_17,Kaladin
Gaz,Teft,The Way of Kings,24,1,chapter_17,Kaladin
Gaz,Tien,The Way of Kings,24,1,chapter_17,Kaladin
Gaz,Yake,The Way of Kings,24,1,chapter_17,Kaladin
Hobber,Kaladin,The Way of Kings,24,1,chapter_17,Kaladin
Hobber,Leyten,The Way of Kings,24,1,chapter_17,Kaladin
Hobber,Lift,The Way of Kings,24,1,chapter_17,Kaladin
Hobber,Lirin,The Way of Kings,24,1,chapter_17,Kaladin
Hobber,Moash,The Way of Kings,24,1,chapter_17,Kaladin
Hobber,Murk,The Way of Kings,24,1,chapter_17,Kaladin
Hobber,Rock,The Way of Kings,24,1,chapter_17,Kaladin
Hobber,Sadeas,The Way of Kings,24,1,chapter_17,Kaladin
Hobber,Syl,The Way of Kings,24,1,chapter_17,Kaladin
Hobber,Teft,The Way of Kings,24,1,chapter_17,Kaladin
Hobber,Tien,The Way of Kings,24,1,chapter_17,Kaladin
Hobber,Yake,The Way of Kings,24,1,chapter_17,Kaladin
Kaladin,Leyten,The Way of Kings,24,1,chapter_17,Kaladin
Kaladin,Lift,The Way of Kings,24,1,chapter_17,Kaladin
Kaladin,Lirin,The Way of Kings,24,1,chapter_17,Kaladin
Kaladin,Moash,The Way of Kings,24,1,chapter_17,Kaladin
Kaladin,Murk,The Way of Kings,24,1,chapter_17,Kaladin
Kaladin,Rock,The Way of Kings,24,1,chapter_17,Kaladin
Kaladin,Sadeas,The Way of Kings,24,1,chapter_17,Kaladin
Kaladin,Syl,The Way of Kings,24,1,chapter_17,Kaladin
Kaladin,Teft,The Way of Kings,24,1,chapter_17,Kaladin
Kaladin,Tien,The Way of Kings,24,1,chapter_17,Kaladin
Kaladin,Yake,The Way of Kings,24,1,chapter_17,Kaladin
Leyten,Lift,The Way of Kings,24,1,chapter_17,Kaladin
Leyten,Lirin,The Way of Kings,24,1,chapter_17,Kaladin
Leyten,Moash,The Way of Kings,24,1,chapter_17,Kaladin
Leyten,Murk,The Way of Kings,24,1,chapter_17,Kaladin
Leyten,Rock,The Way of Kings,24,1,chapter_17,Kaladin
Leyten,Sadeas,The Way of Kings,24,1,chapter_17,Kaladin
Leyten,Syl,The Way of Kings,24,1,chapter_17,Kaladin
Leyten,Teft,The Way of Kings,24,1,chapter_17,Kaladin
Leyten,Tien,The Way of Kings,24,1,chapter_17,Kaladin
Leyten,Yake,The Way of Kings,24,1,chapter_17,Kaladin
Lift,Lirin,The Way of Kings,24,1,chapter_17,Kaladin
Lift,Moash,The Way of Kings,24,1,chapter_17,Kaladin
Lift,Murk,The Way of Kings,24,1,chapter_17,Kaladin
Lift,Rock,The Way of Kings,24,1,chapter_17,Kaladin
Lift,Sadeas,The Way of Kings,24,1,chapter_17,Kaladin
Lift,Syl,The Way of Kings,24,1,chapter_17,Kaladin
Lift,Teft,The Way of Kings,24,1,chapter_17,Kaladin
Lift,Tien,The Way of Kings,24,1,chapter_17,Kaladin
Lift,Yake,The Way of Kings,24,1,chapter_17,Kaladin
Lirin,Moash,The Way of Kings,24,1,chapter_17,Kaladin
Lirin,Murk,The Way of Kings,24,1,chapter_17,Kaladin
Lirin,Rock,The Way of Kings,24,1,chapter_17,Kaladin
Lirin,Sadeas,The Way of Kings,24,1,chapter_17,Kaladin
Lirin,Syl,The Way of Kings,24,1,chapter_17,Kaladin
Lirin,Teft,The Way of Kings,24,1,chapter_17,Kaladin
Lirin,Tien,The Way of Kings,24,1,chapter_17,Kaladin
Lirin,Yake,The Way of Kings,24,1,chapter_17,Kaladin
Moash,Murk,The Way of Kings,24,1,chapter_17,Kaladin
Moash,Rock,The Way of Kings,24,1,chapter_17,Kaladin
Moash,Sadeas,The Way of Kings,24,1,chapter_17,Kaladin
Moash,Syl,The Way of Kings,24,1,chapter_17,Kaladin
Moash,Teft,The Way of Kings,24,1,chapter_17,Kaladin
Moash,Tien,The Way of Kings,24,1,chapter_17,Kaladin
Moash,Yake,The Way of Kings,24,1,chapter_17,Kaladin
Murk,Rock,The Way of Kings,24,1,chapter_17,Kaladin
Murk,Sadeas,The Way of Kings,24,1,chapter_17,Kaladin
Murk,Syl,The Way of Kings,24,1,chapter_17,Kaladin
Murk,Teft,The Way of Kings,24,1,chapter_17,Kaladin
Murk,Tien,The Way of Kings,24,1,chapter_17,Kaladin
Murk,Yake,The Way of Kings,24,1,chapter_17,Kaladin
Rock,Sadeas,The Way of Kings,24,1,chapter_17,Kaladin
Rock,Syl,The Way of Kings,24,1,chapter_17,Kaladin
Rock,Teft,The Way of Kings,24,1,chapter_17,Kaladin
Rock,Tien,The Way of Kings,24,1,chapter_17,Kaladin
Rock,Yake,The Way of Kings,24,1,chapter_17,Kaladin
Sadeas,Syl,The Way of Kings,24,1,chapter_17,Kaladin
Sadeas,Teft,The Way of Kings,24,1,chapter_17,Kaladin
Sadeas,Tien,The Way of Kings,24,1,chapter_17,Kaladin
Sadeas,Yake,The Way of Kings,24,1,chapter_17,Kaladin
Syl,Teft,The Way of Kings,24,1,chapter_17,Kaladin
Syl,Tien,The Way of Kings,24,1,chapter_17,Kaladin
Syl,Yake,The Way of Kings,24,1,chapter_17,Kaladin
Teft,Tien,The Way of Kings,24,1,chapter_17,Kaladin
Teft,Yake,The Way of Kings,24,1,chapter_17,Kaladin
Tien,Yake,The Way of Kings,24,1,chapter_17,Kaladin
Adolin,Dalinar,The Way of Kings,25,1,chapter_18,Dalinar
Adolin,Elhokar,The Way of Kings,25,1,chapter_18,Dalinar
Adolin,Sadeas,The Way of Kings,25,1,chapter_18,Dalinar
Dalinar,Elhokar,The Way of Kings,25,1,chapter_18,Dalinar
Dalinar,Sadeas,The Way of Kings,25,1,chapter_18,Dalinar
Elhokar,Sadeas,The Way of Kings,25,1,chapter_18,Dalinar
Adolin,Aladar,The Way of Kings,25,2,chapter_18,Dalinar
Adolin,Dalinar,The Way of Kings,25,2,chapter_18,Dalinar
Adolin,Elhokar,The Way of Kings,25,2,chapter_18,Dalinar
Adolin,Gavilar,The Way of Kings,25,2,chapter_18,Dalinar
Adolin,Hatham,The Way of Kings,25,2,chapter_18,Dalinar
Adolin,Jasnah,The Way of Kings,25,2,chapter_18,Dalinar
Adolin,Renarin,The Way of Kings,25,2,chapter_18,Dalinar
Adolin,Sadeas,The Way of Kings,25,2,chapter_18,Dalinar
Adolin,Thanadal,The Way of Kings,25,2,chapter_18,Dalinar
Adolin,Vamah,The Way of Kings,25,2,chapter_18,Dalinar
Adolin,Wit,The Way of Kings,25,2,chapter_18,Dalinar
Aladar,Dalinar,The Way of Kings,25,2,chapter_18,Dalinar
Aladar,Elhokar,The Way of Kings,25,2,chapter_18,Dalinar
Aladar,Gavilar,The Way of Kings,25,2,chapter_18,Dalinar
Aladar,Hatham,The Way of Kings,25,2,chapter_18,Dalinar
Aladar,Jasnah,The Way of Kings,25,2,chapter_18,Dalinar
Aladar,Renarin,The Way of Kings,25,2,chapter_18,Dalinar
Aladar,Sadeas,The Way of Kings,25,2,chapter_18,Dalinar
Aladar,Thanadal,The Way of Kings,25,2,chapter_18,Dalinar
Aladar,Vamah,The Way of Kings,25,2,chapter_18,Dalinar
Aladar,Wit,The Way of Kings,25,2,chapter_18,Dalinar
Dalinar,Elhokar,The Way of Kings,25,2,chapter_18,Dalinar
Dalinar,Gavilar,The Way of Kings,25,2,chapter_18,Dalinar
Dalinar,Hatham,The Way of Kings,25,2,chapter_18,Dalinar
Dalinar,Jasnah,The Way of Kings,25,2,chapter_18,Dalinar
Dalinar,Renarin,The Way of Kings,25,2,chapter_18,Dalinar
Dalinar,Sadeas,The Way of Kings,25,2,chapter_18,Dalinar
Dalinar,Thanadal,The Way of Kings,25,2,chapter_18,Dalinar
Dalinar,Vamah,The Way of Kings,25,2,chapter_18,Dalinar
Dalinar,Wit,The Way of Kings,25,2,chapter_18,Dalinar
Elhokar,Gavilar,The Way of Kings,25,2,chapter_18,Dalinar
Elhokar,Hatham,The Way of Kings,25,2,chapter_18,Dalinar
Elhokar,Jasnah,The Way of Kings,25,2,chapter_18,Dalinar
Elhokar,Renarin,The Way of Kings,25,2,chapter_18,Dalinar
Elhokar,Sadeas,The Way of Kings,25,2,chapter_18,Dalinar
Elhokar,Thanadal,The Way of Kings,25,2,chapter_18,Dalinar
Elhokar,Vamah,The Way of Kings,25,2,chapter_18,Dalinar
Elhokar,Wit,The Way of Kings,25,2,chapter_18,Dalinar
Gavilar,Hatham,The Way of Kings,25,2,chapter_18,Dalinar
Gavilar,Jasnah,The Way of Kings,25,2,chapter_18,Dalinar
Gavilar,Renarin,The Way of Kings,25,2,chapter_18,Dalinar
Gavilar,Sadeas,The Way of Kings,25,2,chapter_18,Dalinar
Gavilar,Thanadal,The Way of Kings,25,2,chapter_18,Dalinar
Gavilar,Vamah,The Way of Kings,25,2,chapter_18,Dalinar
Gavilar,Wit,The Way of Kings,25,2,chapter_18,Dalinar
Hatham,Jasnah,The Way of Kings,25,2,chapter_18,Dalinar
Hatham,Renarin,The Way of Kings,25,2,chapter_18,Dalinar
Hatham,Sadeas,The Way of Kings,25,2,chapter_18,Dalinar
Hatham,Thanadal,The Way of Kings,25,2,chapter_18,Dalinar
Hatham,Vamah,The Way of Kings,25,2,chapter_18,Dalinar
Hatham,Wit,The Way of Kings,25,2,chapter_18,Dalinar
Jasnah,Renarin,The Way of Kings,25,2,chapter_18,Dalinar
Jasnah,Sadeas,The Way of Kings,25,2,chapter_18,Dalinar
Jasnah,Thanadal,The Way of Kings,25,2,chapter_18,Dalinar
Jasnah,Vamah,The Way of Kings,25,2,chapter_18,Dalinar
Jasnah,Wit,The Way of Kings,25,2,chapter_18,Dalinar
Renarin,Sadeas,The Way of Kings,25,2,chapter_18,Dalinar
Renarin,Thanadal,The Way of Kings,25,2,chapter_18,Dalinar
Renarin,Vamah,The Way of Kings,25,2,chapter_18,Dalinar
Renarin,Wit,The Way of Kings,25,2,chapter_18,Dalinar
Sadeas,Thanadal,The Way of Kings,25,2,chapter_18,Dalinar
Sadeas,Vamah,The Way of Kings,25,2,chapter_18,Dalinar
Sadeas,Wit,The Way of Kings,25,2,chapter_18,Dalinar
Thanadal,Vamah,The Way of Kings,25,2,chapter_18,Dalinar
Thanadal,Wit,The Way of Kings,25,2,chapter_18,Dalinar
Vamah,Wit,The Way of Kings,25,2,chapter_18,Dalinar
Adolin,Dalinar,The Way of Kings,25,3,chapter_18,Dalinar
Adolin,Renarin,The Way of Kings,25,3,chapter_18,Dalinar
Dalinar,Renarin,The Way of Kings,25,3,chapter_18,Dalinar
Adolin,Aladar,The Way of Kings,25,4,chapter_18,Dalinar
Adolin,Dalinar,The Way of Kings,25,4,chapter_18,Dalinar
Adolin,Elhokar,The Way of Kings,25,4,chapter_18,Dalinar
Adolin,Gavilar,The Way of Kings,25,4,chapter_18,Dalinar
Adolin,Renarin,The Way of Kings,25,4,chapter_18,Dalinar
Adolin,Ruthar,The Way of Kings,25,4,chapter_18,Dalinar
Adolin,Sadeas,The Way of Kings,25,4,chapter_18,Dalinar
Aladar,Dalinar,The Way of Kings,25,4,chapter_18,Dalinar
Aladar,Elhokar,The Way of Kings,25,4,chapter_18,Dalinar
Aladar,Gavilar,The Way of Kings,25,4,chapter_18,Dalinar
Aladar,Renarin,The Way of Kings,25,4,chapter_18,Dalinar
Aladar,Ruthar,The Way of Kings,25,4,chapter_18,Dalinar
Aladar,Sadeas,The Way of Kings,25,4,chapter_18,Dalinar
Dalinar,Elhokar,The Way of Kings,25,4,chapter_18,Dalinar
Dalinar,Gavilar,The Way of Kings,25,4,chapter_18,Dalinar
Dalinar,Renarin,The Way of Kings,25,4,chapter_18,Dalinar
Dalinar,Ruthar,The Way of Kings,25,4,chapter_18,Dalinar
Dalinar,Sadeas,The Way of Kings,25,4,chapter_18,Dalinar
Elhokar,Gavilar,The Way of Kings,25,4,chapter_18,Dalinar
Elhokar,Renarin,The Way of Kings,25,4,chapter_18,Dalinar
Elhokar,Ruthar,The Way of Kings,25,4,chapter_18,Dalinar
Elhokar,Sadeas,The Way of Kings,25,4,chapter_18,Dalinar
Gavilar,Renarin,The Way of Kings,25,4,chapter_18,Dalinar
Gavilar,Ruthar,The Way of Kings,25,4,chapter_18,Dalinar
Gavilar,Sadeas,The Way of Kings,25,4,chapter_18,Dalinar
Renarin,Ruthar,The Way of Kings,25,4,chapter_18,Dalinar
Renarin,Sadeas,The Way of Kings,25,4,chapter_18,Dalinar
Ruthar,Sadeas,The Way of Kings,25,4,chapter_18,Dalinar
Adolin,Battar,The Way of Kings,26,1,chapter_19,Dalinar
Adolin,Dalinar,The Way of Kings,26,1,chapter_19,Dalinar
Adolin,Elhokar,The Way of Kings,26,1,chapter_19,Dalinar
Adolin,Renarin,The Way of Kings,26,1,chapter_19,Dalinar
Adolin,Sadeas,The Way of Kings,26,1,chapter_19,Dalinar
Battar,Dalinar,The Way of Kings,26,1,chapter_19,Dalinar
Battar,Elhokar,The Way of Kings,26,1,chapter_19,Dalinar
Battar,Renarin,The Way of Kings,26,1,chapter_19,Dalinar
Battar,Sadeas,The Way of Kings,26,1,chapter_19,Dalinar
Dalinar,Elhokar,The Way of Kings,26,1,chapter_19,Dalinar
Dalinar,Renarin,The Way of Kings,26,1,chapter_19,Dalinar
Dalinar,Sadeas,The Way of Kings,26,1,chapter_19,Dalinar
Elhokar,Renarin,The Way of Kings,26,1,chapter_19,Dalinar
Elhokar,Sadeas,The Way of Kings,26,1,chapter_19,Dalinar
Renarin,Sadeas,The Way of Kings,26,1,chapter_19,Dalinar
Kaladin,Laral,The Way of Kings,27,1,chapter_20,Kaladin
Kaladin,Lirin,The Way of Kings,27,2,chapter_20,Kaladin
Amaram,Dabbid,The Way of Kings,28,1,chapter_21,Kaladin
Amaram,Dalinar,The Way of Kings,28,1,chapter_21,Kaladin
Amaram,Gaz,The Way of Kings,28,1,chapter_21,Kaladin
Amaram,Hobber,The Way of Kings,28,1,chapter_21,Kaladin
Amaram,Kaladin,The Way of Kings,28,1,chapter_21,Kaladin
Amaram,Leyten,The Way of Kings,28,1,chapter_21,Kaladin
Amaram,Lirin,The Way of Kings,28,1,chapter_21,Kaladin
Amaram,Moash,The Way of Kings,28,1,chapter_21,Kaladin
Amaram,Rock,The Way of Kings,28,1,chapter_21,Kaladin
Amaram,Sadeas,The Way of Kings,28,1,chapter_21,Kaladin
Amaram,Sigzil,The Way of Kings,28,1,chapter_21,Kaladin
Amaram,Syl,The Way of Kings,28,1,chapter_21,Kaladin
Amaram,Teft,The Way of Kings,28,1,chapter_21,Kaladin
Dabbid,Dalinar,The Way of Kings,28,1,chapter_21,Kaladin
Dabbid,Gaz,The Way of Kings,28,1,chapter_21,Kaladin
Dabbid,Hobber,The Way of Kings,28,1,chapter_21,Kaladin
Dabbid,Kaladin,The Way of Kings,28,1,chapter_21,Kaladin
Dabbid,Leyten,The Way of Kings,28,1,chapter_21,Kaladin
Dabbid,Lirin,The Way of Kings,28,1,chapter_21,Kaladin
Dabbid,Moash,The Way of Kings,28,1,chapter_21,Kaladin
Dabbid,Rock,The Way of Kings,28,1,chapter_21,Kaladin
Dabbid,Sadeas,The Way of Kings,28,1,chapter_21,Kaladin
Dabbid,Sigzil,The Way of Kings,28,1,chapter_21,Kaladin
Dabbid,Syl,The Way of Kings,28,1,chapter_21,Kaladin
Dabbid,Teft,The Way of Kings,28,1,chapter_21,Kaladin
Dalinar,Gaz,The Way of Kings,28,1,chapter_21,Kaladin
Dalinar,Hobber,The Way of Kings,28,1,chapter_21,Kaladin
Dalinar,Kaladin,The Way of Kings,28,1,chapter_21,Kaladin
Dalinar,Leyten,The Way of Kings,28,1,chapter_21,Kaladin
Dalinar,Lirin,The Way of Kings,28,1,chapter_21,Kaladin
Dalinar,Moash,The Way of Kings,28,1,chapter_21,Kaladin
Dalinar,Rock,The Way of Kings,28,1,chapter_21,Kaladin
Dalinar,Sadeas,The Way of Kings,28,1,chapter_21,Kaladin
Dalinar,Sigzil,The Way of Kings,28,1,chapter_21,Kaladin
Dalinar,Syl,The Way of Kings,28,1,chapter_21,Kaladin
Dalinar,Teft,The Way of Kings,28,1,chapter_21,Kaladin
Gaz,Hobber,The Way of Kings,28,1,chapter_21,Kaladin
Gaz,Kaladin,The Way of Kings,28,1,chapter_21,Kaladin
Gaz,Leyten,The Way of Kings,28,1,chapter_21,Kaladin
Gaz,Lirin,The Way of Kings,28,1,chapter_21,Kaladin
Gaz,Moash,The Way of Kings,28,1,chapter_21,Kaladin
Gaz,Rock,The Way of Kings,28,1,chapter_21,Kaladin
Gaz,Sadeas,The Way of Kings,28,1,chapter_21,Kaladin
Gaz,Sigzil,The Way of Kings,28,1,chapter_21,Kaladin
Gaz,Syl,The Way of Kings,28,1,chapter_21,Kaladin
Gaz,Teft,The Way of Kings,28,1,chapter_21,Kaladin
Hobber,Kaladin,The Way of Kings,28,1,chapter_21,Kaladin
Hobber,Leyten,The Way of Kings,28,1,chapter_21,Kaladin
Hobber,Lirin,The Way of Kings,28,1,chapter_21,Kaladin
Hobber,Moash,The Way of Kings,28,1,chapter_21,Kaladin
Hobber,Rock,The Way of Kings,28,1,chapter_21,Kaladin
Hobber,Sadeas,The Way of Kings,28,1,chapter_21,Kaladin
Hobber,Sigzil,The Way of Kings,28,1,chapter_21,Kaladin
Hobber,Syl,The Way of Kings,28,1,chapter_21,Kaladin
Hobber,Teft,The Way of Kings,28,1,chapter_21,Kaladin
Kaladin,Leyten,The Way of Kings,28,1,chapter_21,Kaladin
Kaladin,Lirin,The Way of Kings,28,1,chapter_21,Kaladin
Kaladin,Moash,The Way of Kings,28,1,chapter_21,Kaladin
Kaladin,Rock,The Way of Kings,28,1,chapter_21,Kaladin
Kaladin,Sadeas,The Way of Kings,28,1,chapter_21,Kaladin
Kaladin,Sigzil,The Way of Kings,28,1,chapter_21,Kaladin
Kaladin,Syl,The Way of Kings,28,1,chapter_21,Kaladin
Kaladin,Teft,The Way of Kings,28,1,chapter_21,Kaladin
Leyten,Lirin,The Way of Kings,28,1,chapter_21,Kaladin
Leyten,Moash,The Way of Kings,28,1,chapter_21,Kaladin
Leyten,Rock,The Way of Kings,28,1,chapter_21,Kaladin
Leyten,Sadeas,The Way of Kings,28,1,chapter_21,Kaladin
Leyten,Sigzil,The Way of Kings,28,1,chapter_21,Kaladin
Leyten,Syl,The Way of Kings,28,1,chapter_21,Kaladin
Leyten,Teft,The Way of Kings,28,1,chapter_21,Kaladin
Lirin,Moash,The Way of Kings,28,1,chapter_21,Kaladin
Lirin,Rock,The Way of Kings,28,1,chapter_21,Kaladin
Lirin,Sadeas,The Way of Kings,28,1,chapter_21,Kaladin
Lirin,Sigzil,The Way of Kings,28,1,chapter_21,Kaladin
Lirin,Syl,The Way of Kings,28,1,chapter_21,Kaladin
Lirin,Teft,The Way of Kings,28,1,chapter_21,Kaladin
Moash,Rock,The Way of Kings,28,1,chapter_21,Kaladin
Moash,Sadeas,The Way of Kings,28,1,chapter_21,Kaladin
Moash,Sigzil,The Way of Kings,28,1,chapter_21,Kaladin
Moash,Syl,The Way of Kings,28,1,chapter_21,Kaladin
Moash,Teft,The Way of Kings,28,1,chapter_21,Kaladin
Rock,Sadeas,The Way of Kings,28,1,chapter_21,Kaladin
Rock,Sigzil,The Way of Kings,28,1,chapter_21,Kaladin
Rock,Syl,The Way of Kings,28,1,chapter_21,Kaladin
Rock,Teft,The Way of Kings,28,1,chapter_21,Kaladin
Sadeas,Sigzil,The Way of Kings,28,1,chapter_21,Kaladin
Sadeas,Syl,The Way of Kings,28,1,chapter_21,Kaladin
Sadeas,Teft,The Way of Kings,28,1,chapter_21,Kaladin
Sigzil,Syl,The Way of Kings,28,1,chapter_21,Kaladin
Sigzil,Teft,The Way of Kings,28,1,chapter_21,Kaladin
Syl,Teft,The Way of Kings,28,1,chapter_21,Kaladin
Adolin,Dalinar,The Way of Kings,29,1,chapter_22,Dalinar
Adolin,Elhokar,The Way of Kings,29,1,chapter_22,Dalinar
Adolin,Gavilar,The Way of Kings,29,1,chapter_22,Dalinar
Adolin,Jasnah,The Way of Kings,29,1,chapter_22,Dalinar
Adolin,Navani,The Way of Kings,29,1,chapter_22,Dalinar
Adolin,Renarin,The Way of Kings,29,1,chapter_22,Dalinar
Adolin,Roion,The Way of Kings,29,1,chapter_22,Dalinar
Adolin,Sadeas,The Way of Kings,29,1,chapter_22,Dalinar
Adolin,Wit,The Way of Kings,29,1,chapter_22,Dalinar
Dalinar,Elhokar,The Way of Kings,29,1,chapter_22,Dalinar
Dalinar,Gavilar,The Way of Kings,29,1,chapter_22,Dalinar
Dalinar,Jasnah,The Way of Kings,29,1,chapter_22,Dalinar
Dalinar,Navani,The Way of Kings,29,1,chapter_22,Dalinar
Dalinar,Renarin,The Way of Kings,29,1,chapter_22,Dalinar
Dalinar,Roion,The Way of Kings,29,1,chapter_22,Dalinar
Dalinar,Sadeas,The Way of Kings,29,1,chapter_22,Dalinar
Dalinar,Wit,The Way of Kings,29,1,chapter_22,Dalinar
Elhokar,Gavilar,The Way of Kings,29,1,chapter_22,Dalinar
Elhokar,Jasnah,The Way of Kings,29,1,chapter_22,Dalinar
Elhokar,Navani,The Way of Kings,29,1,chapter_22,Dalinar
Elhokar,Renarin,The Way of Kings,29,1,chapter_22,Dalinar
Elhokar,Roion,The Way of Kings,29,1,chapter_22,Dalinar
Elhokar,Sadeas,The Way of Kings,29,1,chapter_22,Dalinar
Elhokar,Wit,The Way of Kings,29,1,chapter_22,Dalinar
Gavilar,Jasnah,The Way of Kings,29,1,chapter_22,Dalinar
Gavilar,Navani,The Way of Kings,29,1,chapter_22,Dalinar
Gavilar,Renarin,The Way of Kings,29,1,chapter_22,Dalinar
Gavilar,Roion,The Way of Kings,29,1,chapter_22,Dalinar
Gavilar,Sadeas,The Way of Kings,29,1,chapter_22,Dalinar
Gavilar,Wit,The Way of Kings,29,1,chapter_22,Dalinar
Jasnah,Navani,The Way of Kings,29,1,chapter_22,Dalinar
Jasnah,Renarin,The Way of Kings,29,1,chapter_22,Dalinar
Jasnah,Roion,The Way of Kings,29,1,chapter_22,Dalinar
Jasnah,Sadeas,The Way of Kings,29,1,chapter_22,Dalinar
Jasnah,Wit,The Way of Kings,29,1,chapter_22,Dalinar
Navani,Renarin,The Way of Kings,29,1,chapter_22,Dalinar
Navani,Roion,The Way of Kings,29,1,chapter_22,Dalinar
Navani,Sadeas,The Way of Kings,29,1,chapter_22,Dalinar
Navani,Wit,The Way of Kings,29,1,chapter_22,Dalinar
Renarin,Roion,The Way of Kings,29,1,chapter_22,Dalinar
Renarin,Sadeas,The Way of Kings,29,1,chapter_22,Dalinar
Renarin,Wit,The Way of Kings,29,1,chapter_22,Dalinar
Roion,Sadeas,The Way of Kings,29,1,chapter_22,Dalinar
Roion,Wit,The Way of Kings,29,1,chapter_22,Dalinar
Sadeas,Wit,The Way of Kings,29,1,chapter_22,Dalinar
Gaz,Jaks,The Way of Kings,30,1,chapter_23,Kaladin
Gaz,Kaladin,The Way of Kings,30,1,chapter_23,Kaladin
Gaz,Leyten,The Way of Kings,30,1,chapter_23,Kaladin
Gaz,Natam,The Way of Kings,30,1,chapter_23,Kaladin
Gaz,Rock,The Way of Kings,30,1,chapter_23,Kaladin
Gaz,Sadeas,The Way of Kings,30,1,chapter_23,Kaladin
Gaz,Skar,The Way of Kings,30,1,chapter_23,Kaladin
Gaz,Syl,The Way of Kings,30,1,chapter_23,Kaladin
Gaz,Teft,The Way of Kings,30,1,chapter_23,Kaladin
Jaks,Kaladin,The Way of Kings,30,1,chapter_23,Kaladin
Jaks,Leyten,The Way of Kings,30,1,chapter_23,Kaladin
Jaks,Natam,The Way of Kings,30,1,chapter_23,Kaladin
Jaks,Rock,The Way of Kings,30,1,chapter_23,Kaladin
Jaks,Sadeas,The Way of Kings,30,1,chapter_23,Kaladin
Jaks,Skar,The Way of Kings,30,1,chapter_23,Kaladin
Jaks,Syl,The Way of Kings,30,1,chapter_23,Kaladin
Jaks,Teft,The Way of Kings,30,1,chapter_23,Kaladin
Kaladin,Leyten,The Way of Kings,30,1,chapter_23,Kaladin
Kaladin,Natam,The Way of Kings,30,1,chapter_23,Kaladin
Kaladin,Rock,The Way of Kings,30,1,chapter_23,Kaladin
Kaladin,Sadeas,The Way of Kings,30,1,chapter_23,Kaladin
Kaladin,Skar,The Way of Kings,30,1,chapter_23,Kaladin
Kaladin,Syl,The Way of Kings,30,1,chapter_23,Kaladin
Kaladin,Teft,The Way of Kings,30,1,chapter_23,Kaladin
Leyten,Natam,The Way of Kings,30,1,chapter_23,Kaladin
Leyten,Rock,The Way of Kings,30,1,chapter_23,Kaladin
Leyten,Sadeas,The Way of Kings,30,1,chapter_23,Kaladin
Leyten,Skar,The Way of Kings,30,1,chapter_23,Kaladin
Leyten,Syl,The Way of Kings,30,1,chapter_23,Kaladin
Leyten,Teft,The Way of Kings,30,1,chapter_23,Kaladin
Natam,Rock,The Way of Kings,30,1,chapter_23,Kaladin
Natam,Sadeas,The Way of Kings,30,1,chapter_23,Kaladin
Natam,Skar,The Way of Kings,30,1,chapter_23,Kaladin
Natam,Syl,The Way of Kings,30,1,chapter_23,Kaladin
Natam,Teft,The Way of Kings,30,1,chapter_23,Kaladin
Rock,Sadeas,The Way of Kings,30,1,chapter_23,Kaladin
Rock,Skar,The Way of Kings,30,1,chapter_23,Kaladin
Rock,Syl,The Way of Kings,30,1,chapter_23,Kaladin
Rock,Teft,The Way of Kings,30,1,chapter_23,Kaladin
Sadeas,Skar,The Way of Kings,30,1,chapter_23,Kaladin
Sadeas,Syl,The Way of Kings,30,1,chapter_23,Kaladin
Sadeas,Teft,The Way of Kings,30,1,chapter_23,Kaladin
Skar,Syl,The Way of Kings,30,1,chapter_23,Kaladin
Skar,Teft,The Way of Kings,30,1,chapter_23,Kaladin
Syl,Teft,The Way of Kings,30,1,chapter_23,Kaladin
Amaram,Gaz,The Way of Kings,30,2,chapter_23,Kaladin
Amaram,Kaladin,The Way of Kings,30,2,chapter_23,Kaladin
Amaram,Kalak,The Way of Kings,30,2,chapter_23,Kaladin
Amaram,Leyten,The Way of Kings,30,2,chapter_23,Kaladin
Amaram,Rock,The Way of Kings,30,2,chapter_23,Kaladin
Amaram,Roshone,The Way of Kings,30,2,chapter_23,Kaladin
Amaram,Sadeas,The Way of Kings,30,2,chapter_23,Kaladin
Amaram,Syl,The Way of Kings,30,2,chapter_23,Kaladin
Amaram,Teft,The Way of Kings,30,2,chapter_23,Kaladin
Gaz,Kaladin,The Way of Kings,30,2,chapter_23,Kaladin
Gaz,Kalak,The Way of Kings,30,2,chapter_23,Kaladin
Gaz,Leyten,The Way of Kings,30,2,chapter_23,Kaladin
Gaz,Rock,The Way of Kings,30,2,chapter_23,Kaladin
Gaz,Roshone,The Way of Kings,30,2,chapter_23,Kaladin
Gaz,Sadeas,The Way of Kings,30,2,chapter_23,Kaladin
Gaz,Syl,The Way of Kings,30,2,chapter_23,Kaladin
Gaz,Teft,The Way of Kings,30,2,chapter_23,Kaladin
Kaladin,Kalak,The Way of Kings,30,2,chapter_23,Kaladin
Kaladin,Leyten,The Way of Kings,30,2,chapter_23,Kaladin
Kaladin,Rock,The Way of Kings,30,2,chapter_23,Kaladin
Kaladin,Roshone,The Way of Kings,30,2,chapter_23,Kaladin
Kaladin,Sadeas,The Way of Kings,30,2,chapter_23,Kaladin
Kaladin,Syl,The Way of Kings,30,2,chapter_23,Kaladin
Kaladin,Teft,The Way of Kings,30,2,chapter_23,Kaladin
Kalak,Leyten,The Way of Kings,30,2,chapter_23,Kaladin
Kalak,Rock,The Way of Kings,30,2,chapter_23,Kaladin
Kalak,Roshone,The Way of Kings,30,2,chapter_23,Kaladin
Kalak,Sadeas,The Way of Kings,30,2,chapter_23,Kaladin
Kalak,Syl,The Way of Kings,30,2,chapter_23,Kaladin
Kalak,Teft,The Way of Kings,30,2,chapter_23,Kaladin
Leyten,Rock,The Way of Kings,30,2,chapter_23,Kaladin
Leyten,Roshone,The Way of Kings,30,2,chapter_23,Kaladin
Leyten,Sadeas,The Way of Kings,30,2,chapter_23,Kaladin
Leyten,Syl,The Way of Kings,30,2,chapter_23,Kaladin
Leyten,Teft,The Way of Kings,30,2,chapter_23,Kaladin
Rock,Roshone,The Way of Kings,30,2,chapter_23,Kaladin
Rock,Sadeas,The Way of Kings,30,2,chapter_23,Kaladin
Rock,Syl,The Way of Kings,30,2,chapter_23,Kaladin
Rock,Teft,The Way of Kings,30,2,chapter_23,Kaladin
Roshone,Sadeas,The Way of Kings,30,2,chapter_23,Kaladin
Roshone,Syl,The Way of Kings,30,2,chapter_23,Kaladin
Roshone,Teft,The Way of Kings,30,2,chapter_23,Kaladin
Sadeas,Syl,The Way of Kings,30,2,chapter_23,Kaladin
Sadeas,Teft,The Way of Kings,30,2,chapter_23,Kaladin
Syl,Teft,The Way of Kings,30,2,chapter_23,Kaladin
Dalinar,Gavilar,The Way of Kings,31,1,chapter_24,Dalinar/Adolin
Dalinar,Maps,The Way of Kings,31,1,chapter_24,Dalinar/Adolin
Dalinar,Renarin,The Way of Kings,31,1,chapter_24,Dalinar/Adolin
Dalinar,Roion,The Way of Kings,31,1,chapter_24,Dalinar/Adolin
Dalinar,Sadeas,The Way of Kings,31,1,chapter_24,Dalinar/Adolin
Gavilar,Maps,The Way of Kings,31,1,chapter_24,Dalinar/Adolin
Gavilar,Renarin,The Way of Kings,31,1,chapter_24,Dalinar/Adolin
Gavilar,Roion,The Way of Kings,31,1,chapter_24,Dalinar/Adolin
Gavilar,Sadeas,The Way of Kings,31,1,chapter_24,Dalinar/Adolin
Maps,Renarin,The Way of Kings,31,1,chapter_24,Dalinar/Adolin
Maps,Roion,The Way of Kings,31,1,chapter_24,Dalinar/Adolin
Maps,Sadeas,The Way of Kings,31,1,chapter_24,Dalinar/Adolin
Renarin,Roion,The Way of Kings,31,1,chapter_24,Dalinar/Adolin
Renarin,Sadeas,The Way of Kings,31,1,chapter_24,Dalinar/Adolin
Roion,Sadeas,The Way of Kings,31,1,chapter_24,Dalinar/Adolin
Adolin,Dalinar,The Way of Kings,31,2,chapter_24,Dalinar/Adolin
Adolin,Elhokar,The Way of Kings,31,2,chapter_24,Dalinar/Adolin
Adolin,Gavilar,The Way of Kings,31,2,chapter_24,Dalinar/Adolin
Adolin,Maps,The Way of Kings,31,2,chapter_24,Dalinar/Adolin
Adolin,Renarin,The Way of Kings,31,2,chapter_24,Dalinar/Adolin
Adolin,Roion,The Way of Kings,31,2,chapter_24,Dalinar/Adolin
Adolin,Sadeas,The Way of Kings,31,2,chapter_24,Dalinar/Adolin
Dalinar,Elhokar,The Way of Kings,31,2,chapter_24,Dalinar/Adolin
Dalinar,Gavilar,The Way of Kings,31,2,chapter_24,Dalinar/Adolin
Dalinar,Maps,The Way of Kings,31,2,chapter_24,Dalinar/Adolin
Dalinar,Renarin,The Way of Kings,31,2,chapter_24,Dalinar/Adolin
Dalinar,Roion,The Way of Kings,31,2,chapter_24,Dalinar/Adolin
Dalinar,Sadeas,The Way of Kings,31,2,chapter_24,Dalinar/Adolin
Elhokar,Gavilar,The Way of Kings,31,2,chapter_24,Dalinar/Adolin
Elhokar,Maps,The Way of Kings,31,2,chapter_24,Dalinar/Adolin
Elhokar,Renarin,The Way of Kings,31,2,chapter_24,Dalinar/Adolin
Elhokar,Roion,The Way of Kings,31,2,chapter_24,Dalinar/Adolin
Elhokar,Sadeas,The Way of Kings,31,2,chapter_24,Dalinar/Adolin
Gavilar,Maps,The Way of Kings,31,2,chapter_24,Dalinar/Adolin
Gavilar,Renarin,The Way of Kings,31,2,chapter_24,Dalinar/Adolin
Gavilar,Roion,The Way of Kings,31,2,chapter_24,Dalinar/Adolin
Gavilar,Sadeas,The Way of Kings,31,2,chapter_24,Dalinar/Adolin
Maps,Renarin,The Way of Kings,31,2,chapter_24,Dalinar/Adolin
Maps,Roion,The Way of Kings,31,2,chapter_24,Dalinar/Adolin
Maps,Sadeas,The Way of Kings,31,2,chapter_24,Dalinar/Adolin
Renarin,Roion,The Way of Kings,31,2,chapter_24,Dalinar/Adolin
Renarin,Sadeas,The Way of Kings,31,2,chapter_24,Dalinar/Adolin
Roion,Sadeas,The Way of Kings,31,2,chapter_24,Dalinar/Adolin
Gavilar,Hesina,The Way of Kings,32,1,chapter_25,Kaladin
Gavilar,Kaladin,The Way of Kings,32,1,chapter_25,Kaladin
Gavilar,Laral,The Way of Kings,32,1,chapter_25,Kaladin
Gavilar,Lirin,The Way of Kings,32,1,chapter_25,Kaladin
Gavilar,Roshone,The Way of Kings,32,1,chapter_25,Kaladin
Gavilar,Sadeas,The Way of Kings,32,1,chapter_25,Kaladin
Gavilar,Tien,The Way of Kings,32,1,chapter_25,Kaladin
Hesina,Kaladin,The Way of Kings,32,1,chapter_25,Kaladin
Hesina,Laral,The Way of Kings,32,1,chapter_25,Kaladin
Hesina,Lirin,The Way of Kings,32,1,chapter_25,Kaladin
Hesina,Roshone,The Way of Kings,32,1,chapter_25,Kaladin
Hesina,Sadeas,The Way of Kings,32,1,chapter_25,Kaladin
Hesina,Tien,The Way of Kings,32,1,chapter_25,Kaladin
Kaladin,Laral,The Way of Kings,32,1,chapter_25,Kaladin
Kaladin,Lirin,The Way of Kings,32,1,chapter_25,Kaladin
Kaladin,Roshone,The Way of Kings,32,1,chapter_25,Kaladin
Kaladin,Sadeas,The Way of Kings,32,1,chapter_25,Kaladin
Kaladin,Tien,The Way of Kings,32,1,chapter_25,Kaladin
Laral,Lirin,The Way of Kings,32,1,chapter_25,Kaladin
Laral,Roshone,The Way of Kings,32,1,chapter_25,Kaladin
Laral,Sadeas,The Way of Kings,32,1,chapter_25,Kaladin
Laral,Tien,The Way of Kings,32,1,chapter_25,Kaladin
Lirin,Roshone,The Way of Kings,32,1,chapter_25,Kaladin
Lirin,Sadeas,The Way of Kings,32,1,chapter_25,Kaladin
Lirin,Tien,The Way of Kings,32,1,chapter_25,Kaladin
Roshone,Sadeas,The Way of Kings,32,1,chapter_25,Kaladin
Roshone,Tien,The Way of Kings,32,1,chapter_25,Kaladin
Sadeas,Tien,The Way of Kings,32,1,chapter_25,Kaladin
Adolin,Aladar,The Way of Kings,33,1,chapter_26,Dalinar
Adolin,Dalinar,The Way of Kings,33,1,chapter_26,Dalinar
Adolin,Gavilar,The Way of Kings,33,1,chapter_26,Dalinar
Adolin,Jasnah,The Way of Kings,33,1,chapter_26,Dalinar
Adolin,Renarin,The Way of Kings,33,1,chapter_26,Dalinar
Adolin,Roion,The Way of Kings,33,1,chapter_26,Dalinar
Adolin,Sadeas,The Way of Kings,33,1,chapter_26,Dalinar
Adolin,Teleb,The Way of Kings,33,1,chapter_26,Dalinar
Aladar,Dalinar,The Way of Kings,33,1,chapter_26,Dalinar
Aladar,Gavilar,The Way of Kings,33,1,chapter_26,Dalinar
Aladar,Jasnah,The Way of Kings,33,1,chapter_26,Dalinar
Aladar,Renarin,The Way of Kings,33,1,chapter_26,Dalinar
Aladar,Roion,The Way of Kings,33,1,chapter_26,Dalinar
Aladar,Sadeas,The Way of Kings,33,1,chapter_26,Dalinar
Aladar,Teleb,The Way of Kings,33,1,chapter_26,Dalinar
Dalinar,Gavilar,The Way of Kings,33,1,chapter_26,Dalinar
Dalinar,Jasnah,The Way of Kings,33,1,chapter_26,Dalinar
Dalinar,Renarin,The Way of Kings,33,1,chapter_26,Dalinar
Dalinar,Roion,The Way of Kings,33,1,chapter_26,Dalinar
Dalinar,Sadeas,The Way of Kings,33,1,chapter_26,Dalinar
Dalinar,Teleb,The Way of Kings,33,1,chapter_26,Dalinar
Gavilar,Jasnah,The Way of Kings,33,1,chapter_26,Dalinar
Gavilar,Renarin,The Way of Kings,33,1,chapter_26,Dalinar
Gavilar,Roion,The Way of Kings,33,1,chapter_26,Dalinar
Gavilar,Sadeas,The Way of Kings,33,1,chapter_26,Dalinar
Gavilar,Teleb,The Way of Kings,33,1,chapter_26,Dalinar
Jasnah,Renarin,The Way of Kings,33,1,chapter_26,Dalinar
Jasnah,Roion,The Way of Kings,33,1,chapter_26,Dalinar
Jasnah,Sadeas,The Way of Kings,33,1,chapter_26,Dalinar
Jasnah,Teleb,The Way of Kings,33,1,chapter_26,Dalinar
Renarin,Roion,The Way of Kings,33,1,chapter_26,Dalinar
Renarin,Sadeas,The Way of Kings,33,1,chapter_26,Dalinar
Renarin,Teleb,The Way of Kings,33,1,chapter_26,Dalinar
Roion,Sadeas,The Way of Kings,33,1,chapter_26,Dalinar
Roion,Teleb,The Way of Kings,33,1,chapter_26,Dalinar
Sadeas,Teleb,The Way of Kings,33,1,chapter_26,Dalinar
Adolin,Dalinar,The Way of Kings,33,2,chapter_26,Dalinar
Adolin,Gavilar,The Way of Kings,33,2,chapter_26,Dalinar
Adolin,Sadeas,The Way of Kings,33,2,chapter_26,Dalinar
Dalinar,Gavilar,The Way of Kings,33,2,chapter_26,Dalinar
Dalinar,Sadeas,The Way of Kings,33,2,chapter_26,Dalinar
Gavilar,Sadeas,The Way of Kings,33,2,chapter_26,Dalinar
Adolin,Dalinar,The Way of Kings,33,3,chapter_26,Dalinar
Dabbid,Gaz,The Way of Kings,34,1,chapter_27,Kaladin
Dabbid,Hobber,The Way of Kings,34,1,chapter_27,Kaladin
Dabbid,Kaladin,The Way of Kings,34,1,chapter_27,Kaladin
Dabbid,Leyten,The Way of Kings,34,1,chapter_27,Kaladin
Dabbid,Rock,The Way of Kings,34,1,chapter_27,Kaladin
Dabbid,Sadeas,The Way of Kings,34,1,chapter_27,Kaladin
Dabbid,Syl,The Way of Kings,34,1,chapter_27,Kaladin
Dabbid,Teft,The Way of Kings,34,1,chapter_27,Kaladin
Dabbid,Tien,The Way of Kings,34,1,chapter_27,Kaladin
Gaz,Hobber,The Way of Kings,34,1,chapter_27,Kaladin
Gaz,Kaladin,The Way of Kings,34,1,chapter_27,Kaladin
Gaz,Leyten,The Way of Kings,34,1,chapter_27,Kaladin
Gaz,Rock,The Way of Kings,34,1,chapter_27,Kaladin
Gaz,Sadeas,The Way of Kings,34,1,chapter_27,Kaladin
Gaz,Syl,The Way of Kings,34,1,chapter_27,Kaladin
Gaz,Teft,The Way of Kings,34,1,chapter_27,Kaladin
Gaz,Tien,The Way of Kings,34,1,chapter_27,Kaladin
Hobber,Kaladin,The Way of Kings,34,1,chapter_27,Kaladin
Hobber,Leyten,The Way of Kings,34,1,chapter_27,Kaladin
Hobber,Rock,The Way of Kings,34,1,chapter_27,Kaladin
Hobber,Sadeas,The Way of Kings,34,1,chapter_27,Kaladin
Hobber,Syl,The Way of Kings,34,1,chapter_27,Kaladin
Hobber,Teft,The Way of Kings,34,1,chapter_27,Kaladin
Hobber,Tien,The Way of Kings,34,1,chapter_27,Kaladin
Kaladin,Leyten,The Way of Kings,34,1,chapter_27,Kaladin
Kaladin,Rock,The Way of Kings,34,1,chapter_27,Kaladin
Kaladin,Sadeas,The Way of Kings,34,1,chapter_27,Kaladin
Kaladin,Syl,The Way of Kings,34,1,chapter_27,Kaladin
Kaladin,Teft,The Way of Kings,34,1,chapter_27,Kaladin
Kaladin,Tien,The Way of Kings,34,1,chapter_27,Kaladin
Leyten,Rock,The Way of Kings,34,1,chapter_27,Kaladin
Leyten,Sadeas,The Way of Kings,34,1,chapter_27,Kaladin
Leyten,Syl,The Way of Kings,34,1,chapter_27,Kaladin
Leyten,Teft,The Way of Kings,34,1,chapter_27,Kaladin
Leyten,Tien,The Way of Kings,34,1,chapter_27,Kaladin
Rock,Sadeas,The Way of Kings,34,1,chapter_27,Kaladin
Rock,Syl,The Way of Kings,34,1,chapter_27,Kaladin
Rock,Teft,The Way of Kings,34,1,chapter_27,Kaladin
Rock,Tien,The Way of Kings,34,1,chapter_27,Kaladin
Sadeas,Syl,The Way of Kings,34,1,chapter_27,Kaladin
Sadeas,Teft,The Way of Kings,34,1,chapter_27,Kaladin
Sadeas,Tien,The Way of Kings,34,1,chapter_27,Kaladin
Syl,Teft,The Way of Kings,34,1,chapter_27,Kaladin
Syl,Tien,The Way of Kings,34,1,chapter_27,Kaladin
Teft,Tien,The Way of Kings,34,1,chapter_27,Kaladin
Gaz,Kaladin,The Way of Kings,34,2,chapter_27,Kaladin
Gaz,Sadeas,The Way of Kings,34,2,chapter_27,Kaladin
Kaladin,Sadeas,The Way of Kings,34,2,chapter_27,Kaladin
Amaram,Drehy,The Way of Kings,34,3,chapter_27,Kaladin
Amaram,Gaz,The Way of Kings,34,3,chapter_27,Kaladin
Amaram,Jaks,The Way of Kings,34,3,chapter_27,Kaladin
Amaram,Kaladin,The Way of Kings,34,3,chapter_27,Kaladin
Amaram,Kalak,The Way of Kings,34,3,chapter_27,Kaladin
Amaram,Maps,The Way of Kings,34,3,chapter_27,Kaladin
Amaram,Moash,The Way of Kings,34,3,chapter_27,Kaladin
Amaram,Rock,The Way of Kings,34,3,chapter_27,Kaladin
Amaram,Sadeas,The Way of Kings,34,3,chapter_27,Kaladin
Amaram,Sigzil,The Way of Kings,34,3,chapter_27,Kaladin
Amaram,Skar,The Way of Kings,34,3,chapter_27,Kaladin
Amaram,Syl,The Way of Kings,34,3,chapter_27,Kaladin
Amaram,Teft,The Way of Kings,34,3,chapter_27,Kaladin
Amaram,Tien,The Way of Kings,34,3,chapter_27,Kaladin
Amaram,Yake,The Way of Kings,34,3,chapter_27,Kaladin
Drehy,Gaz,The Way of Kings,34,3,chapter_27,Kaladin
Drehy,Jaks,The Way of Kings,34,3,chapter_27,Kaladin
Drehy,Kaladin,The Way of Kings,34,3,chapter_27,Kaladin
Drehy,Kalak,The Way of Kings,34,3,chapter_27,Kaladin
Drehy,Maps,The Way of Kings,34,3,chapter_27,Kaladin
Drehy,Moash,The Way of Kings,34,3,chapter_27,Kaladin
Drehy,Rock,The Way of Kings,34,3,chapter_27,Kaladin
Drehy,Sadeas,The Way of Kings,34,3,chapter_27,Kaladin
Drehy,Sigzil,The Way of Kings,34,3,chapter_27,Kaladin
Drehy,Skar,The Way of Kings,34,3,chapter_27,Kaladin
Drehy,Syl,The Way of Kings,34,3,chapter_27,Kaladin
Drehy,Teft,The Way of Kings,34,3,chapter_27,Kaladin
Drehy,Tien,The Way of Kings,34,3,chapter_27,Kaladin
Drehy,Yake,The Way of Kings,34,3,chapter_27,Kaladin
Gaz,Jaks,The Way of Kings,34,3,chapter_27,Kaladin
Gaz,Kaladin,The Way of Kings,34,3,chapter_27,Kaladin
Gaz,Kalak,The Way of Kings,34,3,chapter_27,Kaladin
Gaz,Maps,The Way of Kings,34,3,chapter_27,Kaladin
Gaz,Moash,The Way of Kings,34,3,chapter_27,Kaladin
Gaz,Rock,The Way of Kings,34,3,chapter_27,Kaladin
Gaz,Sadeas,The Way of Kings,34,3,chapter_27,Kaladin
Gaz,Sigzil,The Way of Kings,34,3,chapter_27,Kaladin
Gaz,Skar,The Way of Kings,34,3,chapter_27,Kaladin
Gaz,Syl,The Way of Kings,34,3,chapter_27,Kaladin
Gaz,Teft,The Way of Kings,34,3,chapter_27,Kaladin
Gaz,Tien,The Way of Kings,34,3,chapter_27,Kaladin
Gaz,Yake,The Way of Kings,34,3,chapter_27,Kaladin
Jaks,Kaladin,The Way of Kings,34,3,chapter_27,Kaladin
Jaks,Kalak,The Way of Kings,34,3,chapter_27,Kaladin
Jaks,Maps,The Way of Kings,34,3,chapter_27,Kaladin
Jaks,Moash,The Way of Kings,34,3,chapter_27,Kaladin
Jaks,Rock,The Way of Kings,34,3,chapter_27,Kaladin
Jaks,Sadeas,The Way of Kings,34,3,chapter_27,Kaladin
Jaks,Sigzil,The Way of Kings,34,3,chapter_27,Kaladin
Jaks,Skar,The Way of Kings,34,3,chapter_27,Kaladin
Jaks,Syl,The Way of Kings,34,3,chapter_27,Kaladin
Jaks,Teft,The Way of Kings,34,3,chapter_27,Kaladin
Jaks,Tien,The Way of Kings,34,3,chapter_27,Kaladin
Jaks,Yake,The Way of Kings,34,3,chapter_27,Kaladin
Kaladin,Kalak,The Way of Kings,34,3,chapter_27,Kaladin
Kaladin,Maps,The Way of Kings,34,3,chapter_27,Kaladin
Kaladin,Moash,The Way of Kings,34,3,chapter_27,Kaladin
Kaladin,Rock,The Way of Kings,34,3,chapter_27,Kaladin
Kaladin,Sadeas,The Way of Kings,34,3,chapter_27,Kaladin
Kaladin,Sigzil,The Way of Kings,34,3,chapter_27,Kaladin
Kaladin,Skar,The Way of Kings,34,3,chapter_27,Kaladin
Kaladin,Syl,The Way of Kings,34,3,chapter_27,Kaladin
Kaladin,Teft,The Way of Kings,34,3,chapter_27,Kaladin
Kaladin,Tien,The Way of Kings,34,3,chapter_27,Kaladin
Kaladin,Yake,The Way of Kings,34,3,chapter_27,Kaladin
Kalak,Maps,The Way of Kings,34,3,chapter_27,Kaladin
Kalak,Moash,The Way of Kings,34,3,chapter_27,Kaladin
Kalak,Rock,The Way of Kings,34,3,chapter_27,Kaladin
Kalak,Sadeas,The Way of Kings,34,3,chapter_27,Kaladin
Kalak,Sigzil,The Way of Kings,34,3,chapter_27,Kaladin
Kalak,Skar,The Way of Kings,34,3,chapter_27,Kaladin
Kalak,Syl,The Way of Kings,34,3,chapter_27,Kaladin
Kalak,Teft,The Way of Kings,34,3,chapter_27,Kaladin
Kalak,Tien,The Way of Kings,34,3,chapter_27,Kaladin
Kalak,Yake,The Way of Kings,34,3,chapter_27,Kaladin
Maps,Moash,The Way of Kings,34,3,chapter_27,Kaladin
Maps,Rock,The Way of Kings,34,3,chapter_27,Kaladin
Maps,Sadeas,The Way of Kings,34,3,chapter_27,Kaladin
Maps,Sigzil,The Way of Kings,34,3,chapter_27,Kaladin
Maps,Skar,The Way of Kings,34,3,chapter_27,Kaladin
Maps,Syl,The Way of Kings,34,3,chapter_27,Kaladin
Maps,Teft,The Way of Kings,34,3,chapter_27,Kaladin
Maps,Tien,The Way of Kings,34,3,chapter_27,Kaladin
Maps,Yake,The Way of Kings,34,3,chapter_27,Kaladin
Moash,Rock,The Way of Kings,34,3,chapter_27,Kaladin
Moash,Sadeas,The Way of Kings,34,3,chapter_27,Kaladin
Moash,Sigzil,The Way of Kings,34,3,chapter_27,Kaladin
Moash,Skar,The Way of Kings,34,3,chapter_27,Kaladin
Moash,Syl,The Way of Kings,34,3,chapter_27,Kaladin
Moash,Teft,The Way of Kings,34,3,chapter_27,Kaladin
Moash,Tien,The Way of Kings,34,3,chapter_27,Kaladin
Moash,Yake,The Way of Kings,34,3,chapter_27,Kaladin
Rock,Sadeas,The Way of Kings,34,3,chapter_27,Kaladin
Rock,Sigzil,The Way of Kings,34,3,chapter_27,Kaladin
Rock,Skar,The Way of Kings,34,3,chapter_27,Kaladin
Rock,Syl,The Way of Kings,34,3,chapter_27,Kaladin
Rock,Teft,The Way of Kings,34,3,chapter_27,Kaladin
Rock,Tien,The Way of Kings,34,3,chapter_27,Kaladin
Rock,Yake,The Way of Kings,34,3,chapter_27,Kaladin
Sadeas,Sigzil,The Way of Kings,34,3,chapter_27,Kaladin
Sadeas,Skar,The Way of Kings,34,3,chapter_27,Kaladin
Sadeas,Syl,The Way of Kings,34,3,chapter_27,Kaladin
Sadeas,Teft,The Way of Kings,34,3,chapter_27,Kaladin
Sadeas,Tien,The Way of Kings,34,3,chapter_27,Kaladin
Sadeas,Yake,The Way of Kings,34,3,chapter_27,Kaladin
Sigzil,Skar,The Way of Kings,34,3,chapter_27,Kaladin
Sigzil,Syl,The Way of Kings,34,3,chapter_27,Kaladin
Sigzil,Teft,The Way of Kings,34,3,chapter_27,Kaladin
Sigzil,Tien,The Way of Kings,34,3,chapter_27,Kaladin
Sigzil,Yake,The Way of Kings,34,3,chapter_27,Kaladin
Skar,Syl,The Way of Kings,34,3,chapter_27,Kaladin
Skar,Teft,The Way of Kings,34,3,chapter_27,Kaladin
Skar,Tien,The Way of Kings,34,3,chapter_27,Kaladin
Skar,Yake,The Way of Kings,34,3,chapter_27,Kaladin
Syl,Teft,The Way of Kings,34,3,chapter_27,Kaladin
Syl,Tien,The Way of Kings,34,3,chapter_27,Kaladin
Syl,Yake,The Way of Kings,34,3,chapter_27,Kaladin
Teft,Tien,The Way of Kings,34,3,chapter_27,Kaladin
Teft,Yake,The Way of Kings,34,3,chapter_27,Kaladin
Tien,Yake,The Way of Kings,34,3,chapter_27,Kaladin
Gaz,Hobber,The Way of Kings,34,4,chapter_27,Kaladin
Gaz,Kaladin,The Way of Kings,34,4,chapter_27,Kaladin
Gaz,Rock,The Way of Kings,34,4,chapter_27,Kaladin
Gaz,Skar,The Way of Kings,34,4,chapter_27,Kaladin
Gaz,Teft,The Way of Kings,34,4,chapter_27,Kaladin
Hobber,Kaladin,The Way of Kings,34,4,chapter_27,Kaladin
Hobber,Rock,The Way of Kings,34,4,chapter_27,Kaladin
Hobber,Skar,The Way of Kings,34,4,chapter_27,Kaladin
Hobber,Teft,The Way of Kings,34,4,chapter_27,Kaladin
Kaladin,Rock,The Way of Kings,34,4,chapter_27,Kaladin
Kaladin,Skar,The Way of Kings,34,4,chapter_27,Kaladin
Kaladin,Teft,The Way of Kings,34,4,chapter_27,Kaladin
Rock,Skar,The Way of Kings,34,4,chapter_27,Kaladin
Rock,Teft,The Way of Kings,34,4,chapter_27,Kaladin
Skar,Teft,The Way of Kings,34,4,chapter_27,Kaladin
Kaladin,Moash,The Way of Kings,34,5,chapter_27,Kaladin
Kaladin,Sigzil,The Way of Kings,34,5,chapter_27,Kaladin
Moash,Sigzil,The Way of Kings,34,5,chapter_27,Kaladin
Adolin,Bethab,The Way of Kings,35,1,chapter_28,Dalinar/Adolin
Adolin,Dalinar,The Way of Kings,35,1,chapter_28,Dalinar/Adolin
Adolin,Elhokar,The Way of Kings,35,1,chapter_28,Dalinar/Adolin
Adolin,Gavilar,The Way of Kings,35,1,chapter_28,Dalinar/Adolin
Adolin,Hatham,The Way of Kings,35,1,chapter_28,Dalinar/Adolin
Adolin,Sadeas,The Way of Kings,35,1,chapter_28,Dalinar/Adolin
Adolin,Teleb,The Way of Kings,35,1,chapter_28,Dalinar/Adolin
Adolin,Thanadal,The Way of Kings,35,1,chapter_28,Dalinar/Adolin
Bethab,Dalinar,The Way of Kings,35,1,chapter_28,Dalinar/Adolin
Bethab,Elhokar,The Way of Kings,35,1,chapter_28,Dalinar/Adolin
Bethab,Gavilar,The Way of Kings,35,1,chapter_28,Dalinar/Adolin
Bethab,Hatham,The Way of Kings,35,1,chapter_28,Dalinar/Adolin
Bethab,Sadeas,The Way of Kings,35,1,chapter_28,Dalinar/Adolin
Bethab,Teleb,The Way of Kings,35,1,chapter_28,Dalinar/Adolin
Bethab,Thanadal,The Way of Kings,35,1,chapter_28,Dalinar/Adolin
Dalinar,Elhokar,The Way of Kings,35,1,chapter_28,Dalinar/Adolin
Dalinar,Gavilar,The Way of Kings,35,1,chapter_28,Dalinar/Adolin
Dalinar,Hatham,The Way of Kings,35,1,chapter_28,Dalinar/Adolin
Dalinar,Sadeas,The Way of Kings,35,1,chapter_28,Dalinar/Adolin
Dalinar,Teleb,The Way of Kings,35,1,chapter_28,Dalinar/Adolin
Dalinar,Thanadal,The Way of Kings,35,1,chapter_28,Dalinar/Adolin
Elhokar,Gavilar,The Way of Kings,35,1,chapter_28,Dalinar/Adolin
Elhokar,Hatham,The Way of Kings,35,1,chapter_28,Dalinar/Adolin
Elhokar,Sadeas,The Way of Kings,35,1,chapter_28,Dalinar/Adolin
Elhokar,Teleb,The Way of Kings,35,1,chapter_28,Dalinar/Adolin
Elhokar,Thanadal,The Way of Kings,35,1,chapter_28,Dalinar/Adolin
Gavilar,Hatham,The Way of Kings,35,1,chapter_28,Dalinar/Adolin
Gavilar,Sadeas,The Way of Kings,35,1,chapter_28,Dalinar/Adolin
Gavilar,Teleb,The Way of Kings,35,1,chapter_28,Dalinar/Adolin
Gavilar,Thanadal,The Way of Kings,35,1,chapter_28,Dalinar/Adolin
Hatham,Sadeas,The Way of Kings,35,1,chapter_28,Dalinar/Adolin
Hatham,Teleb,The Way of Kings,35,1,chapter_28,Dalinar/Adolin
Hatham,Thanadal,The Way of Kings,35,1,chapter_28,Dalinar/Adolin
Sadeas,Teleb,The Way of Kings,35,1,chapter_28,Dalinar/Adolin
Sadeas,Thanadal,The Way of Kings,35,1,chapter_28,Dalinar/Adolin
Teleb,Thanadal,The Way of Kings,35,1,chapter_28,Dalinar/Adolin
Adolin,Dalinar,The Way of Kings,35,2,chapter_28,Dalinar/Adolin
Adolin,Elhokar,The Way of Kings,35,2,chapter_28,Dalinar/Adolin
Adolin,Gavilar,The Way of Kings,35,2,chapter_28,Dalinar/Adolin
Adolin,Jasnah,The Way of Kings,35,2,chapter_28,Dalinar/Adolin
Adolin,Navani,The Way of Kings,35,2,chapter_28,Dalinar/Adolin
Adolin,Renarin,The Way of Kings,35,2,chapter_28,Dalinar/Adolin
Adolin,Sadeas,The Way of Kings,35,2,chapter_28,Dalinar/Adolin
Adolin,Teleb,The Way of Kings,35,2,chapter_28,Dalinar/Adolin
Adolin,Thanadal,The Way of Kings,35,2,chapter_28,Dalinar/Adolin
Dalinar,Elhokar,The Way of Kings,35,2,chapter_28,Dalinar/Adolin
Dalinar,Gavilar,The Way of Kings,35,2,chapter_28,Dalinar/Adolin
Dalinar,Jasnah,The Way of Kings,35,2,chapter_28,Dalinar/Adolin
Dalinar,Navani,The Way of Kings,35,2,chapter_28,Dalinar/Adolin
Dalinar,Renarin,The Way of Kings,35,2,chapter_28,Dalinar/Adolin
Dalinar,Sadeas,The Way of Kings,35,2,chapter_28,Dalinar/Adolin
Dalinar,Teleb,The Way of Kings,35,2,chapter_28,Dalinar/Adolin
Dalinar,Thanadal,The Way of Kings,35,2,chapter_28,Dalinar/Adolin
Elhokar,Gavilar,The Way of Kings,35,2,chapter_28,Dalinar/Adolin
Elhokar,Jasnah,The Way of Kings,35,2,chapter_28,Dalinar/Adolin
Elhokar,Navani,The Way of Kings,35,2,chapter_28,Dalinar/Adolin
Elhokar,Renarin,The Way of Kings,35,2,chapter_28,Dalinar/Adolin
Elhokar,Sadeas,The Way of Kings,35,2,chapter_28,Dalinar/Adolin
Elhokar,Teleb,The Way of Kings,35,2,chapter_28,Dalinar/Adolin
Elhokar,Thanadal,The Way of Kings,35,2,chapter_28,Dalinar/Adolin
Gavilar,Jasnah,The Way of Kings,35,2,chapter_28,Dalinar/Adolin
Gavilar,Navani,The Way of Kings,35,2,chapter_28,Dalinar/Adolin
Gavilar,Renarin,The Way of Kings,35,2,chapter_28,Dalinar/Adolin
Gavilar,Sadeas,The Way of Kings,35,2,chapter_28,Dalinar/Adolin
Gavilar,Teleb,The Way of Kings,35,2,chapter_28,Dalinar/Adolin
Gavilar,Thanadal,The Way of Kings,35,2,chapter_28,Dalinar/Adolin
Jasnah,Navani,The Way of Kings,35,2,chapter_28,Dalinar/Adolin
Jasnah,Renarin,The Way of Kings,35,2,chapter_28,Dalinar/Adolin
Jasnah,Sadeas,The Way of Kings,35,2,chapter_28,Dalinar/Adolin
Jasnah,Teleb,The Way of Kings,35,2,chapter_28,Dalinar/Adolin
Jasnah,Thanadal,The Way of Kings,35,2,chapter_28,Dalinar/Adolin
Navani,Renarin,The Way of Kings,35,2,chapter_28,Dalinar/Adolin
Navani,Sadeas,The Way of Kings,35,2,chapter_28,Dalinar/Adolin
Navani,Teleb,The Way of Kings,35,2,chapter_28,Dalinar/Adolin
Navani,Thanadal,The Way of Kings,35,2,chapter_28,Dalinar/Adolin
Renarin,Sadeas,The Way of Kings,35,2,chapter_28,Dalinar/Adolin
Renarin,Teleb,The Way of Kings,35,2,chapter_28,Dalinar/Adolin
Renarin,Thanadal,The Way of Kings,35,2,chapter_28,Dalinar/Adolin
Sadeas,Teleb,The Way of Kings,35,2,chapter_28,Dalinar/Adolin
Sadeas,Thanadal,The Way of Kings,35,2,chapter_28,Dalinar/Adolin
Teleb,Thanadal,The Way of Kings,35,2,chapter_28,Dalinar/Adolin
Balat,Jasnah,The Way of Kings,40,1,chapter_29,Shallan
Balat,Jushu,The Way of Kings,40,1,chapter_29,Shallan
Balat,Nan,The Way of Kings,40,1,chapter_29,Shallan
Balat,Shallan,The Way of Kings,40,1,chapter_29,Shallan
Balat,Wikim,The Way of Kings,40,1,chapter_29,Shallan
Jasnah,Jushu,The Way of Kings,40,1,chapter_29,Shallan
Jasnah,Nan,The Way of Kings,40,1,chapter_29,Shallan
Jasnah,Shallan,The Way of Kings,40,1,chapter_29,Shallan
Jasnah,Wikim,The Way of Kings,40,1,chapter_29,Shallan
Jushu,Nan,The Way of Kings,40,1,chapter_29,Shallan
Jushu,Shallan,The Way of Kings,40,1,chapter_29,Shallan
Jushu,Wikim,The Way of Kings,40,1,chapter_29,Shallan
Nan,Shallan,The Way of Kings,40,1,chapter_29,Shallan
Nan,Wikim,The Way of Kings,40,1,chapter_29,Shallan
Shallan,Wikim,The Way of Kings,40,1,chapter_29,Shallan
Dalinar,Gavilar,The Way of Kings,40,2,chapter_29,Shallan
Dalinar,Jasnah,The Way of Kings,40,2,chapter_29,Shallan
Dalinar,Kabsal,The Way of Kings,40,2,chapter_29,Shallan
Dalinar,Shallan,The Way of Kings,40,2,chapter_29,Shallan
Dalinar,Taravangian,The Way of Kings,40,2,chapter_29,Shallan
Dalinar,Wit,The Way of Kings,40,2,chapter_29,Shallan
Gavilar,Jasnah,The Way of Kings,40,2,chapter_29,Shallan
Gavilar,Kabsal,The Way of Kings,40,2,chapter_29,Shallan
Gavilar,Shallan,The Way of Kings,40,2,chapter_29,Shallan
Gavilar,Taravangian,The Way of Kings,40,2,chapter_29,Shallan
Gavilar,Wit,The Way of Kings,40,2,chapter_29,Shallan
Jasnah,Kabsal,The Way of Kings,40,2,chapter_29,Shallan
Jasnah,Shallan,The Way of Kings,40,2,chapter_29,Shallan
Jasnah,Taravangian,The Way of Kings,40,2,chapter_29,Shallan
Jasnah,Wit,The Way of Kings,40,2,chapter_29,Shallan
Kabsal,Shallan,The Way of Kings,40,2,chapter_29,Shallan
Kabsal,Taravangian,The Way of Kings,40,2,chapter_29,Shallan
Kabsal,Wit,The Way of Kings,40,2,chapter_29,Shallan
Shallan,Taravangian,The Way of Kings,40,2,chapter_29,Shallan
Shallan,Wit,The Way of Kings,40,2,chapter_29,Shallan
Taravangian,Wit,The Way of Kings,40,2,chapter_29,Shallan
Bisig,Gaz,The Way of Kings,41,1,chapter_30,Kaladin
Bisig,Kaladin,The Way of Kings,41,1,chapter_30,Kaladin
Bisig,Rock,The Way of Kings,41,1,chapter_30,Kaladin
Bisig,Teft,The Way of Kings,41,1,chapter_30,Kaladin
Gaz,Kaladin,The Way of Kings,41,1,chapter_30,Kaladin
Gaz,Rock,The Way of Kings,41,1,chapter_30,Kaladin
Gaz,Teft,The Way of Kings,41,1,chapter_30,Kaladin
Kaladin,Rock,The Way of Kings,41,1,chapter_30,Kaladin
Kaladin,Teft,The Way of Kings,41,1,chapter_30,Kaladin
Rock,Teft,The Way of Kings,41,1,chapter_30,Kaladin
Gaz,Kaladin,The Way of Kings,41,2,chapter_30,Kaladin
Gaz,Sadeas,The Way of Kings,41,2,chapter_30,Kaladin
Kaladin,Sadeas,The Way of Kings,41,2,chapter_30,Kaladin
Amaram,Gaz,The Way of Kings,41,3,chapter_30,Kaladin
Amaram,Kaladin,The Way of Kings,41,3,chapter_30,Kaladin
Amaram,Sadeas,The Way of Kings,41,3,chapter_30,Kaladin
Amaram,Skar,The Way of Kings,41,3,chapter_30,Kaladin
Amaram,Syl,The Way of Kings,41,3,chapter_30,Kaladin
Gaz,Kaladin,The Way of Kings,41,3,chapter_30,Kaladin
Gaz,Sadeas,The Way of Kings,41,3,chapter_30,Kaladin
Gaz,Skar,The Way of Kings,41,3,chapter_30,Kaladin
Gaz,Syl,The Way of Kings,41,3,chapter_30,Kaladin
Kaladin,Sadeas,The Way of Kings,41,3,chapter_30,Kaladin
Kaladin,Skar,The Way of Kings,41,3,chapter_30,Kaladin
Kaladin,Syl,The Way of Kings,41,3,chapter_30,Kaladin
Sadeas,Skar,The Way of Kings,41,3,chapter_30,Kaladin
Sadeas,Syl,The Way of Kings,41,3,chapter_30,Kaladin
Skar,Syl,The Way of Kings,41,3,chapter_30,Kaladin
Gaz,Kaladin,The Way of Kings,41,4,chapter_30,Kaladin
Gaz,Moash,The Way of Kings,41,4,chapter_30,Kaladin
Gaz,Rock,The Way of Kings,41,4,chapter_30,Kaladin
Gaz,Skar,The Way of Kings,41,4,chapter_30,Kaladin
Gaz,Syl,The Way of Kings,41,4,chapter_30,Kaladin
Gaz,Teft,The Way of Kings,41,4,chapter_30,Kaladin
Kaladin,Moash,The Way of Kings,41,4,chapter_30,Kaladin
Kaladin,Rock,The Way of Kings,41,4,chapter_30,Kaladin
Kaladin,Skar,The Way of Kings,41,4,chapter_30,Kaladin
Kaladin,Syl,The Way of Kings,41,4,chapter_30,Kaladin
Kaladin,Teft,The Way of Kings,41,4,chapter_30,Kaladin
Moash,Rock,The Way of Kings,41,4,chapter_30,Kaladin
Moash,Skar,The Way of Kings,41,4,chapter_30,Kaladin
Moash,Syl,The Way of Kings,41,4,chapter_30,Kaladin
Moash,Teft,The Way of Kings,41,4,chapter_30,Kaladin
Rock,Skar,The Way of Kings,41,4,chapter_30,Kaladin
Rock,Syl,The Way of Kings,41,4,chapter_30,Kaladin
Rock,Teft,The Way of Kings,41,4,chapter_30,Kaladin
Skar,Syl,The Way of Kings,41,4,chapter_30,Kaladin
Skar,Teft,The Way of Kings,41,4,chapter_30,Kaladin
Syl,Teft,The Way of Kings,41,4,chapter_30,Kaladin
Gaz,Kaladin,The Way of Kings,41,5,chapter_30,Kaladin
Kaladin,Laral,The Way of Kings,42,1,chapter_31,Kaladin
Kaladin,Lirin,The Way of Kings,42,1,chapter_31,Kaladin
Kaladin,Roshone,The Way of Kings,42,1,chapter_31,Kaladin
Kaladin,Tien,The Way of Kings,42,1,chapter_31,Kaladin
Laral,Lirin,The Way of Kings,42,1,chapter_31,Kaladin
Laral,Roshone,The Way of Kings,42,1,chapter_31,Kaladin
Laral,Tien,The Way of Kings,42,1,chapter_31,Kaladin
Lirin,Roshone,The Way of Kings,42,1,chapter_31,Kaladin
Lirin,Tien,The Way of Kings,42,1,chapter_31,Kaladin
Roshone,Tien,The Way of Kings,42,1,chapter_31,Kaladin
Dabbid,Gaz,The Way of Kings,43,1,chapter_32,Kaladin
Dabbid,Hobber,The Way of Kings,43,1,chapter_32,Kaladin
Dabbid,Kaladin,The Way of Kings,43,1,chapter_32,Kaladin
Dabbid,Leyten,The Way of Kings,43,1,chapter_32,Kaladin
Dabbid,Lopen,The Way of Kings,43,1,chapter_32,Kaladin
Dabbid,Moash,The Way of Kings,43,1,chapter_32,Kaladin
Dabbid,Natam,The Way of Kings,43,1,chapter_32,Kaladin
Dabbid,Rock,The Way of Kings,43,1,chapter_32,Kaladin
Dabbid,Sadeas,The Way of Kings,43,1,chapter_32,Kaladin
Dabbid,Syl,The Way of Kings,43,1,chapter_32,Kaladin
Dabbid,Teft,The Way of Kings,43,1,chapter_32,Kaladin
Dabbid,Tien,The Way of Kings,43,1,chapter_32,Kaladin
Gaz,Hobber,The Way of Kings,43,1,chapter_32,Kaladin
Gaz,Kaladin,The Way of Kings,43,1,chapter_32,Kaladin
Gaz,Leyten,The Way of Kings,43,1,chapter_32,Kaladin
Gaz,Lopen,The Way of Kings,43,1,chapter_32,Kaladin
Gaz,Moash,The Way of Kings,43,1,chapter_32,Kaladin
Gaz,Natam,The Way of Kings,43,1,chapter_32,Kaladin
Gaz,Rock,The Way of Kings,43,1,chapter_32,Kaladin
Gaz,Sadeas,The Way of Kings,43,1,chapter_32,Kaladin
Gaz,Syl,The Way of Kings,43,1,chapter_32,Kaladin
Gaz,Teft,The Way of Kings,43,1,chapter_32,Kaladin
Gaz,Tien,The Way of Kings,43,1,chapter_32,Kaladin
Hobber,Kaladin,The Way of Kings,43,1,chapter_32,Kaladin
Hobber,Leyten,The Way of Kings,43,1,chapter_32,Kaladin
Hobber,Lopen,The Way of Kings,43,1,chapter_32,Kaladin
Hobber,Moash,The Way of Kings,43,1,chapter_32,Kaladin
Hobber,Natam,The Way of Kings,43,1,chapter_32,Kaladin
Hobber,Rock,The Way of Kings,43,1,chapter_32,Kaladin
Hobber,Sadeas,The Way of Kings,43,1,chapter_32,Kaladin
Hobber,Syl,The Way of Kings,43,1,chapter_32,Kaladin
Hobber,Teft,The Way of Kings,43,1,chapter_32,Kaladin
Hobber,Tien,The Way of Kings,43,1,chapter_32,Kaladin
Kaladin,Leyten,The Way of Kings,43,1,chapter_32,Kaladin
Kaladin,Lopen,The Way of Kings,43,1,chapter_32,Kaladin
Kaladin,Moash,The Way of Kings,43,1,chapter_32,Kaladin
Kaladin,Natam,The Way of Kings,43,1,chapter_32,Kaladin
Kaladin,Rock,The Way of Kings,43,1,chapter_32,Kaladin
Kaladin,Sadeas,The Way of Kings,43,1,chapter_32,Kaladin
Kaladin,Syl,The Way of Kings,43,1,chapter_32,Kaladin
Kaladin,Teft,The Way of Kings,43,1,chapter_32,Kaladin
Kaladin,Tien,The Way of Kings,43,1,chapter_32,Kaladin
Leyten,Lopen,The Way of Kings,43,1,chapter_32,Kaladin
Leyten,Moash,The Way of Kings,43,1,chapter_32,Kaladin
Leyten,Natam,The Way of Kings,43,1,chapter_32,Kaladin
Leyten,Rock,The Way of Kings,43,1,chapter_32,Kaladin
Leyten,Sadeas,The Way of Kings,43,1,chapter_32,Kaladin
Leyten,Syl,The Way of Kings,43,1,chapter_32,Kaladin
Leyten,Teft,The Way of Kings,43,1,chapter_32,Kaladin
Leyten,Tien,The Way of Kings,43,1,chapter_32,Kaladin
Lopen,Moash,The Way of Kings,43,1,chapter_32,Kaladin
Lopen,Natam,The Way of Kings,43,1,chapter_32,Kaladin
Lopen,Rock,The Way of Kings,43,1,chapter_32,Kaladin
Lopen,Sadeas,The Way of Kings,43,1,chapter_32,Kaladin
Lopen,Syl,The Way of Kings,43,1,chapter_32,Kaladin
Lopen,Teft,The Way of Kings,43,1,chapter_32,Kaladin
Lopen,Tien,The Way of Kings,43,1,chapter_32,Kaladin
Moash,Natam,The Way of Kings,43,1,chapter_32,Kaladin
Moash,Rock,The Way of Kings,43,1,chapter_32,Kaladin
Moash,Sadeas,The Way of Kings,43,1,chapter_32,Kaladin
Moash,Syl,The Way of Kings,43,1,chapter_32,Kaladin
Moash,Teft,The Way of Kings,43,1,chapter_32,Kaladin
Moash,Tien,The Way of Kings,43,1,chapter_32,Kaladin
Natam,Rock,The Way of Kings,43,1,chapter_32,Kaladin
Natam,Sadeas,The Way of Kings,43,1,chapter_32,Kaladin
Natam,Syl,The Way of Kings,43,1,chapter_32,Kaladin
Natam,Teft,The Way of Kings,43,1,chapter_32,Kaladin
Natam,Tien,The Way of Kings,43,1,chapter_32,Kaladin
Rock,Sadeas,The Way of Kings,43,1,chapter_32,Kaladin
Rock,Syl,The Way of Kings,43,1,chapter_32,Kaladin
Rock,Teft,The Way of Kings,43,1,chapter_32,Kaladin
Rock,Tien,The Way of Kings,43,1,chapter_32,Kaladin
Sadeas,Syl,The Way of Kings,43,1,chapter_32,Kaladin
Sadeas,Teft,The Way of Kings,43,1,chapter_32,Kaladin
Sadeas,Tien,The Way of Kings,43,1,chapter_32,Kaladin
Syl,Teft,The Way of Kings,43,1,chapter_32,Kaladin
Syl,Tien,The Way of Kings,43,1,chapter_32,Kaladin
Teft,Tien,The Way of Kings,43,1,chapter_32,Kaladin
Balat,Jasnah,The Way of Kings,44,1,chapter_33,Shallan
Balat,Jushu,The Way of Kings,44,1,chapter_33,Shallan
Balat,Nan,The Way of Kings,44,1,chapter_33,Shallan
Balat,Shallan,The Way of Kings,44,1,chapter_33,Shallan
Balat,Wikim,The Way of Kings,44,1,chapter_33,Shallan
Jasnah,Jushu,The Way of Kings,44,1,chapter_33,Shallan
Jasnah,Nan,The Way of Kings,44,1,chapter_33,Shallan
Jasnah,Shallan,The Way of Kings,44,1,chapter_33,Shallan
Jasnah,Wikim,The Way of Kings,44,1,chapter_33,Shallan
Jushu,Nan,The Way of Kings,44,1,chapter_33,Shallan
Jushu,Shallan,The Way of Kings,44,1,chapter_33,Shallan
Jushu,Wikim,The Way of Kings,44,1,chapter_33,Shallan
Nan,Shallan,The Way of Kings,44,1,chapter_33,Shallan
Nan,Wikim,The Way of Kings,44,1,chapter_33,Shallan
Shallan,Wikim,The Way of Kings,44,1,chapter_33,Shallan
Gavilar,Jasnah,The Way of Kings,44,2,chapter_33,Shallan
Gavilar,Kabsal,The Way of Kings,44,2,chapter_33,Shallan
Gavilar,Shallan,The Way of Kings,44,2,chapter_33,Shallan
Gavilar,Talenel,The Way of Kings,44,2,chapter_33,Shallan
Jasnah,Kabsal,The Way of Kings,44,2,chapter_33,Shallan
Jasnah,Shallan,The Way of Kings,44,2,chapter_33,Shallan
Jasnah,Talenel,The Way of Kings,44,2,chapter_33,Shallan
Kabsal,Shallan,The Way of Kings,44,2,chapter_33,Shallan
Kabsal,Talenel,The Way of Kings,44,2,chapter_33,Shallan
Shallan,Talenel,The Way of Kings,44,2,chapter_33,Shallan
Amaram,Gaz,The Way of Kings,45,1,chapter_34,Kaladin
Amaram,Kaladin,The Way of Kings,45,1,chapter_34,Kaladin
Amaram,Moash,The Way of Kings,45,1,chapter_34,Kaladin
Amaram,Rock,The Way of Kings,45,1,chapter_34,Kaladin
Amaram,Sadeas,The Way of Kings,45,1,chapter_34,Kaladin
Amaram,Syl,The Way of Kings,45,1,chapter_34,Kaladin
Amaram,Teft,The Way of Kings,45,1,chapter_34,Kaladin
Gaz,Kaladin,The Way of Kings,45,1,chapter_34,Kaladin
Gaz,Moash,The Way of Kings,45,1,chapter_34,Kaladin
Gaz,Rock,The Way of Kings,45,1,chapter_34,Kaladin
Gaz,Sadeas,The Way of Kings,45,1,chapter_34,Kaladin
Gaz,Syl,The Way of Kings,45,1,chapter_34,Kaladin
Gaz,Teft,The Way of Kings,45,1,chapter_34,Kaladin
Kaladin,Moash,The Way of Kings,45,1,chapter_34,Kaladin
Kaladin,Rock,The Way of Kings,45,1,chapter_34,Kaladin
Kaladin,Sadeas,The Way of Kings,45,1,chapter_34,Kaladin
Kaladin,Syl,The Way of Kings,45,1,chapter_34,Kaladin
Kaladin,Teft,The Way of Kings,45,1,chapter_34,Kaladin
Moash,Rock,The Way of Kings,45,1,chapter_34,Kaladin
Moash,Sadeas,The Way of Kings,45,1,chapter_34,Kaladin
Moash,Syl,The Way of Kings,45,1,chapter_34,Kaladin
Moash,Teft,The Way of Kings,45,1,chapter_34,Kaladin
Rock,Sadeas,The Way of Kings,45,1,chapter_34,Kaladin
Rock,Syl,The Way of Kings,45,1,chapter_34,Kaladin
Rock,Teft,The Way of Kings,45,1,chapter_34,Kaladin
Sadeas,Syl,The Way of Kings,45,1,chapter_34,Kaladin
Sadeas,Teft,The Way of Kings,45,1,chapter_34,Kaladin
Syl,Teft,The Way of Kings,45,1,chapter_34,Kaladin
Kaladin,Syl,The Way of Kings,46,1,chapter_35,Kaladin
Kaladin,Kalak,The Way of Kings,46,2,chapter_35,Kaladin
Kaladin,Rock,The Way of Kings,46,2,chapter_35,Kaladin
Kaladin,Sadeas,The Way of Kings,46,2,chapter_35,Kaladin
Kaladin,Teft,The Way of Kings,46,2,chapter_35,Kaladin
Kalak,Rock,The Way of Kings,46,2,chapter_35,Kaladin
Kalak,Sadeas,The Way of Kings,46,2,chapter_35,Kaladin
Kalak,Teft,The Way of Kings,46,2,chapter_35,Kaladin
Rock,Sadeas,The Way of Kings,46,2,chapter_35,Kaladin
Rock,Teft,The Way of Kings,46,2,chapter_35,Kaladin
Sadeas,Teft,The Way of Kings,46,2,chapter_35,Kaladin
Gavilar,Jasnah,The Way of Kings,47,1,chapter_36,Shallan
Gavilar,Kabsal,The Way of Kings,47,1,chapter_36,Shallan
Gavilar,Shallan,The Way of Kings,47,1,chapter_36,Shallan
Jasnah,Kabsal,The Way of Kings,47,1,chapter_36,Shallan
Jasnah,Shallan,The Way of Kings,47,1,chapter_36,Shallan
Kabsal,Shallan,The Way of Kings,47,1,chapter_36,Shallan
Jasnah,Shallan,The Way of Kings,47,2,chapter_36,Shallan
Jasnah,Taravangian,The Way of Kings,47,2,chapter_36,Shallan
Shallan,Taravangian,The Way of Kings,47,2,chapter_36,Shallan
Hesina,Kaladin,The Way of Kings,48,1,chapter_37,Kaladin
Hesina,Laral,The Way of Kings,48,1,chapter_37,Kaladin
Hesina,Lirin,The Way of Kings,48,1,chapter_37,Kaladin
Hesina,Roshone,The Way of Kings,48,1,chapter_37,Kaladin
Hesina,Sadeas,The Way of Kings,48,1,chapter_37,Kaladin
Hesina,Tien,The Way of Kings,48,1,chapter_37,Kaladin
Kaladin,Laral,The Way of Kings,48,1,chapter_37,Kaladin
Kaladin,Lirin,The Way of Kings,48,1,chapter_37,Kaladin
Kaladin,Roshone,The Way of Kings,48,1,chapter_37,Kaladin
Kaladin,Sadeas,The Way of Kings,48,1,chapter_37,Kaladin
Kaladin,Tien,The Way of Kings,48,1,chapter_37,Kaladin
Laral,Lirin,The Way of Kings,48,1,chapter_37,Kaladin
Laral,Roshone,The Way of Kings,48,1,chapter_37,Kaladin
Laral,Sadeas,The Way of Kings,48,1,chapter_37,Kaladin
Laral,Tien,The Way of Kings,48,1,chapter_37,Kaladin
Lirin,Roshone,The Way of Kings,48,1,chapter_37,Kaladin
Lirin,Sadeas,The Way of Kings,48,1,chapter_37,Kaladin
Lirin,Tien,The Way of Kings,48,1,chapter_37,Kaladin
Roshone,Sadeas,The Way of Kings,48,1,chapter_37,Kaladin
Roshone,Tien,The Way of Kings,48,1,chapter_37,Kaladin
Sadeas,Tien,The Way of Kings,48,1,chapter_37,Kaladin
Kaladin,Sadeas,The Way of Kings,49,1,chapter_38,Kaladin
Kaladin,Tien,The Way of Kings,49,1,chapter_38,Kaladin
Sadeas,Tien,The Way of Kings,49,1,chapter_38,Kaladin
Gaz,Kaladin,The Way of Kings,49,2,chapter_38,Kaladin
Gaz,Kalak,The Way of Kings,49,2,chapter_38,Kaladin
Gaz,Leyten,The Way of Kings,49,2,chapter_38,Kaladin
Gaz,Sadeas,The Way of Kings,49,2,chapter_38,Kaladin
Gaz,Skar,The Way of Kings,49,2,chapter_38,Kaladin
Gaz,Teft,The Way of Kings,49,2,chapter_38,Kaladin
Kaladin,Kalak,The Way of Kings,49,2,chapter_38,Kaladin
Kaladin,Leyten,The Way of Kings,49,2,chapter_38,Kaladin
Kaladin,Sadeas,The Way of Kings,49,2,chapter_38,Kaladin
Kaladin,Skar,The Way of Kings,49,2,chapter_38,Kaladin
Kaladin,Teft,The Way of Kings,49,2,chapter_38,Kaladin
Kalak,Leyten,The Way of Kings,49,2,chapter_38,Kaladin
Kalak,Sadeas,The Way of Kings,49,2,chapter_38,Kaladin
Kalak,Skar,The Way of Kings,49,2,chapter_38,Kaladin
Kalak,Teft,The Way of Kings,49,2,chapter_38,Kaladin
Leyten,Sadeas,The Way of Kings,49,2,chapter_38,Kaladin
Leyten,Skar,The Way of Kings,49,2,chapter_38,Kaladin
Leyten,Teft,The Way of Kings,49,2,chapter_38,Kaladin
Sadeas,Skar,The Way of Kings,49,2,chapter_38,Kaladin
Sadeas,Teft,The Way of Kings,49,2,chapter_38,Kaladin
Skar,Teft,The Way of Kings,49,2,chapter_38,Kaladin
Balat,Jasnah,The Way of Kings,50,1,chapter_39,Shallan
Balat,Kabsal,The Way of Kings,50,1,chapter_39,Shallan
Balat,Nan,The Way of Kings,50,1,chapter_39,Shallan
Balat,Shallan,The Way of Kings,50,1,chapter_39,Shallan
Balat,Taravangian,The Way of Kings,50,1,chapter_39,Shallan
Jasnah,Kabsal,The Way of Kings,50,1,chapter_39,Shallan
Jasnah,Nan,The Way of Kings,50,1,chapter_39,Shallan
Jasnah,Shallan,The Way of Kings,50,1,chapter_39,Shallan
Jasnah,Taravangian,The Way of Kings,50,1,chapter_39,Shallan
Kabsal,Nan,The Way of Kings,50,1,chapter_39,Shallan
Kabsal,Shallan,The Way of Kings,50,1,chapter_39,Shallan
Kabsal,Taravangian,The Way of Kings,50,1,chapter_39,Shallan
Nan,Shallan,The Way of Kings,50,1,chapter_39,Shallan
Nan,Taravangian,The Way of Kings,50,1,chapter_39,Shallan
Shallan,Taravangian,The Way of Kings,50,1,chapter_39,Shallan
Balat,Jasnah,The Way of Kings,50,2,chapter_39,Shallan
Balat,Kabsal,The Way of Kings,50,2,chapter_39,Shallan
Balat,Nan,The Way of Kings,50,2,chapter_39,Shallan
Balat,Shallan,The Way of Kings,50,2,chapter_39,Shallan
Jasnah,Kabsal,The Way of Kings,50,2,chapter_39,Shallan
Jasnah,Nan,The Way of Kings,50,2,chapter_39,Shallan
Jasnah,Shallan,The Way of Kings,50,2,chapter_39,Shallan
Kabsal,Nan,The Way of Kings,50,2,chapter_39,Shallan
Kabsal,Shallan,The Way of Kings,50,2,chapter_39,Shallan
Nan,Shallan,The Way of Kings,50,2,chapter_39,Shallan
Dabbid,Gaz,The Way of Kings,51,1,chapter_40,Kaladin
Dabbid,Hobber,The Way of Kings,51,1,chapter_40,Kaladin
Dabbid,Kaladin,The Way of Kings,51,1,chapter_40,Kaladin
Dabbid,Lopen,The Way of Kings,51,1,chapter_40,Kaladin
Dabbid,Moash,The Way of Kings,51,1,chapter_40,Kaladin
Dabbid,Natam,The Way of Kings,51,1,chapter_40,Kaladin
Dabbid,Rock,The Way of Kings,51,1,chapter_40,Kaladin
Dabbid,Sadeas,The Way of Kings,51,1,chapter_40,Kaladin
Dabbid,Syl,The Way of Kings,51,1,chapter_40,Kaladin
Dabbid,Teft,The Way of Kings,51,1,chapter_40,Kaladin
Gaz,Hobber,The Way of Kings,51,1,chapter_40,Kaladin
Gaz,Kaladin,The Way of Kings,51,1,chapter_40,Kaladin
Gaz,Lopen,The Way of Kings,51,1,chapter_40,Kaladin
Gaz,Moash,The Way of Kings,51,1,chapter_40,Kaladin
Gaz,Natam,The Way of Kings,51,1,chapter_40,Kaladin
Gaz,Rock,The Way of Kings,51,1,chapter_40,Kaladin
Gaz,Sadeas,The Way of Kings,51,1,chapter_40,Kaladin
Gaz,Syl,The Way of Kings,51,1,chapter_40,Kaladin
Gaz,Teft,The Way of Kings,51,1,chapter_40,Kaladin
Hobber,Kaladin,The Way of Kings,51,1,chapter_40,Kaladin
Hobber,Lopen,The Way of Kings,51,1,chapter_40,Kaladin
Hobber,Moash,The Way of Kings,51,1,chapter_40,Kaladin
Hobber,Natam,The Way of Kings,51,1,chapter_40,Kaladin
Hobber,Rock,The Way of Kings,51,1,chapter_40,Kaladin
Hobber,Sadeas,The Way of Kings,51,1,chapter_40,Kaladin
Hobber,Syl,The Way of Kings,51,1,chapter_40,Kaladin
Hobber,Teft,The Way of Kings,51,1,chapter_40,Kaladin
Kaladin,Lopen,The Way of Kings,51,1,chapter_40,Kaladin
Kaladin,Moash,The Way of Kings,51,1,chapter_40,Kaladin
Kaladin,Natam,The Way of Kings,51,1,chapter_40,Kaladin
Kaladin,Rock,The Way of Kings,51,1,chapter_40,Kaladin
Kaladin,Sadeas,The Way of Kings,51,1,chapter_40,Kaladin
Kaladin,Syl,The Way of Kings,51,1,chapter_40,Kaladin
Kaladin,Teft,The Way of Kings,51,1,chapter_40,Kaladin
Lopen,Moash,The Way of Kings,51,1,chapter_40,Kaladin
Lopen,Natam,The Way of Kings,51,1,chapter_40,Kaladin
Lopen,Rock,The Way of Kings,51,1,chapter_40,Kaladin
Lopen,Sadeas,The Way of Kings,51,1,chapter_40,Kaladin
Lopen,Syl,The Way of Kings,51,1,chapter_40,Kaladin
Lopen,Teft,The Way of Kings,51,1,chapter_40,Kaladin
Moash,Natam,The Way of Kings,51,1,chapter_40,Kaladin
Moash,Rock,The Way of Kings,51,1,chapter_40,Kaladin
Moash,Sadeas,The Way of Kings,51,1,chapter_40,Kaladin
Moash,Syl,The Way of Kings,51,1,chapter_40,Kaladin
Moash,Teft,The Way of Kings,51,1,chapter_40,Kaladin
Natam,Rock,The Way of Kings,51,1,chapter_40,Kaladin
Natam,Sadeas,The Way of Kings,51,1,chapter_40,Kaladin
Natam,Syl,The Way of Kings,51,1,chapter_40,Kaladin
Natam,Teft,The Way of Kings,51,1,chapter_40,Kaladin
Rock,Sadeas,The Way of Kings,51,1,chapter_40,Kaladin
Rock,Syl,The Way of Kings,51,1,chapter_40,Kaladin
Rock,Teft,The Way of Kings,51,1,chapter_40,Kaladin
Sadeas,Syl,The Way of Kings,51,1,chapter_40,Kaladin
Sadeas,Teft,The Way of Kings,51,1,chapter_40,Kaladin
Syl,Teft,The Way of Kings,51,1,chapter_40,Kaladin
Kaladin,Rock,The Way of Kings,51,2,chapter_40,Kaladin
Kaladin,Sadeas,The Way of Kings,51,2,chapter_40,Kaladin
Kaladin,Sigzil,The Way of Kings,51,2,chapter_40,Kaladin
Rock,Sadeas,The Way of Kings,51,2,chapter_40,Kaladin
Rock,Sigzil,The Way of Kings,51,2,chapter_40,Kaladin
Sadeas,Sigzil,The Way of Kings,51,2,chapter_40,Kaladin
Bisig,Kaladin,The Way of Kings,51,3,chapter_40,Kaladin
Bisig,Maps,The Way of Kings,51,3,chapter_40,Kaladin
Bisig,Rock,The Way of Kings,51,3,chapter_40,Kaladin
Bisig,Sadeas,The Way of Kings,51,3,chapter_40,Kaladin
Bisig,Sigzil,The Way of Kings,51,3,chapter_40,Kaladin
Bisig,Skar,The Way of Kings,51,3,chapter_40,Kaladin
Bisig,Syl,The Way of Kings,51,3,chapter_40,Kaladin
Bisig,Teft,The Way of Kings,51,3,chapter_40,Kaladin
Kaladin,Maps,The Way of Kings,51,3,chapter_40,Kaladin
Kaladin,Rock,The Way of Kings,51,3,chapter_40,Kaladin
Kaladin,Sadeas,The Way of Kings,51,3,chapter_40,Kaladin
Kaladin,Sigzil,The Way of Kings,51,3,chapter_40,Kaladin
Kaladin,Skar,The Way of Kings,51,3,chapter_40,Kaladin
Kaladin,Syl,The Way of Kings,51,3,chapter_40,Kaladin
Kaladin,Teft,The Way of Kings,51,3,chapter_40,Kaladin
Maps,Rock,The Way of Kings,51,3,chapter_40,Kaladin
Maps,Sadeas,The Way of Kings,51,3,chapter_40,Kaladin
Maps,Sigzil,The Way of Kings,51,3,chapter_40,Kaladin
Maps,Skar,The Way of Kings,51,3,chapter_40,Kaladin
Maps,Syl,The Way of Kings,51,3,chapter_40,Kaladin
Maps,Teft,The Way of Kings,51,3,chapter_40,Kaladin
Rock,Sadeas,The Way of Kings,51,3,chapter_40,Kaladin
Rock,Sigzil,The Way of Kings,51,3,chapter_40,Kaladin
Rock,Skar,The Way of Kings,51,3,chapter_40,Kaladin
Rock,Syl,The Way of Kings,51,3,chapter_40,Kaladin
Rock,Teft,The Way of Kings,51,3,chapter_40,Kaladin
Sadeas,Sigzil,The Way of Kings,51,3,chapter_40,Kaladin
Sadeas,Skar,The Way of Kings,51,3,chapter_40,Kaladin
Sadeas,Syl,The Way of Kings,51,3,chapter_40,Kaladin
Sadeas,Teft,The Way of Kings,51,3,chapter_40,Kaladin
Sigzil,Skar,The Way of Kings,51,3,chapter_40,Kaladin
Sigzil,Syl,The Way of Kings,51,3,chapter_40,Kaladin
Sigzil,Teft,The Way of Kings,51,3,chapter_40,Kaladin
Skar,Syl,The Way of Kings,51,3,chapter_40,Kaladin
Skar,Teft,The Way of Kings,51,3,chapter_40,Kaladin
Syl,Teft,The Way of Kings,51,3,chapter_40,Kaladin
Hesina,Kaladin,The Way of Kings,52,1,chapter_41,Kaladin
Hesina,Laral,The Way of Kings,52,1,chapter_41,Kaladin
Hesina,Lirin,The Way of Kings,52,1,chapter_41,Kaladin
Hesina,Roshone,The Way of Kings,52,1,chapter_41,Kaladin
Hesina,Tien,The Way of Kings,52,1,chapter_41,Kaladin
Kaladin,Laral,The Way of Kings,52,1,chapter_41,Kaladin
Kaladin,Lirin,The Way of Kings,52,1,chapter_41,Kaladin
Kaladin,Roshone,The Way of Kings,52,1,chapter_41,Kaladin
Kaladin,Tien,The Way of Kings,52,1,chapter_41,Kaladin
Laral,Lirin,The Way of Kings,52,1,chapter_41,Kaladin
Laral,Roshone,The Way of Kings,52,1,chapter_41,Kaladin
Laral,Tien,The Way of Kings,52,1,chapter_41,Kaladin
Lirin,Roshone,The Way of Kings,52,1,chapter_41,Kaladin
Lirin,Tien,The Way of Kings,52,1,chapter_41,Kaladin
Roshone,Tien,The Way of Kings,52,1,chapter_41,Kaladin
Kaladin,Lirin,The Way of Kings,52,2,chapter_41,Kaladin
Kaladin,Roshone,The Way of Kings,52,2,chapter_41,Kaladin
Lirin,Roshone,The Way of Kings,52,2,chapter_41,Kaladin
Jasnah,Kabsal,The Way of Kings,53,1,chapter_42,Shallan
Jasnah,Shallan,The Way of Kings,53,1,chapter_42,Shallan
Kabsal,Shallan,The Way of Kings,53,1,chapter_42,Shallan
Balat,Elhokar,The Way of Kings,53,2,chapter_42,Shallan
Balat,Jasnah,The Way of Kings,53,2,chapter_42,Shallan
Balat,Kabsal,The Way of Kings,53,2,chapter_42,Shallan
Balat,Nan,The Way of Kings,53,2,chapter_42,Shallan
Balat,Shallan,The Way of Kings,53,2,chapter_42,Shallan
Elhokar,Jasnah,The Way of Kings,53,2,chapter_42,Shallan
Elhokar,Kabsal,The Way of Kings,53,2,chapter_42,Shallan
Elhokar,Nan,The Way of Kings,53,2,chapter_42,Shallan
Elhokar,Shallan,The Way of Kings,53,2,chapter_42,Shallan
Jasnah,Kabsal,The Way of Kings,53,2,chapter_42,Shallan
Jasnah,Nan,The Way of Kings,53,2,chapter_42,Shallan
Jasnah,Shallan,The Way of Kings,53,2,chapter_42,Shallan
Kabsal,Nan,The Way of Kings,53,2,chapter_42,Shallan
Kabsal,Shallan,The Way of Kings,53,2,chapter_42,Shallan
Nan,Shallan,The Way of Kings,53,2,chapter_42,Shallan
Gaz,Hobber,The Way of Kings,54,1,chapter_43,Kaladin
Gaz,Kaladin,The Way of Kings,54,1,chapter_43,Kaladin
Gaz,Moash,The Way of Kings,54,1,chapter_43,Kaladin
Gaz,Rock,The Way of Kings,54,1,chapter_43,Kaladin
Gaz,Sadeas,The Way of Kings,54,1,chapter_43,Kaladin
Gaz,Syl,The Way of Kings,54,1,chapter_43,Kaladin
Hobber,Kaladin,The Way of Kings,54,1,chapter_43,Kaladin
Hobber,Moash,The Way of Kings,54,1,chapter_43,Kaladin
Hobber,Rock,The Way of Kings,54,1,chapter_43,Kaladin
Hobber,Sadeas,The Way of Kings,54,1,chapter_43,Kaladin
Hobber,Syl,The Way of Kings,54,1,chapter_43,Kaladin
Kaladin,Moash,The Way of Kings,54,1,chapter_43,Kaladin
Kaladin,Rock,The Way of Kings,54,1,chapter_43,Kaladin
Kaladin,Sadeas,The Way of Kings,54,1,chapter_43,Kaladin
Kaladin,Syl,The Way of Kings,54,1,chapter_43,Kaladin
Moash,Rock,The Way of Kings,54,1,chapter_43,Kaladin
Moash,Sadeas,The Way of Kings,54,1,chapter_43,Kaladin
Moash,Syl,The Way of Kings,54,1,chapter_43,Kaladin
Rock,Sadeas,The Way of Kings,54,1,chapter_43,Kaladin
Rock,Syl,The Way of Kings,54,1,chapter_43,Kaladin
Sadeas,Syl,The Way of Kings,54,1,chapter_43,Kaladin
Hobber,Jaks,The Way of Kings,54,2,chapter_43,Kaladin
Hobber,Kaladin,The Way of Kings,54,2,chapter_43,Kaladin
Hobber,Leyten,The Way of Kings,54,2,chapter_43,Kaladin
Hobber,Maps,The Way of Kings,54,2,chapter_43,Kaladin
Hobber,Moash,The Way of Kings,54,2,chapter_43,Kaladin
Hobber,Rock,The Way of Kings,54,2,chapter_43,Kaladin
Hobber,Sadeas,The Way of Kings,54,2,chapter_43,Kaladin
Hobber,Sigzil,The Way of Kings,54,2,chapter_43,Kaladin
Hobber,Skar,The Way of Kings,54,2,chapter_43,Kaladin
Hobber,Syl,The Way of Kings,54,2,chapter_43,Kaladin
Hobber,Teft,The Way of Kings,54,2,chapter_43,Kaladin
Hobber,Tien,The Way of Kings,54,2,chapter_43,Kaladin
Jaks,Kaladin,The Way of Kings,54,2,chapter_43,Kaladin
Jaks,Leyten,The Way of Kings,54,2,chapter_43,Kaladin
Jaks,Maps,The Way of Kings,54,2,chapter_43,Kaladin
Jaks,Moash,The Way of Kings,54,2,chapter_43,Kaladin
Jaks,Rock,The Way of Kings,54,2,chapter_43,Kaladin
Jaks,Sadeas,The Way of Kings,54,2,chapter_43,Kaladin
Jaks,Sigzil,The Way of Kings,54,2,chapter_43,Kaladin
Jaks,Skar,The Way of Kings,54,2,chapter_43,Kaladin
Jaks,Syl,The Way of Kings,54,2,chapter_43,Kaladin
Jaks,Teft,The Way of Kings,54,2,chapter_43,Kaladin
Jaks,Tien,The Way of Kings,54,2,chapter_43,Kaladin
Kaladin,Leyten,The Way of Kings,54,2,chapter_43,Kaladin
Kaladin,Maps,The Way of Kings,54,2,chapter_43,Kaladin
Kaladin,Moash,The Way of Kings,54,2,chapter_43,Kaladin
Kaladin,Rock,The Way of Kings,54,2,chapter_43,Kaladin
Kaladin,Sadeas,The Way of Kings,54,2,chapter_43,Kaladin
Kaladin,Sigzil,The Way of Kings,54,2,chapter_43,Kaladin
Kaladin,Skar,The Way of Kings,54,2,chapter_43,Kaladin
Kaladin,Syl,The Way of Kings,54,2,chapter_43,Kaladin
Kaladin,Teft,The Way of Kings,54,2,chapter_43,Kaladin
Kaladin,Tien,The Way of Kings,54,2,chapter_43,Kaladin
Leyten,Maps,The Way of Kings,54,2,chapter_43,Kaladin
Leyten,Moash,The Way of Kings,54,2,chapter_43,Kaladin
Leyten,Rock,The Way of Kings,54,2,chapter_43,Kaladin
Leyten,Sadeas,The Way of Kings,54,2,chapter_43,Kaladin
Leyten,Sigzil,The Way of Kings,54,2,chapter_43,Kaladin
Leyten,Skar,The Way of Kings,54,2,chapter_43,Kaladin
Leyten,Syl,The Way of Kings,54,2,chapter_43,Kaladin
Leyten,Teft,The Way of Kings,54,2,chapter_43,Kaladin
Leyten,Tien,The Way of Kings,54,2,chapter_43,Kaladin
Maps,Moash,The Way of Kings,54,2,chapter_43,Kaladin
Maps,Rock,The Way of Kings,54,2,chapter_43,Kaladin
Maps,Sadeas,The Way of Kings,54,2,chapter_43,Kaladin
Maps,Sigzil,The Way of Kings,54,2,chapter_43,Kaladin
Maps,Skar,The Way of Kings,54,2,chapter_43,Kaladin
Maps,Syl,The Way of Kings,54,2,chapter_43,Kaladin
Maps,Teft,The Way of Kings,54,2,chapter_43,Kaladin
Maps,Tien,The Way of Kings,54,2,chapter_43,Kaladin
Moash,Rock,The Way of Kings,54,2,chapter_43,Kaladin
Moash,Sadeas,The Way of Kings,54,2,chapter_43,Kaladin
Moash,Sigzil,The Way of Kings,54,2,chapter_43,Kaladin
Moash,Skar,The Way of Kings,54,2,chapter_43,Kaladin
Moash,Syl,The Way of Kings,54,2,chapter_43,Kaladin
Moash,Teft,The Way of Kings,54,2,chapter_43,Kaladin
Moash,Tien,The Way of Kings,54,2,chapter_43,Kaladin
Rock,Sadeas,The Way of Kings,54,2,chapter_43,Kaladin
Rock,Sigzil,The Way of Kings,54,2,chapter_43,Kaladin
Rock,Skar,The Way of Kings,54,2,chapter_43,Kaladin
Rock,Syl,The Way of Kings,54,2,chapter_43,Kaladin
Rock,Teft,The Way of Kings,54,2,chapter_43,Kaladin
Rock,Tien,The Way of Kings,54,2,chapter_43,Kaladin
Sadeas,Sigzil,The Way of Kings,54,2,chapter_43,Kaladin
Sadeas,Skar,The Way of Kings,54,2,chapter_43,Kaladin
Sadeas,Syl,The Way of Kings,54,2,chapter_43,Kaladin
Sadeas,Teft,The Way of Kings,54,2,chapter_43,Kaladin
Sadeas,Tien,The Way of Kings,54,2,chapter_43,Kaladin
Sigzil,Skar,The Way of Kings,54,2,chapter_43,Kaladin
Sigzil,Syl,The Way of Kings,54,2,chapter_43,Kaladin
Sigzil,Teft,The Way of Kings,54,2,chapter_43,Kaladin
Sigzil,Tien,The Way of Kings,54,2,chapter_43,Kaladin
Skar,Syl,The Way of Kings,54,2,chapter_43,Kaladin
Skar,Teft,The Way of Kings,54,2,chapter_43,Kaladin
Skar,Tien,The Way of Kings,54,2,chapter_43,Kaladin
Syl,Teft,The Way of Kings,54,2,chapter_43,Kaladin
Syl,Tien,The Way of Kings,54,2,chapter_43,Kaladin
Teft,Tien,The Way of Kings,54,2,chapter_43,Kaladin
Amaram,Hesina,The Way of Kings,55,1,chapter_44,Kaladin
Amaram,Kaladin,The Way of Kings,55,1,chapter_44,Kaladin
Amaram,Laral,The Way of Kings,55,1,chapter_44,Kaladin
Amaram,Lirin,The Way of Kings,55,1,chapter_44,Kaladin
Amaram,Roshone,The Way of Kings,55,1,chapter_44,Kaladin
Amaram,Sadeas,The Way of Kings,55,1,chapter_44,Kaladin
Amaram,Tien,The Way of Kings,55,1,chapter_44,Kaladin
Hesina,Kaladin,The Way of Kings,55,1,chapter_44,Kaladin
Hesina,Laral,The Way of Kings,55,1,chapter_44,Kaladin
Hesina,Lirin,The Way of Kings,55,1,chapter_44,Kaladin
Hesina,Roshone,The Way of Kings,55,1,chapter_44,Kaladin
Hesina,Sadeas,The Way of Kings,55,1,chapter_44,Kaladin
Hesina,Tien,The Way of Kings,55,1,chapter_44,Kaladin
Kaladin,Laral,The Way of Kings,55,1,chapter_44,Kaladin
Kaladin,Lirin,The Way of Kings,55,1,chapter_44,Kaladin
Kaladin,Roshone,The Way of Kings,55,1,chapter_44,Kaladin
Kaladin,Sadeas,The Way of Kings,55,1,chapter_44,Kaladin
Kaladin,Tien,The Way of Kings,55,1,chapter_44,Kaladin
Laral,Lirin,The Way of Kings,55,1,chapter_44,Kaladin
Laral,Roshone,The Way of Kings,55,1,chapter_44,Kaladin
Laral,Sadeas,The Way of Kings,55,1,chapter_44,Kaladin
Laral,Tien,The Way of Kings,55,1,chapter_44,Kaladin
Lirin,Roshone,The Way of Kings,55,1,chapter_44,Kaladin
Lirin,Sadeas,The Way of Kings,55,1,chapter_44,Kaladin
Lirin,Tien,The Way of Kings,55,1,chapter_44,Kaladin
Roshone,Sadeas,The Way of Kings,55,1,chapter_44,Kaladin
Roshone,Tien,The Way of Kings,55,1,chapter_44,Kaladin
Sadeas,Tien,The Way of Kings,55,1,chapter_44,Kaladin
Dalinar,Gavilar,The Way of Kings,56,1,chapter_45,Shallan
Dalinar,Jasnah,The Way of Kings,56,1,chapter_45,Shallan
Dalinar,Navani,The Way of Kings,56,1,chapter_45,Shallan
Dalinar,Shallan,The Way of Kings,56,1,chapter_45,Shallan
Gavilar,Jasnah,The Way of Kings,56,1,chapter_45,Shallan
Gavilar,Navani,The Way of Kings,56,1,chapter_45,Shallan
Gavilar,Shallan,The Way of Kings,56,1,chapter_45,Shallan
Jasnah,Navani,The Way of Kings,56,1,chapter_45,Shallan
Jasnah,Shallan,The Way of Kings,56,1,chapter_45,Shallan
Navani,Shallan,The Way of Kings,56,1,chapter_45,Shallan
Jasnah,Kabsal,The Way of Kings,56,2,chapter_45,Shallan
Jasnah,Shallan,The Way of Kings,56,2,chapter_45,Shallan
Kabsal,Shallan,The Way of Kings,56,2,chapter_45,Shallan
Kaladin,Sigzil,The Way of Kings,57,1,chapter_46,Kaladin
Amaram,Bisig,The Way of Kings,57,2,chapter_46,Kaladin
Amaram,Dabbid,The Way of Kings,57,2,chapter_46,Kaladin
Amaram,Gaz,The Way of Kings,57,2,chapter_46,Kaladin
Amaram,Kaladin,The Way of Kings,57,2,chapter_46,Kaladin
Amaram,Kalak,The Way of Kings,57,2,chapter_46,Kaladin
Amaram,Lopen,The Way of Kings,57,2,chapter_46,Kaladin
Amaram,Moash,The Way of Kings,57,2,chapter_46,Kaladin
Amaram,Rock,The Way of Kings,57,2,chapter_46,Kaladin
Amaram,Sadeas,The Way of Kings,57,2,chapter_46,Kaladin
Amaram,Sigzil,The Way of Kings,57,2,chapter_46,Kaladin
Amaram,Skar,The Way of Kings,57,2,chapter_46,Kaladin
Amaram,Syl,The Way of Kings,57,2,chapter_46,Kaladin
Amaram,Teft,The Way of Kings,57,2,chapter_46,Kaladin
Amaram,Yake,The Way of Kings,57,2,chapter_46,Kaladin
Bisig,Dabbid,The Way of Kings,57,2,chapter_46,Kaladin
Bisig,Gaz,The Way of Kings,57,2,chapter_46,Kaladin
Bisig,Kaladin,The Way of Kings,57,2,chapter_46,Kaladin
Bisig,Kalak,The Way of Kings,57,2,chapter_46,Kaladin
Bisig,Lopen,The Way of Kings,57,2,chapter_46,Kaladin
Bisig,Moash,The Way of Kings,57,2,chapter_46,Kaladin
Bisig,Rock,The Way of Kings,57,2,chapter_46,Kaladin
Bisig,Sadeas,The Way of Kings,57,2,chapter_46,Kaladin
Bisig,Sigzil,The Way of Kings,57,2,chapter_46,Kaladin
Bisig,Skar,The Way of Kings,57,2,chapter_46,Kaladin
Bisig,Syl,The Way of Kings,57,2,chapter_46,Kaladin
Bisig,Teft,The Way of Kings,57,2,chapter_46,Kaladin
Bisig,Yake,The Way of Kings,57,2,chapter_46,Kaladin
Dabbid,Gaz,The Way of Kings,57,2,chapter_46,Kaladin
Dabbid,Kaladin,The Way of Kings,57,2,chapter_46,Kaladin
Dabbid,Kalak,The Way of Kings,57,2,chapter_46,Kaladin
Dabbid,Lopen,The Way of Kings,57,2,chapter_46,Kaladin
Dabbid,Moash,The Way of Kings,57,2,chapter_46,Kaladin
Dabbid,Rock,The Way of Kings,57,2,chapter_46,Kaladin
Dabbid,Sadeas,The Way of Kings,57,2,chapter_46,Kaladin
Dabbid,Sigzil,The Way of Kings,57,2,chapter_46,Kaladin
Dabbid,Skar,The Way of Kings,57,2,chapter_46,Kaladin
Dabbid,Syl,The Way of Kings,57,2,chapter_46,Kaladin
Dabbid,Teft,The Way of Kings,57,2,chapter_46,Kaladin
Dabbid,Yake,The Way of Kings,57,2,chapter_46,Kaladin
Gaz,Kaladin,The Way of Kings,57,2,chapter_46,Kaladin
Gaz,Kalak,The Way of Kings,57,2,chapter_46,Kaladin
Gaz,Lopen,The Way of Kings,57,2,chapter_46,Kaladin
Gaz,Moash,The Way of Kings,57,2,chapter_46,Kaladin
Gaz,Rock,The Way of Kings,57,2,chapter_46,Kaladin
Gaz,Sadeas,The Way of Kings,57,2,chapter_46,Kaladin
Gaz,Sigzil,The Way of Kings,57,2,chapter_46,Kaladin
Gaz,Skar,The Way of Kings,57,2,chapter_46,Kaladin
Gaz,Syl,The Way of Kings,57,2,chapter_46,Kaladin
Gaz,Teft,The Way of Kings,57,2,chapter_46,Kaladin
Gaz,Yake,The Way of Kings,57,2,chapter_46,Kaladin
Kaladin,Kalak,The Way of Kings,57,2,chapter_46,Kaladin
Kaladin,Lopen,The Way of Kings,57,2,chapter_46,Kaladin
Kaladin,Moash,The Way of Kings,57,2,chapter_46,Kaladin
Kaladin,Rock,The Way of Kings,57,2,chapter_46,Kaladin
Kaladin,Sadeas,The Way of Kings,57,2,chapter_46,Kaladin
Kaladin,Sigzil,The Way of Kings,57,2,chapter_46,Kaladin
Kaladin,Skar,The Way of Kings,57,2,chapter_46,Kaladin
Kaladin,Syl,The Way of Kings,57,2,chapter_46,Kaladin
Kaladin,Teft,The Way of Kings,57,2,chapter_46,Kaladin
Kaladin,Yake,The Way of Kings,57,2,chapter_46,Kaladin
Kalak,Lopen,The Way of Kings,57,2,chapter_46,Kaladin
Kalak,Moash,The Way of Kings,57,2,chapter_46,Kaladin
Kalak,Rock,The Way of Kings,57,2,chapter_46,Kaladin
Kalak,Sadeas,The Way of Kings,57,2,chapter_46,Kaladin
Kalak,Sigzil,The Way of Kings,57,2,chapter_46,Kaladin
Kalak,Skar,The Way of Kings,57,2,chapter_46,Kaladin
Kalak,Syl,The Way of Kings,57,2,chapter_46,Kaladin
Kalak,Teft,The Way of Kings,57,2,chapter_46,Kaladin
Kalak,Yake,The Way of Kings,57,2,chapter_46,Kaladin
Lopen,Moash,The Way of Kings,57,2,chapter_46,Kaladin
Lopen,Rock,The Way of Kings,57,2,chapter_46,Kaladin
Lopen,Sadeas,The Way of Kings,57,2,chapter_46,Kaladin
Lopen,Sigzil,The Way of Kings,57,2,chapter_46,Kaladin
Lopen,Skar,The Way of Kings,57,2,chapter_46,Kaladin
Lopen,Syl,The Way of Kings,57,2,chapter_46,Kaladin
Lopen,Teft,The Way of Kings,57,2,chapter_46,Kaladin
Lopen,Yake,The Way of Kings,57,2,chapter_46,Kaladin
Moash,Rock,The Way of Kings,57,2,chapter_46,Kaladin
Moash,Sadeas,The Way of Kings,57,2,chapter_46,Kaladin
Moash,Sigzil,The Way of Kings,57,2,chapter_46,Kaladin
Moash,Skar,The Way of Kings,57,2,chapter_46,Kaladin
Moash,Syl,The Way of Kings,57,2,chapter_46,Kaladin
Moash,Teft,The Way of Kings,57,2,chapter_46,Kaladin
Moash,Yake,The Way of Kings,57,2,chapter_46,Kaladin
Rock,Sadeas,The Way of Kings,57,2,chapter_46,Kaladin
Rock,Sigzil,The Way of Kings,57,2,chapter_46,Kaladin
Rock,Skar,The Way of Kings,57,2,chapter_46,Kaladin
Rock,Syl,The Way of Kings,57,2,chapter_46,Kaladin
Rock,Teft,The Way of Kings,57,2,chapter_46,Kaladin
Rock,Yake,The Way of Kings,57,2,chapter_46,Kaladin
Sadeas,Sigzil,The Way of Kings,57,2,chapter_46,Kaladin
Sadeas,Skar,The Way of Kings,57,2,chapter_46,Kaladin
Sadeas,Syl,The Way of Kings,57,2,chapter_46,Kaladin
Sadeas,Teft,The Way of Kings,57,2,chapter_46,Kaladin
Sadeas,Yake,The Way of Kings,57,2,chapter_46,Kaladin
Sigzil,Skar,The Way of Kings,57,2,chapter_46,Kaladin
Sigzil,Syl,The Way of Kings,57,2,chapter_46,Kaladin
Sigzil,Teft,The Way of Kings,57,2,chapter_46,Kaladin
Sigzil,Yake,The Way of Kings,57,2,chapter_46,Kaladin
Skar,Syl,The Way of Kings,57,2,chapter_46,Kaladin
Skar,Teft,The Way of Kings,57,2,chapter_46,Kaladin
Skar,Yake,The Way of Kings,57,2,chapter_46,Kaladin
Syl,Teft,The Way of Kings,57,2,chapter_46,Kaladin
Syl,Yake,The Way of Kings,57,2,chapter_46,Kaladin
Teft,Yake,The Way of Kings,57,2,chapter_46,Kaladin
Adolin,Amaram,The Way of Kings,57,3,chapter_46,Kaladin
Adolin,Kaladin,The Way of Kings,57,3,chapter_46,Kaladin
Adolin,Sadeas,The Way of Kings,57,3,chapter_46,Kaladin
Adolin,Syl,The Way of Kings,57,3,chapter_46,Kaladin
Adolin,Tien,The Way of Kings,57,3,chapter_46,Kaladin
Amaram,Kaladin,The Way of Kings,57,3,chapter_46,Kaladin
Amaram,Sadeas,The Way of Kings,57,3,chapter_46,Kaladin
Amaram,Syl,The Way of Kings,57,3,chapter_46,Kaladin
Amaram,Tien,The Way of Kings,57,3,chapter_46,Kaladin
Kaladin,Sadeas,The Way of Kings,57,3,chapter_46,Kaladin
Kaladin,Syl,The Way of Kings,57,3,chapter_46,Kaladin
Kaladin,Tien,The Way of Kings,57,3,chapter_46,Kaladin
Sadeas,Syl,The Way of Kings,57,3,chapter_46,Kaladin
Sadeas,Tien,The Way of Kings,57,3,chapter_46,Kaladin
Syl,Tien,The Way of Kings,57,3,chapter_46,Kaladin
Amaram,Cenn,The Way of Kings,58,1,chapter_47,Kaladin
Amaram,Kaladin,The Way of Kings,58,1,chapter_47,Kaladin
Amaram,Roshone,The Way of Kings,58,1,chapter_47,Kaladin
Amaram,Sadeas,The Way of Kings,58,1,chapter_47,Kaladin
Amaram,Tien,The Way of Kings,58,1,chapter_47,Kaladin
Cenn,Kaladin,The Way of Kings,58,1,chapter_47,Kaladin
Cenn,Roshone,The Way of Kings,58,1,chapter_47,Kaladin
Cenn,Sadeas,The Way of Kings,58,1,chapter_47,Kaladin
Cenn,Tien,The Way of Kings,58,1,chapter_47,Kaladin
Kaladin,Roshone,The Way of Kings,58,1,chapter_47,Kaladin
Kaladin,Sadeas,The Way of Kings,58,1,chapter_47,Kaladin
Kaladin,Tien,The Way of Kings,58,1,chapter_47,Kaladin
Roshone,Sadeas,The Way of Kings,58,1,chapter_47,Kaladin
Roshone,Tien,The Way of Kings,58,1,chapter_47,Kaladin
Sadeas,Tien,The Way of Kings,58,1,chapter_47,Kaladin
Amaram,Cenn,The Way of Kings,58,2,chapter_47,Kaladin
Amaram,Coreb,The Way of Kings,58,2,chapter_47,Kaladin
Amaram,Dalinar,The Way of Kings,58,2,chapter_47,Kaladin
Amaram,Kaladin,The Way of Kings,58,2,chapter_47,Kaladin
Amaram,Roshone,The Way of Kings,58,2,chapter_47,Kaladin
Amaram,Sadeas,The Way of Kings,58,2,chapter_47,Kaladin
Amaram,Tien,The Way of Kings,58,2,chapter_47,Kaladin
Cenn,Coreb,The Way of Kings,58,2,chapter_47,Kaladin
Cenn,Dalinar,The Way of Kings,58,2,chapter_47,Kaladin
Cenn,Kaladin,The Way of Kings,58,2,chapter_47,Kaladin
Cenn,Roshone,The Way of Kings,58,2,chapter_47,Kaladin
Cenn,Sadeas,The Way of Kings,58,2,chapter_47,Kaladin
Cenn,Tien,The Way of Kings,58,2,chapter_47,Kaladin
Coreb,Dalinar,The Way of Kings,58,2,chapter_47,Kaladin
Coreb,Kaladin,The Way of Kings,58,2,chapter_47,Kaladin
Coreb,Roshone,The Way of Kings,58,2,chapter_47,Kaladin
Coreb,Sadeas,The Way of Kings,58,2,chapter_47,Kaladin
Coreb,Tien,The Way of Kings,58,2,chapter_47,Kaladin
Dalinar,Kaladin,The Way of Kings,58,2,chapter_47,Kaladin
Dalinar,Roshone,The Way of Kings,58,2,chapter_47,Kaladin
Dalinar,Sadeas,The Way of Kings,58,2,chapter_47,Kaladin
Dalinar,Tien,The Way of Kings,58,2,chapter_47,Kaladin
Kaladin,Roshone,The Way of Kings,58,2,chapter_47,Kaladin
Kaladin,Sadeas,The Way of Kings,58,2,chapter_47,Kaladin
Kaladin,Tien,The Way of Kings,58,2,chapter_47,Kaladin
Roshone,Sadeas,The Way of Kings,58,2,chapter_47,Kaladin
Roshone,Tien,The Way of Kings,58,2,chapter_47,Kaladin
Sadeas,Tien,The Way of Kings,58,2,chapter_47,Kaladin
Jasnah,Kabsal,The Way of Kings,59,1,chapter_48,Shallan
Jasnah,Shallan,The Way of Kings,59,1,chapter_48,Shallan
Jasnah,Taravangian,The Way of Kings,59,1,chapter_48,Shallan
Kabsal,Shallan,The Way of Kings,59,1,chapter_48,Shallan
Kabsal,Taravangian,The Way of Kings,59,1,chapter_48,Shallan
Shallan,Taravangian,The Way of Kings,59,1,chapter_48,Shallan
Dabbid,Drehy,The Way of Kings,60,1,chapter_49,Kaladin
Dabbid,Gaz,The Way of Kings,60,1,chapter_49,Kaladin
Dabbid,Kaladin,The Way of Kings,60,1,chapter_49,Kaladin
Dabbid,Leyten,The Way of Kings,60,1,chapter_49,Kaladin
Dabbid,Lopen,The Way of Kings,60,1,chapter_49,Kaladin
Dabbid,Moash,The Way of Kings,60,1,chapter_49,Kaladin
Dabbid,Rock,The Way of Kings,60,1,chapter_49,Kaladin
Dabbid,Sadeas,The Way of Kings,60,1,chapter_49,Kaladin
Dabbid,Skar,The Way of Kings,60,1,chapter_49,Kaladin
Dabbid,Syl,The Way of Kings,60,1,chapter_49,Kaladin
Dabbid,Teft,The Way of Kings,60,1,chapter_49,Kaladin
Drehy,Gaz,The Way of Kings,60,1,chapter_49,Kaladin
Drehy,Kaladin,The Way of Kings,60,1,chapter_49,Kaladin
Drehy,Leyten,The Way of Kings,60,1,chapter_49,Kaladin
Drehy,Lopen,The Way of Kings,60,1,chapter_49,Kaladin
Drehy,Moash,The Way of Kings,60,1,chapter_49,Kaladin
Drehy,Rock,The Way of Kings,60,1,chapter_49,Kaladin
Drehy,Sadeas,The Way of Kings,60,1,chapter_49,Kaladin
Drehy,Skar,The Way of Kings,60,1,chapter_49,Kaladin
Drehy,Syl,The Way of Kings,60,1,chapter_49,Kaladin
Drehy,Teft,The Way of Kings,60,1,chapter_49,Kaladin
Gaz,Kaladin,The Way of Kings,60,1,chapter_49,Kaladin
Gaz,Leyten,The Way of Kings,60,1,chapter_49,Kaladin
Gaz,Lopen,The Way of Kings,60,1,chapter_49,Kaladin
Gaz,Moash,The Way of Kings,60,1,chapter_49,Kaladin
Gaz,Rock,The Way of Kings,60,1,chapter_49,Kaladin
Gaz,Sadeas,The Way of Kings,60,1,chapter_49,Kaladin
Gaz,Skar,The Way of Kings,60,1,chapter_49,Kaladin
Gaz,Syl,The Way of Kings,60,1,chapter_49,Kaladin
Gaz,Teft,The Way of Kings,60,1,chapter_49,Kaladin
Kaladin,Leyten,The Way of Kings,60,1,chapter_49,Kaladin
Kaladin,Lopen,The Way of Kings,60,1,chapter_49,Kaladin
Kaladin,Moash,The Way of Kings,60,1,chapter_49,Kaladin
Kaladin,Rock,The Way of Kings,60,1,chapter_49,Kaladin
Kaladin,Sadeas,The Way of Kings,60,1,chapter_49,Kaladin
Kaladin,Skar,The Way of Kings,60,1,chapter_49,Kaladin
Kaladin,Syl,The Way of Kings,60,1,chapter_49,Kaladin
Kaladin,Teft,The Way of Kings,60,1,chapter_49,Kaladin
Leyten,Lopen,The Way of Kings,60,1,chapter_49,Kaladin
Leyten,Moash,The Way of Kings,60,1,chapter_49,Kaladin
Leyten,Rock,The Way of Kings,60,1,chapter_49,Kaladin
Leyten,Sadeas,The Way of Kings,60,1,chapter_49,Kaladin
Leyten,Skar,The Way of Kings,60,1,chapter_49,Kaladin
Leyten,Syl,The Way of Kings,60,1,chapter_49,Kaladin
Leyten,Teft,The Way of Kings,60,1,chapter_49,Kaladin
Lopen,Moash,The Way of Kings,60,1,chapter_49,Kaladin
Lopen,Rock,The Way of Kings,60,1,chapter_49,Kaladin
Lopen,Sadeas,The Way of Kings,60,1,chapter_49,Kaladin
Lopen,Skar,The Way of Kings,60,1,chapter_49,Kaladin
Lopen,Syl,The Way of Kings,60,1,chapter_49,Kaladin
Lopen,Teft,The Way of Kings,60,1,chapter_49,Kaladin
Moash,Rock,The Way of Kings,60,1,chapter_49,Kaladin
Moash,Sadeas,The Way of Kings,60,1,chapter_49,Kaladin
Moash,Skar,The Way of Kings,60,1,chapter_49,Kaladin
Moash,Syl,The Way of Kings,60,1,chapter_49,Kaladin
Moash,Teft,The Way of Kings,60,1,chapter_49,Kaladin
Rock,Sadeas,The Way of Kings,60,1,chapter_49,Kaladin
Rock,Skar,The Way of Kings,60,1,chapter_49,Kaladin
Rock,Syl,The Way of Kings,60,1,chapter_49,Kaladin
Rock,Teft,The Way of Kings,60,1,chapter_49,Kaladin
Sadeas,Skar,The Way of Kings,60,1,chapter_49,Kaladin
Sadeas,Syl,The Way of Kings,60,1,chapter_49,Kaladin
Sadeas,Teft,The Way of Kings,60,1,chapter_49,Kaladin
Skar,Syl,The Way of Kings,60,1,chapter_49,Kaladin
Skar,Teft,The Way of Kings,60,1,chapter_49,Kaladin
Syl,Teft,The Way of Kings,60,1,chapter_49,Kaladin
Jasnah,Kabsal,The Way of Kings,61,1,chapter_50,Shallan
Jasnah,Shallan,The Way of Kings,61,1,chapter_50,Shallan
Kabsal,Shallan,The Way of Kings,61,1,chapter_50,Shallan
Amaram,Baxil,The Way of Kings,62,1,chapter_51,Kaladin
Amaram,Coreb,The Way of Kings,62,1,chapter_51,Kaladin
Amaram,Geranid,The Way of Kings,62,1,chapter_51,Kaladin
Amaram,Kaladin,The Way of Kings,62,1,chapter_51,Kaladin
Amaram,Roshone,The Way of Kings,62,1,chapter_51,Kaladin
Amaram,Szeth,The Way of Kings,62,1,chapter_51,Kaladin
Amaram,Tien,The Way of Kings,62,1,chapter_51,Kaladin
Baxil,Coreb,The Way of Kings,62,1,chapter_51,Kaladin
Baxil,Geranid,The Way of Kings,62,1,chapter_51,Kaladin
Baxil,Kaladin,The Way of Kings,62,1,chapter_51,Kaladin
Baxil,Roshone,The Way of Kings,62,1,chapter_51,Kaladin
Baxil,Szeth,The Way of Kings,62,1,chapter_51,Kaladin
Baxil,Tien,The Way of Kings,62,1,chapter_51,Kaladin
Coreb,Geranid,The Way of Kings,62,1,chapter_51,Kaladin
Coreb,Kaladin,The Way of Kings,62,1,chapter_51,Kaladin
Coreb,Roshone,The Way of Kings,62,1,chapter_51,Kaladin
Coreb,Szeth,The Way of Kings,62,1,chapter_51,Kaladin
Coreb,Tien,The Way of Kings,62,1,chapter_51,Kaladin
Geranid,Kaladin,The Way of Kings,62,1,chapter_51,Kaladin
Geranid,Roshone,The Way of Kings,62,1,chapter_51,Kaladin
Geranid,Szeth,The Way of Kings,62,1,chapter_51,Kaladin
Geranid,Tien,The Way of Kings,62,1,chapter_51,Kaladin
Kaladin,Roshone,The Way of Kings,62,1,chapter_51,Kaladin
Kaladin,Szeth,The Way of Kings,62,1,chapter_51,Kaladin
Kaladin,Tien,The Way of Kings,62,1,chapter_51,Kaladin
Roshone,Szeth,The Way of Kings,62,1,chapter_51,Kaladin
Roshone,Tien,The Way of Kings,62,1,chapter_51,Kaladin
Szeth,Tien,The Way of Kings,62,1,chapter_51,Kaladin
Adolin,Dalinar,The Way of Kings,67,1,chapter_52,Dalinar/Adolin
Adolin,Kalak,The Way of Kings,67,1,chapter_52,Dalinar/Adolin
Adolin,Renarin,The Way of Kings,67,1,chapter_52,Dalinar/Adolin
Dalinar,Kalak,The Way of Kings,67,1,chapter_52,Dalinar/Adolin
Dalinar,Renarin,The Way of Kings,67,1,chapter_52,Dalinar/Adolin
Kalak,Renarin,The Way of Kings,67,1,chapter_52,Dalinar/Adolin
Adolin,Dalinar,The Way of Kings,67,2,chapter_52,Dalinar/Adolin
Adolin,Elhokar,The Way of Kings,67,2,chapter_52,Dalinar/Adolin
Adolin,Gavilar,The Way of Kings,67,2,chapter_52,Dalinar/Adolin
Adolin,Jasnah,The Way of Kings,67,2,chapter_52,Dalinar/Adolin
Adolin,Navani,The Way of Kings,67,2,chapter_52,Dalinar/Adolin
Adolin,Renarin,The Way of Kings,67,2,chapter_52,Dalinar/Adolin
Adolin,Sadeas,The Way of Kings,67,2,chapter_52,Dalinar/Adolin
Dalinar,Elhokar,The Way of Kings,67,2,chapter_52,Dalinar/Adolin
Dalinar,Gavilar,The Way of Kings,67,2,chapter_52,Dalinar/Adolin
Dalinar,Jasnah,The Way of Kings,67,2,chapter_52,Dalinar/Adolin
Dalinar,Navani,The Way of Kings,67,2,chapter_52,Dalinar/Adolin
Dalinar,Renarin,The Way of Kings,67,2,chapter_52,Dalinar/Adolin
Dalinar,Sadeas,The Way of Kings,67,2,chapter_52,Dalinar/Adolin
Elhokar,Gavilar,The Way of Kings,67,2,chapter_52,Dalinar/Adolin
Elhokar,Jasnah,The Way of Kings,67,2,chapter_52,Dalinar/Adolin
Elhokar,Navani,The Way of Kings,67,2,chapter_52,Dalinar/Adolin
Elhokar,Renarin,The Way of Kings,67,2,chapter_52,Dalinar/Adolin
Elhokar,Sadeas,The Way of Kings,67,2,chapter_52,Dalinar/Adolin
Gavilar,Jasnah,The Way of Kings,67,2,chapter_52,Dalinar/Adolin
Gavilar,Navani,The Way of Kings,67,2,chapter_52,Dalinar/Adolin
Gavilar,Renarin,The Way of Kings,67,2,chapter_52,Dalinar/Adolin
Gavilar,Sadeas,The Way of Kings,67,2,chapter_52,Dalinar/Adolin
Jasnah,Navani,The Way of Kings,67,2,chapter_52,Dalinar/Adolin
Jasnah,Renarin,The Way of Kings,67,2,chapter_52,Dalinar/Adolin
Jasnah,Sadeas,The Way of Kings,67,2,chapter_52,Dalinar/Adolin
Navani,Renarin,The Way of Kings,67,2,chapter_52,Dalinar/Adolin
Navani,Sadeas,The Way of Kings,67,2,chapter_52,Dalinar/Adolin
Renarin,Sadeas,The Way of Kings,67,2,chapter_52,Dalinar/Adolin
Adolin,Dalinar,The Way of Kings,67,3,chapter_52,Dalinar/Adolin
Adolin,Gavilar,The Way of Kings,67,3,chapter_52,Dalinar/Adolin
Adolin,Jasnah,The Way of Kings,67,3,chapter_52,Dalinar/Adolin
Adolin,Navani,The Way of Kings,67,3,chapter_52,Dalinar/Adolin
Adolin,Renarin,The Way of Kings,67,3,chapter_52,Dalinar/Adolin
Dalinar,Gavilar,The Way of Kings,67,3,chapter_52,Dalinar/Adolin
Dalinar,Jasnah,The Way of Kings,67,3,chapter_52,Dalinar/Adolin
Dalinar,Navani,The Way of Kings,67,3,chapter_52,Dalinar/Adolin
Dalinar,Renarin,The Way of Kings,67,3,chapter_52,Dalinar/Adolin
Gavilar,Jasnah,The Way of Kings,67,3,chapter_52,Dalinar/Adolin
Gavilar,Navani,The Way of Kings,67,3,chapter_52,Dalinar/Adolin
Gavilar,Renarin,The Way of Kings,67,3,chapter_52,Dalinar/Adolin
Jasnah,Navani,The Way of Kings,67,3,chapter_52,Dalinar/Adolin
Jasnah,Renarin,The Way of Kings,67,3,chapter_52,Dalinar/Adolin
Navani,Renarin,The Way of Kings,67,3,chapter_52,Dalinar/Adolin
Amaram,Dabbid,The Way of Kings,68,1,chapter_53,Kaladin
Amaram,Drehy,The Way of Kings,68,1,chapter_53,Kaladin
Amaram,Gaz,The Way of Kings,68,1,chapter_53,Kaladin
Amaram,Kaladin,The Way of Kings,68,1,chapter_53,Kaladin
Amaram,Kalak,The Way of Kings,68,1,chapter_53,Kaladin
Amaram,Lirin,The Way of Kings,68,1,chapter_53,Kaladin
Amaram,Lopen,The Way of Kings,68,1,chapter_53,Kaladin
Amaram,Moash,The Way of Kings,68,1,chapter_53,Kaladin
Amaram,Rock,The Way of Kings,68,1,chapter_53,Kaladin
Amaram,Sadeas,The Way of Kings,68,1,chapter_53,Kaladin
Amaram,Skar,The Way of Kings,68,1,chapter_53,Kaladin
Amaram,Teft,The Way of Kings,68,1,chapter_53,Kaladin
Dabbid,Drehy,The Way of Kings,68,1,chapter_53,Kaladin
Dabbid,Gaz,The Way of Kings,68,1,chapter_53,Kaladin
Dabbid,Kaladin,The Way of Kings,68,1,chapter_53,Kaladin
Dabbid,Kalak,The Way of Kings,68,1,chapter_53,Kaladin
Dabbid,Lirin,The Way of Kings,68,1,chapter_53,Kaladin
Dabbid,Lopen,The Way of Kings,68,1,chapter_53,Kaladin
Dabbid,Moash,The Way of Kings,68,1,chapter_53,Kaladin
Dabbid,Rock,The Way of Kings,68,1,chapter_53,Kaladin
Dabbid,Sadeas,The Way of Kings,68,1,chapter_53,Kaladin
Dabbid,Skar,The Way of Kings,68,1,chapter_53,Kaladin
Dabbid,Teft,The Way of Kings,68,1,chapter_53,Kaladin
Drehy,Gaz,The Way of Kings,68,1,chapter_53,Kaladin
Drehy,Kaladin,The Way of Kings,68,1,chapter_53,Kaladin
Drehy,Kalak,The Way of Kings,68,1,chapter_53,Kaladin
Drehy,Lirin,The Way of Kings,68,1,chapter_53,Kaladin
Drehy,Lopen,The Way of Kings,68,1,chapter_53,Kaladin
Drehy,Moash,The Way of Kings,68,1,chapter_53,Kaladin
Drehy,Rock,The Way of Kings,68,1,chapter_53,Kaladin
Drehy,Sadeas,The Way of Kings,68,1,chapter_53,Kaladin
Drehy,Skar,The Way of Kings,68,1,chapter_53,Kaladin
Drehy,Teft,The Way of Kings,68,1,chapter_53,Kaladin
Gaz,Kaladin,The Way of Kings,68,1,chapter_53,Kaladin
Gaz,Kalak,The Way of Kings,68,1,chapter_53,Kaladin
Gaz,Lirin,The Way of Kings,68,1,chapter_53,Kaladin
Gaz,Lopen,The Way of Kings,68,1,chapter_53,Kaladin
Gaz,Moash,The Way of Kings,68,1,chapter_53,Kaladin
Gaz,Rock,The Way of Kings,68,1,chapter_53,Kaladin
Gaz,Sadeas,The Way of Kings,68,1,chapter_53,Kaladin
Gaz,Skar,The Way of Kings,68,1,chapter_53,Kaladin
Gaz,Teft,The Way of Kings,68,1,chapter_53,Kaladin
Kaladin,Kalak,The Way of Kings,68,1,chapter_53,Kaladin
Kaladin,Lirin,The Way of Kings,68,1,chapter_53,Kaladin
Kaladin,Lopen,The Way of Kings,68,1,chapter_53,Kaladin
Kaladin,Moash,The Way of Kings,68,1,chapter_53,Kaladin
Kaladin,Rock,The Way of Kings,68,1,chapter_53,Kaladin
Kaladin,Sadeas,The Way of Kings,68,1,chapter_53,Kaladin
Kaladin,Skar,The Way of Kings,68,1,chapter_53,Kaladin
Kaladin,Teft,The Way of Kings,68,1,chapter_53,Kaladin
Kalak,Lirin,The Way of Kings,68,1,chapter_53,Kaladin
Kalak,Lopen,The Way of Kings,68,1,chapter_53,Kaladin
Kalak,Moash,The Way of Kings,68,1,chapter_53,Kaladin
Kalak,Rock,The Way of Kings,68,1,chapter_53,Kaladin
Kalak,Sadeas,The Way of Kings,68,1,chapter_53,Kaladin
Kalak,Skar,The Way of Kings,68,1,chapter_53,Kaladin
Kalak,Teft,The Way of Kings,68,1,chapter_53,Kaladin
Lirin,Lopen,The Way of Kings,68,1,chapter_53,Kaladin
Lirin,Moash,The Way of Kings,68,1,chapter_53,Kaladin
Lirin,Rock,The Way of Kings,68,1,chapter_53,Kaladin
Lirin,Sadeas,The Way of Kings,68,1,chapter_53,Kaladin
Lirin,Skar,The Way of Kings,68,1,chapter_53,Kaladin
Lirin,Teft,The Way of Kings,68,1,chapter_53,Kaladin
Lopen,Moash,The Way of Kings,68,1,chapter_53,Kaladin
Lopen,Rock,The Way of Kings,68,1,chapter_53,Kaladin
Lopen,Sadeas,The Way of Kings,68,1,chapter_53,Kaladin
Lopen,Skar,The Way of Kings,68,1,chapter_53,Kaladin
Lopen,Teft,The Way of Kings,68,1,chapter_53,Kaladin
Moash,Rock,The Way of Kings,68,1,chapter_53,Kaladin
Moash,Sadeas,The Way of Kings,68,1,chapter_53,Kaladin
Moash,Skar,The Way of Kings,68,1,chapter_53,Kaladin
Moash,Teft,The Way of Kings,68,1,chapter_53,Kaladin
Rock,Sadeas,The Way of Kings,68,1,chapter_53,Kaladin
Rock,Skar,The Way of Kings,68,1,chapter_53,Kaladin
Rock,Teft,The Way of Kings,68,1,chapter_53,Kaladin
Sadeas,Skar,The Way of Kings,68,1,chapter_53,Kaladin
Sadeas,Teft,The Way of Kings,68,1,chapter_53,Kaladin
Skar,Teft,The Way of Kings,68,1,chapter_53,Kaladin
Adolin,Dalinar,The Way of Kings,69,1,chapter_54,Dalinar
Adolin,Elhokar,The Way of Kings,69,1,chapter_54,Dalinar
Adolin,Gavilar,The Way of Kings,69,1,chapter_54,Dalinar
Adolin,Hatham,The Way of Kings,69,1,chapter_54,Dalinar
Adolin,Ialai,The Way of Kings,69,1,chapter_54,Dalinar
Adolin,Jasnah,The Way of Kings,69,1,chapter_54,Dalinar
Adolin,Navani,The Way of Kings,69,1,chapter_54,Dalinar
Adolin,Renarin,The Way of Kings,69,1,chapter_54,Dalinar
Adolin,Sadeas,The Way of Kings,69,1,chapter_54,Dalinar
Adolin,Talenel,The Way of Kings,69,1,chapter_54,Dalinar
Adolin,Wit,The Way of Kings,69,1,chapter_54,Dalinar
Dalinar,Elhokar,The Way of Kings,69,1,chapter_54,Dalinar
Dalinar,Gavilar,The Way of Kings,69,1,chapter_54,Dalinar
Dalinar,Hatham,The Way of Kings,69,1,chapter_54,Dalinar
Dalinar,Ialai,The Way of Kings,69,1,chapter_54,Dalinar
Dalinar,Jasnah,The Way of Kings,69,1,chapter_54,Dalinar
Dalinar,Navani,The Way of Kings,69,1,chapter_54,Dalinar
Dalinar,Renarin,The Way of Kings,69,1,chapter_54,Dalinar
Dalinar,Sadeas,The Way of Kings,69,1,chapter_54,Dalinar
Dalinar,Talenel,The Way of Kings,69,1,chapter_54,Dalinar
Dalinar,Wit,The Way of Kings,69,1,chapter_54,Dalinar
Elhokar,Gavilar,The Way of Kings,69,1,chapter_54,Dalinar
Elhokar,Hatham,The Way of Kings,69,1,chapter_54,Dalinar
Elhokar,Ialai,The Way of Kings,69,1,chapter_54,Dalinar
Elhokar,Jasnah,The Way of Kings,69,1,chapter_54,Dalinar
Elhokar,Navani,The Way of Kings,69,1,chapter_54,Dalinar
Elhokar,Renarin,The Way of Kings,69,1,chapter_54,Dalinar
Elhokar,Sadeas,The Way of Kings,69,1,chapter_54,Dalinar
Elhokar,Talenel,The Way of Kings,69,1,chapter_54,Dalinar
Elhokar,Wit,The Way of Kings,69,1,chapter_54,Dalinar
Gavilar,Hatham,The Way of Kings,69,1,chapter_54,Dalinar
Gavilar,Ialai,The Way of Kings,69,1,chapter_54,Dalinar
Gavilar,Jasnah,The Way of Kings,69,1,chapter_54,Dalinar
Gavilar,Navani,The Way of Kings,69,1,chapter_54,Dalinar
Gavilar,Renarin,The Way of Kings,69,1,chapter_54,Dalinar
Gavilar,Sadeas,The Way of Kings,69,1,chapter_54,Dalinar
Gavilar,Talenel,The Way of Kings,69,1,chapter_54,Dalinar
Gavilar,Wit,The Way of Kings,69,1,chapter_54,Dalinar
Hatham,Ialai,The Way of Kings,69,1,chapter_54,Dalinar
Hatham,Jasnah,The Way of Kings,69,1,chapter_54,Dalinar
Hatham,Navani,The Way of Kings,69,1,chapter_54,Dalinar
Hatham,Renarin,The Way of Kings,69,1,chapter_54,Dalinar
Hatham,Sadeas,The Way of Kings,69,1,chapter_54,Dalinar
Hatham,Talenel,The Way of Kings,69,1,chapter_54,Dalinar
Hatham,Wit,The Way of Kings,69,1,chapter_54,Dalinar
Ialai,Jasnah,The Way of Kings,69,1,chapter_54,Dalinar
Ialai,Navani,The Way of Kings,69,1,chapter_54,Dalinar
Ialai,Renarin,The Way of Kings,69,1,chapter_54,Dalinar
Ialai,Sadeas,The Way of Kings,69,1,chapter_54,Dalinar
Ialai,Talenel,The Way of Kings,69,1,chapter_54,Dalinar
Ialai,Wit,The Way of Kings,69,1,chapter_54,Dalinar
Jasnah,Navani,The Way of Kings,69,1,chapter_54,Dalinar
Jasnah,Renarin,The Way of Kings,69,1,chapter_54,Dalinar
Jasnah,Sadeas,The Way of Kings,69,1,chapter_54,Dalinar
Jasnah,Talenel,The Way of Kings,69,1,chapter_54,Dalinar
Jasnah,Wit,The Way of Kings,69,1,chapter_54,Dalinar
Navani,Renarin,The Way of Kings,69,1,chapter_54,Dalinar
Navani,Sadeas,The Way of Kings,69,1,chapter_54,Dalinar
Navani,Talenel,The Way of Kings,69,1,chapter_54,Dalinar
Navani,Wit,The Way of Kings,69,1,chapter_54,Dalinar
Renarin,Sadeas,The Way of Kings,69,1,chapter_54,Dalinar
Renarin,Talenel,The Way of Kings,69,1,chapter_54,Dalinar
Renarin,Wit,The Way of Kings,69,1,chapter_54,Dalinar
Sadeas,Talenel,The Way of Kings,69,1,chapter_54,Dalinar
Sadeas,Wit,The Way of Kings,69,1,chapter_54,Dalinar
Talenel,Wit,The Way of Kings,69,1,chapter_54,Dalinar
Adolin,Amaram,The Way of Kings,70,1,chapter_55,Kaladin
Adolin,Dalinar,The Way of Kings,70,1,chapter_55,Kaladin
Adolin,Kaladin,The Way of Kings,70,1,chapter_55,Kaladin
Adolin,Moash,The Way of Kings,70,1,chapter_55,Kaladin
Adolin,Rock,The Way of Kings,70,1,chapter_55,Kaladin
Adolin,Sadeas,The Way of Kings,70,1,chapter_55,Kaladin
Adolin,Sigzil,The Way of Kings,70,1,chapter_55,Kaladin
Adolin,Skar,The Way of Kings,70,1,chapter_55,Kaladin
Adolin,Teft,The Way of Kings,70,1,chapter_55,Kaladin
Amaram,Dalinar,The Way of Kings,70,1,chapter_55,Kaladin
Amaram,Kaladin,The Way of Kings,70,1,chapter_55,Kaladin
Amaram,Moash,The Way of Kings,70,1,chapter_55,Kaladin
Amaram,Rock,The Way of Kings,70,1,chapter_55,Kaladin
Amaram,Sadeas,The Way of Kings,70,1,chapter_55,Kaladin
Amaram,Sigzil,The Way of Kings,70,1,chapter_55,Kaladin
Amaram,Skar,The Way of Kings,70,1,chapter_55,Kaladin
Amaram,Teft,The Way of Kings,70,1,chapter_55,Kaladin
Dalinar,Kaladin,The Way of Kings,70,1,chapter_55,Kaladin
Dalinar,Moash,The Way of Kings,70,1,chapter_55,Kaladin
Dalinar,Rock,The Way of Kings,70,1,chapter_55,Kaladin
Dalinar,Sadeas,The Way of Kings,70,1,chapter_55,Kaladin
Dalinar,Sigzil,The Way of Kings,70,1,chapter_55,Kaladin
Dalinar,Skar,The Way of Kings,70,1,chapter_55,Kaladin
Dalinar,Teft,The Way of Kings,70,1,chapter_55,Kaladin
Kaladin,Moash,The Way of Kings,70,1,chapter_55,Kaladin
Kaladin,Rock,The Way of Kings,70,1,chapter_55,Kaladin
Kaladin,Sadeas,The Way of Kings,70,1,chapter_55,Kaladin
Kaladin,Sigzil,The Way of Kings,70,1,chapter_55,Kaladin
Kaladin,Skar,The Way of Kings,70,1,chapter_55,Kaladin
Kaladin,Teft,The Way of Kings,70,1,chapter_55,Kaladin
Moash,Rock,The Way of Kings,70,1,chapter_55,Kaladin
Moash,Sadeas,The Way of Kings,70,1,chapter_55,Kaladin
Moash,Sigzil,The Way of Kings,70,1,chapter_55,Kaladin
Moash,Skar,The Way of Kings,70,1,chapter_55,Kaladin
Moash,Teft,The Way of Kings,70,1,chapter_55,Kaladin
Rock,Sadeas,The Way of Kings,70,1,chapter_55,Kaladin
Rock,Sigzil,The Way of Kings,70,1,chapter_55,Kaladin
Rock,Skar,The Way of Kings,70,1,chapter_55,Kaladin
Rock,Teft,The Way of Kings,70,1,chapter_55,Kaladin
Sadeas,Sigzil,The Way of Kings,70,1,chapter_55,Kaladin
Sadeas,Skar,The Way of Kings,70,1,chapter_55,Kaladin
Sadeas,Teft,The Way of Kings,70,1,chapter_55,Kaladin
Sigzil,Skar,The Way of Kings,70,1,chapter_55,Kaladin
Sigzil,Teft,The Way of Kings,70,1,chapter_55,Kaladin
Skar,Teft,The Way of Kings,70,1,chapter_55,Kaladin
Amaram,Dabbid,The Way of Kings,70,2,chapter_55,Kaladin
Amaram,Dalinar,The Way of Kings,70,2,chapter_55,Kaladin
Amaram,Drehy,The Way of Kings,70,2,chapter_55,Kaladin
Amaram,Gaz,The Way of Kings,70,2,chapter_55,Kaladin
Amaram,Jaks,The Way of Kings,70,2,chapter_55,Kaladin
Amaram,Jezrien,The Way of Kings,70,2,chapter_55,Kaladin
Amaram,Kaladin,The Way of Kings,70,2,chapter_55,Kaladin
Amaram,Leyten,The Way of Kings,70,2,chapter_55,Kaladin
Amaram,Lopen,The Way of Kings,70,2,chapter_55,Kaladin
Amaram,Maps,The Way of Kings,70,2,chapter_55,Kaladin
Amaram,Moash,The Way of Kings,70,2,chapter_55,Kaladin
Amaram,Rock,The Way of Kings,70,2,chapter_55,Kaladin
Amaram,Sadeas,The Way of Kings,70,2,chapter_55,Kaladin
Amaram,Sigzil,The Way of Kings,70,2,chapter_55,Kaladin
Amaram,Skar,The Way of Kings,70,2,chapter_55,Kaladin
Amaram,Syl,The Way of Kings,70,2,chapter_55,Kaladin
Amaram,Teft,The Way of Kings,70,2,chapter_55,Kaladin
Dabbid,Dalinar,The Way of Kings,70,2,chapter_55,Kaladin
Dabbid,Drehy,The Way of Kings,70,2,chapter_55,Kaladin
Dabbid,Gaz,The Way of Kings,70,2,chapter_55,Kaladin
Dabbid,Jaks,The Way of Kings,70,2,chapter_55,Kaladin
Dabbid,Jezrien,The Way of Kings,70,2,chapter_55,Kaladin
Dabbid,Kaladin,The Way of Kings,70,2,chapter_55,Kaladin
Dabbid,Leyten,The Way of Kings,70,2,chapter_55,Kaladin
Dabbid,Lopen,The Way of Kings,70,2,chapter_55,Kaladin
Dabbid,Maps,The Way of Kings,70,2,chapter_55,Kaladin
Dabbid,Moash,The Way of Kings,70,2,chapter_55,Kaladin
Dabbid,Rock,The Way of Kings,70,2,chapter_55,Kaladin
Dabbid,Sadeas,The Way of Kings,70,2,chapter_55,Kaladin
Dabbid,Sigzil,The Way of Kings,70,2,chapter_55,Kaladin
Dabbid,Skar,The Way of Kings,70,2,chapter_55,Kaladin
Dabbid,Syl,The Way of Kings,70,2,chapter_55,Kaladin
Dabbid,Teft,The Way of Kings,70,2,chapter_55,Kaladin
Dalinar,Drehy,The Way of Kings,70,2,chapter_55,Kaladin
Dalinar,Gaz,The Way of Kings,70,2,chapter_55,Kaladin
Dalinar,Jaks,The Way of Kings,70,2,chapter_55,Kaladin
Dalinar,Jezrien,The Way of Kings,70,2,chapter_55,Kaladin
Dalinar,Kaladin,The Way of Kings,70,2,chapter_55,Kaladin
Dalinar,Leyten,The Way of Kings,70,2,chapter_55,Kaladin
Dalinar,Lopen,The Way of Kings,70,2,chapter_55,Kaladin
Dalinar,Maps,The Way of Kings,70,2,chapter_55,Kaladin
Dalinar,Moash,The Way of Kings,70,2,chapter_55,Kaladin
Dalinar,Rock,The Way of Kings,70,2,chapter_55,Kaladin
Dalinar,Sadeas,The Way of Kings,70,2,chapter_55,Kaladin
Dalinar,Sigzil,The Way of Kings,70,2,chapter_55,Kaladin
Dalinar,Skar,The Way of Kings,70,2,chapter_55,Kaladin
Dalinar,Syl,The Way of Kings,70,2,chapter_55,Kaladin
Dalinar,Teft,The Way of Kings,70,2,chapter_55,Kaladin
Drehy,Gaz,The Way of Kings,70,2,chapter_55,Kaladin
Drehy,Jaks,The Way of Kings,70,2,chapter_55,Kaladin
Drehy,Jezrien,The Way of Kings,70,2,chapter_55,Kaladin
Drehy,Kaladin,The Way of Kings,70,2,chapter_55,Kaladin
Drehy,Leyten,The Way of Kings,70,2,chapter_55,Kaladin
Drehy,Lopen,The Way of Kings,70,2,chapter_55,Kaladin
Drehy,Maps,The Way of Kings,70,2,chapter_55,Kaladin
Drehy,Moash,The Way of Kings,70,2,chapter_55,Kaladin
Drehy,Rock,The Way of Kings,70,2,chapter_55,Kaladin
Drehy,Sadeas,The Way of Kings,70,2,chapter_55,Kaladin
Drehy,Sigzil,The Way of Kings,70,2,chapter_55,Kaladin
Drehy,Skar,The Way of Kings,70,2,chapter_55,Kaladin
Drehy,Syl,The Way of Kings,70,2,chapter_55,Kaladin
Drehy,Teft,The Way of Kings,70,2,chapter_55,Kaladin
Gaz,Jaks,The Way of Kings,70,2,chapter_55,Kaladin
Gaz,Jezrien,The Way of Kings,70,2,chapter_55,Kaladin
Gaz,Kaladin,The Way of Kings,70,2,chapter_55,Kaladin
Gaz,Leyten,The Way of Kings,70,2,chapter_55,Kaladin
Gaz,Lopen,The Way of Kings,70,2,chapter_55,Kaladin
Gaz,Maps,The Way of Kings,70,2,chapter_55,Kaladin
Gaz,Moash,The Way of Kings,70,2,chapter_55,Kaladin
Gaz,Rock,The Way of Kings,70,2,chapter_55,Kaladin
Gaz,Sadeas,The Way of Kings,70,2,chapter_55,Kaladin
Gaz,Sigzil,The Way of Kings,70,2,chapter_55,Kaladin
Gaz,Skar,The Way of Kings,70,2,chapter_55,Kaladin
Gaz,Syl,The Way of Kings,70,2,chapter_55,Kaladin
Gaz,Teft,The Way of Kings,70,2,chapter_55,Kaladin
Jaks,Jezrien,The Way of Kings,70,2,chapter_55,Kaladin
Jaks,Kaladin,The Way of Kings,70,2,chapter_55,Kaladin
Jaks,Leyten,The Way of Kings,70,2,chapter_55,Kaladin
Jaks,Lopen,The Way of Kings,70,2,chapter_55,Kaladin
Jaks,Maps,The Way of Kings,70,2,chapter_55,Kaladin
Jaks,Moash,The Way of Kings,70,2,chapter_55,Kaladin
Jaks,Rock,The Way of Kings,70,2,chapter_55,Kaladin
Jaks,Sadeas,The Way of Kings,70,2,chapter_55,Kaladin
Jaks,Sigzil,The Way of Kings,70,2,chapter_55,Kaladin
Jaks,Skar,The Way of Kings,70,2,chapter_55,Kaladin
Jaks,Syl,The Way of Kings,70,2,chapter_55,Kaladin
Jaks,Teft,The Way of Kings,70,2,chapter_55,Kaladin
Jezrien,Kaladin,The Way of Kings,70,2,chapter_55,Kaladin
Jezrien,Leyten,The Way of Kings,70,2,chapter_55,Kaladin
Jezrien,Lopen,The Way of Kings,70,2,chapter_55,Kaladin
Jezrien,Maps,The Way of Kings,70,2,chapter_55,Kaladin
Jezrien,Moash,The Way of Kings,70,2,chapter_55,Kaladin
Jezrien,Rock,The Way of Kings,70,2,chapter_55,Kaladin
Jezrien,Sadeas,The Way of Kings,70,2,chapter_55,Kaladin
Jezrien,Sigzil,The Way of Kings,70,2,chapter_55,Kaladin
Jezrien,Skar,The Way of Kings,70,2,chapter_55,Kaladin
Jezrien,Syl,The Way of Kings,70,2,chapter_55,Kaladin
Jezrien,Teft,The Way of Kings,70,2,chapter_55,Kaladin
Kaladin,Leyten,The Way of Kings,70,2,chapter_55,Kaladin
Kaladin,Lopen,The Way of Kings,70,2,chapter_55,Kaladin
Kaladin,Maps,The Way of Kings,70,2,chapter_55,Kaladin
Kaladin,Moash,The Way of Kings,70,2,chapter_55,Kaladin
Kaladin,Rock,The Way of Kings,70,2,chapter_55,Kaladin
Kaladin,Sadeas,The Way of Kings,70,2,chapter_55,Kaladin
Kaladin,Sigzil,The Way of Kings,70,2,chapter_55,Kaladin
Kaladin,Skar,The Way of Kings,70,2,chapter_55,Kaladin
Kaladin,Syl,The Way of Kings,70,2,chapter_55,Kaladin
Kaladin,Teft,The Way of Kings,70,2,chapter_55,Kaladin
Leyten,Lopen,The Way of Kings,70,2,chapter_55,Kaladin
Leyten,Maps,The Way of Kings,70,2,chapter_55,Kaladin
Leyten,Moash,The Way of Kings,70,2,chapter_55,Kaladin
Leyten,Rock,The Way of Kings,70,2,chapter_55,Kaladin
Leyten,Sadeas,The Way of Kings,70,2,chapter_55,Kaladin
Leyten,Sigzil,The Way of Kings,70,2,chapter_55,Kaladin
Leyten,Skar,The Way of Kings,70,2,chapter_55,Kaladin
Leyten,Syl,The Way of Kings,70,2,chapter_55,Kaladin
Leyten,Teft,The Way of Kings,70,2,chapter_55,Kaladin
Lopen,Maps,The Way of Kings,70,2,chapter_55,Kaladin
Lopen,Moash,The Way of Kings,70,2,chapter_55,Kaladin
Lopen,Rock,The Way of Kings,70,2,chapter_55,Kaladin
Lopen,Sadeas,The Way of Kings,70,2,chapter_55,Kaladin
Lopen,Sigzil,The Way of Kings,70,2,chapter_55,Kaladin
Lopen,Skar,The Way of Kings,70,2,chapter_55,Kaladin
Lopen,Syl,The Way of Kings,70,2,chapter_55,Kaladin
Lopen,Teft,The Way of Kings,70,2,chapter_55,Kaladin
Maps,Moash,The Way of Kings,70,2,chapter_55,Kaladin
Maps,Rock,The Way of Kings,70,2,chapter_55,Kaladin
Maps,Sadeas,The Way of Kings,70,2,chapter_55,Kaladin
Maps,Sigzil,The Way of Kings,70,2,chapter_55,Kaladin
Maps,Skar,The Way of Kings,70,2,chapter_55,Kaladin
Maps,Syl,The Way of Kings,70,2,chapter_55,Kaladin
Maps,Teft,The Way of Kings,70,2,chapter_55,Kaladin
Moash,Rock,The Way of Kings,70,2,chapter_55,Kaladin
Moash,Sadeas,The Way of Kings,70,2,chapter_55,Kaladin
Moash,Sigzil,The Way of Kings,70,2,chapter_55,Kaladin
Moash,Skar,The Way of Kings,70,2,chapter_55,Kaladin
Moash,Syl,The Way of Kings,70,2,chapter_55,Kaladin
Moash,Teft,The Way of Kings,70,2,chapter_55,Kaladin
Rock,Sadeas,The Way of Kings,70,2,chapter_55,Kaladin
Rock,Sigzil,The Way of Kings,70,2,chapter_55,Kaladin
Rock,Skar,The Way of Kings,70,2,chapter_55,Kaladin
Rock,Syl,The Way of Kings,70,2,chapter_55,Kaladin
Rock,Teft,The Way of Kings,70,2,chapter_55,Kaladin
Sadeas,Sigzil,The Way of Kings,70,2,chapter_55,Kaladin
Sadeas,Skar,The Way of Kings,70,2,chapter_55,Kaladin
Sadeas,Syl,The Way of Kings,70,2,chapter_55,Kaladin
Sadeas,Teft,The Way of Kings,70,2,chapter_55,Kaladin
Sigzil,Skar,The Way of Kings,70,2,chapter_55,Kaladin
Sigzil,Syl,The Way of Kings,70,2,chapter_55,Kaladin
Sigzil,Teft,The Way of Kings,70,2,chapter_55,Kaladin
Skar,Syl,The Way of Kings,70,2,chapter_55,Kaladin
Skar,Teft,The Way of Kings,70,2,chapter_55,Kaladin
Syl,Teft,The Way of Kings,70,2,chapter_55,Kaladin
Adolin,Dalinar,The Way of Kings,71,1,chapter_56,Dalinar
Adolin,Gavilar,The Way of Kings,71,1,chapter_56,Dalinar
Adolin,Navani,The Way of Kings,71,1,chapter_56,Dalinar
Adolin,Sadeas,The Way of Kings,71,1,chapter_56,Dalinar
Adolin,Teleb,The Way of Kings,71,1,chapter_56,Dalinar
Dalinar,Gavilar,The Way of Kings,71,1,chapter_56,Dalinar
Dalinar,Navani,The Way of Kings,71,1,chapter_56,Dalinar
Dalinar,Sadeas,The Way of Kings,71,1,chapter_56,Dalinar
Dalinar,Teleb,The Way of Kings,71,1,chapter_56,Dalinar
Gavilar,Navani,The Way of Kings,71,1,chapter_56,Dalinar
Gavilar,Sadeas,The Way of Kings,71,1,chapter_56,Dalinar
Gavilar,Teleb,The Way of Kings,71,1,chapter_56,Dalinar
Navani,Sadeas,The Way of Kings,71,1,chapter_56,Dalinar
Navani,Teleb,The Way of Kings,71,1,chapter_56,Dalinar
Sadeas,Teleb,The Way of Kings,71,1,chapter_56,Dalinar
Amaram,Dalinar,The Way of Kings,72,1,chapter_57,Kaladin
Amaram,Gaz,The Way of Kings,72,1,chapter_57,Kaladin
Amaram,Kaladin,The Way of Kings,72,1,chapter_57,Kaladin
Amaram,Kalak,The Way of Kings,72,1,chapter_57,Kaladin
Amaram,Lirin,The Way of Kings,72,1,chapter_57,Kaladin
Amaram,Lopen,The Way of Kings,72,1,chapter_57,Kaladin
Amaram,Maps,The Way of Kings,72,1,chapter_57,Kaladin
Amaram,Moash,The Way of Kings,72,1,chapter_57,Kaladin
Amaram,Rock,The Way of Kings,72,1,chapter_57,Kaladin
Amaram,Sadeas,The Way of Kings,72,1,chapter_57,Kaladin
Amaram,Skar,The Way of Kings,72,1,chapter_57,Kaladin
Amaram,Syl,The Way of Kings,72,1,chapter_57,Kaladin
Amaram,Teft,The Way of Kings,72,1,chapter_57,Kaladin
Amaram,Tien,The Way of Kings,72,1,chapter_57,Kaladin
Amaram,Yake,The Way of Kings,72,1,chapter_57,Kaladin
Dalinar,Gaz,The Way of Kings,72,1,chapter_57,Kaladin
Dalinar,Kaladin,The Way of Kings,72,1,chapter_57,Kaladin
Dalinar,Kalak,The Way of Kings,72,1,chapter_57,Kaladin
Dalinar,Lirin,The Way of Kings,72,1,chapter_57,Kaladin
Dalinar,Lopen,The Way of Kings,72,1,chapter_57,Kaladin
Dalinar,Maps,The Way of Kings,72,1,chapter_57,Kaladin
Dalinar,Moash,The Way of Kings,72,1,chapter_57,Kaladin
Dalinar,Rock,The Way of Kings,72,1,chapter_57,Kaladin
Dalinar,Sadeas,The Way of Kings,72,1,chapter_57,Kaladin
Dalinar,Skar,The Way of Kings,72,1,chapter_57,Kaladin
Dalinar,Syl,The Way of Kings,72,1,chapter_57,Kaladin
Dalinar,Teft,The Way of Kings,72,1,chapter_57,Kaladin
Dalinar,Tien,The Way of Kings,72,1,chapter_57,Kaladin
Dalinar,Yake,The Way of Kings,72,1,chapter_57,Kaladin
Gaz,Kaladin,The Way of Kings,72,1,chapter_57,Kaladin
Gaz,Kalak,The Way of Kings,72,1,chapter_57,Kaladin
Gaz,Lirin,The Way of Kings,72,1,chapter_57,Kaladin
Gaz,Lopen,The Way of Kings,72,1,chapter_57,Kaladin
Gaz,Maps,The Way of Kings,72,1,chapter_57,Kaladin
Gaz,Moash,The Way of Kings,72,1,chapter_57,Kaladin
Gaz,Rock,The Way of Kings,72,1,chapter_57,Kaladin
Gaz,Sadeas,The Way of Kings,72,1,chapter_57,Kaladin
Gaz,Skar,The Way of Kings,72,1,chapter_57,Kaladin
Gaz,Syl,The Way of Kings,72,1,chapter_57,Kaladin
Gaz,Teft,The Way of Kings,72,1,chapter_57,Kaladin
Gaz,Tien,The Way of Kings,72,1,chapter_57,Kaladin
Gaz,Yake,The Way of Kings,72,1,chapter_57,Kaladin
Kaladin,Kalak,The Way of Kings,72,1,chapter_57,Kaladin
Kaladin,Lirin,The Way of Kings,72,1,chapter_57,Kaladin
Kaladin,Lopen,The Way of Kings,72,1,chapter_57,Kaladin
Kaladin,Maps,The Way of Kings,72,1,chapter_57,Kaladin
Kaladin,Moash,The Way of Kings,72,1,chapter_57,Kaladin
Kaladin,Rock,The Way of Kings,72,1,chapter_57,Kaladin
Kaladin,Sadeas,The Way of Kings,72,1,chapter_57,Kaladin
Kaladin,Skar,The Way of Kings,72,1,chapter_57,Kaladin
Kaladin,Syl,The Way of Kings,72,1,chapter_57,Kaladin
Kaladin,Teft,The Way of Kings,72,1,chapter_57,Kaladin
Kaladin,Tien,The Way of Kings,72,1,chapter_57,Kaladin
Kaladin,Yake,The Way of Kings,72,1,chapter_57,Kaladin
Kalak,Lirin,The Way of Kings,72,1,chapter_57,Kaladin
Kalak,Lopen,The Way of Kings,72,1,chapter_57,Kaladin
Kalak,Maps,The Way of Kings,72,1,chapter_57,Kaladin
Kalak,Moash,The Way of Kings,72,1,chapter_57,Kaladin
Kalak,Rock,The Way of Kings,72,1,chapter_57,Kaladin
Kalak,Sadeas,The Way of Kings,72,1,chapter_57,Kaladin
Kalak,Skar,The Way of Kings,72,1,chapter_57,Kaladin
Kalak,Syl,The Way of Kings,72,1,chapter_57,Kaladin
Kalak,Teft,The Way of Kings,72,1,chapter_57,Kaladin
Kalak,Tien,The Way of Kings,72,1,chapter_57,Kaladin
Kalak,Yake,The Way of Kings,72,1,chapter_57,Kaladin
Lirin,Lopen,The Way of Kings,72,1,chapter_57,Kaladin
Lirin,Maps,The Way of Kings,72,1,chapter_57,Kaladin
Lirin,Moash,The Way of Kings,72,1,chapter_57,Kaladin
Lirin,Rock,The Way of Kings,72,1,chapter_57,Kaladin
Lirin,Sadeas,The Way of Kings,72,1,chapter_57,Kaladin
Lirin,Skar,The Way of Kings,72,1,chapter_57,Kaladin
Lirin,Syl,The Way of Kings,72,1,chapter_57,Kaladin
Lirin,Teft,The Way of Kings,72,1,chapter_57,Kaladin
Lirin,Tien,The Way of Kings,72,1,chapter_57,Kaladin
Lirin,Yake,The Way of Kings,72,1,chapter_57,Kaladin
Lopen,Maps,The Way of Kings,72,1,chapter_57,Kaladin
Lopen,Moash,The Way of Kings,72,1,chapter_57,Kaladin
Lopen,Rock,The Way of Kings,72,1,chapter_57,Kaladin
Lopen,Sadeas,The Way of Kings,72,1,chapter_57,Kaladin
Lopen,Skar,The Way of Kings,72,1,chapter_57,Kaladin
Lopen,Syl,The Way of Kings,72,1,chapter_57,Kaladin
Lopen,Teft,The Way of Kings,72,1,chapter_57,Kaladin
Lopen,Tien,The Way of Kings,72,1,chapter_57,Kaladin
Lopen,Yake,The Way of Kings,72,1,chapter_57,Kaladin
Maps,Moash,The Way of Kings,72,1,chapter_57,Kaladin
Maps,Rock,The Way of Kings,72,1,chapter_57,Kaladin
Maps,Sadeas,The Way of Kings,72,1,chapter_57,Kaladin
Maps,Skar,The Way of Kings,72,1,chapter_57,Kaladin
Maps,Syl,The Way of Kings,72,1,chapter_57,Kaladin
Maps,Teft,The Way of Kings,72,1,chapter_57,Kaladin
Maps,Tien,The Way of Kings,72,1,chapter_57,Kaladin
Maps,Yake,The Way of Kings,72,1,chapter_57,Kaladin
Moash,Rock,The Way of Kings,72,1,chapter_57,Kaladin
Moash,Sadeas,The Way of Kings,72,1,chapter_57,Kaladin
Moash,Skar,The Way of Kings,72,1,chapter_57,Kaladin
Moash,Syl,The Way of Kings,72,1,chapter_57,Kaladin
Moash,Teft,The Way of Kings,72,1,chapter_57,Kaladin
Moash,Tien,The Way of Kings,72,1,chapter_57,Kaladin
Moash,Yake,The Way of Kings,72,1,chapter_57,Kaladin
Rock,Sadeas,The Way of Kings,72,1,chapter_57,Kaladin
Rock,Skar,The Way of Kings,72,1,chapter_57,Kaladin
Rock,Syl,The Way of Kings,72,1,chapter_57,Kaladin
Rock,Teft,The Way of Kings,72,1,chapter_57,Kaladin
Rock,Tien,The Way of Kings,72,1,chapter_57,Kaladin
Rock,Yake,The Way of Kings,72,1,chapter_57,Kaladin
Sadeas,Skar,The Way of Kings,72,1,chapter_57,Kaladin
Sadeas,Syl,The Way of Kings,72,1,chapter_57,Kaladin
Sadeas,Teft,The Way of Kings,72,1,chapter_57,Kaladin
Sadeas,Tien,The Way of Kings,72,1,chapter_57,Kaladin
Sadeas,Yake,The Way of Kings,72,1,chapter_57,Kaladin
Skar,Syl,The Way of Kings,72,1,chapter_57,Kaladin
Skar,Teft,The Way of Kings,72,1,chapter_57,Kaladin
Skar,Tien,The Way of Kings,72,1,chapter_57,Kaladin
Skar,Yake,The Way of Kings,72,1,chapter_57,Kaladin
Syl,Teft,The Way of Kings,72,1,chapter_57,Kaladin
Syl,Tien,The Way of Kings,72,1,chapter_57,Kaladin
Syl,Yake,The Way of Kings,72,1,chapter_57,Kaladin
Teft,Tien,The Way of Kings,72,1,chapter_57,Kaladin
Teft,Yake,The Way of Kings,72,1,chapter_57,Kaladin
Tien,Yake,The Way of Kings,72,1,chapter_57,Kaladin
Amaram,Kaladin,The Way of Kings,72,2,chapter_57,Kaladin
Amaram,Lirin,The Way of Kings,72,2,chapter_57,Kaladin
Amaram,Lopen,The Way of Kings,72,2,chapter_57,Kaladin
Amaram,Maps,The Way of Kings,72,2,chapter_57,Kaladin
Amaram,Moash,The Way of Kings,72,2,chapter_57,Kaladin
Amaram,Rock,The Way of Kings,72,2,chapter_57,Kaladin
Amaram,Sadeas,The Way of Kings,72,2,chapter_57,Kaladin
Amaram,Sigzil,The Way of Kings,72,2,chapter_57,Kaladin
Amaram,Syl,The Way of Kings,72,2,chapter_57,Kaladin
Amaram,Teft,The Way of Kings,72,2,chapter_57,Kaladin
Amaram,Wit,The Way of Kings,72,2,chapter_57,Kaladin
Kaladin,Lirin,The Way of Kings,72,2,chapter_57,Kaladin
Kaladin,Lopen,The Way of Kings,72,2,chapter_57,Kaladin
Kaladin,Maps,The Way of Kings,72,2,chapter_57,Kaladin
Kaladin,Moash,The Way of Kings,72,2,chapter_57,Kaladin
Kaladin,Rock,The Way of Kings,72,2,chapter_57,Kaladin
Kaladin,Sadeas,The Way of Kings,72,2,chapter_57,Kaladin
Kaladin,Sigzil,The Way of Kings,72,2,chapter_57,Kaladin
Kaladin,Syl,The Way of Kings,72,2,chapter_57,Kaladin
Kaladin,Teft,The Way of Kings,72,2,chapter_57,Kaladin
Kaladin,Wit,The Way of Kings,72,2,chapter_57,Kaladin
Lirin,Lopen,The Way of Kings,72,2,chapter_57,Kaladin
Lirin,Maps,The Way of Kings,72,2,chapter_57,Kaladin
Lirin,Moash,The Way of Kings,72,2,chapter_57,Kaladin
Lirin,Rock,The Way of Kings,72,2,chapter_57,Kaladin
Lirin,Sadeas,The Way of Kings,72,2,chapter_57,Kaladin
Lirin,Sigzil,The Way of Kings,72,2,chapter_57,Kaladin
Lirin,Syl,The Way of Kings,72,2,chapter_57,Kaladin
Lirin,Teft,The Way of Kings,72,2,chapter_57,Kaladin
Lirin,Wit,The Way of Kings,72,2,chapter_57,Kaladin
Lopen,Maps,The Way of Kings,72,2,chapter_57,Kaladin
Lopen,Moash,The Way of Kings,72,2,chapter_57,Kaladin
Lopen,Rock,The Way of Kings,72,2,chapter_57,Kaladin
Lopen,Sadeas,The Way of Kings,72,2,chapter_57,Kaladin
Lopen,Sigzil,The Way of Kings,72,2,chapter_57,Kaladin
Lopen,Syl,The Way of Kings,72,2,chapter_57,Kaladin
Lopen,Teft,The Way of Kings,72,2,chapter_57,Kaladin
Lopen,Wit,The Way of Kings,72,2,chapter_57,Kaladin
Maps,Moash,The Way of Kings,72,2,chapter_57,Kaladin
Maps,Rock,The Way of Kings,72,2,chapter_57,Kaladin
Maps,Sadeas,The Way of Kings,72,2,chapter_57,Kaladin
Maps,Sigzil,The Way of Kings,72,2,chapter_57,Kaladin
Maps,Syl,The Way of Kings,72,2,chapter_57,Kaladin
Maps,Teft,The Way of Kings,72,2,chapter_57,Kaladin
Maps,Wit,The Way of Kings,72,2,chapter_57,Kaladin
Moash,Rock,The Way of Kings,72,2,chapter_57,Kaladin
Moash,Sadeas,The Way of Kings,72,2,chapter_57,Kaladin
Moash,Sigzil,The Way of Kings,72,2,chapter_57,Kaladin
Moash,Syl,The Way of Kings,72,2,chapter_57,Kaladin
Moash,Teft,The Way of Kings,72,2,chapter_57,Kaladin
Moash,Wit,The Way of Kings,72,2,chapter_57,Kaladin
Rock,Sadeas,The Way of Kings,72,2,chapter_57,Kaladin
Rock,Sigzil,The Way of Kings,72,2,chapter_57,Kaladin
Rock,Syl,The Way of Kings,72,2,chapter_57,Kaladin
Rock,Teft,The Way of Kings,72,2,chapter_57,Kaladin
Rock,Wit,The Way of Kings,72,2,chapter_57,Kaladin
Sadeas,Sigzil,The Way of Kings,72,2,chapter_57,Kaladin
Sadeas,Syl,The Way of Kings,72,2,chapter_57,Kaladin
Sadeas,Teft,The Way of Kings,72,2,chapter_57,Kaladin
Sadeas,Wit,The Way of Kings,72,2,chapter_57,Kaladin
Sigzil,Syl,The Way of Kings,72,2,chapter_57,Kaladin
Sigzil,Teft,The Way of Kings,72,2,chapter_57,Kaladin
Sigzil,Wit,The Way of Kings,72,2,chapter_57,Kaladin
Syl,Teft,The Way of Kings,72,2,chapter_57,Kaladin
Syl,Wit,The Way of Kings,72,2,chapter_57,Kaladin
Teft,Wit,The Way of Kings,72,2,chapter_57,Kaladin
Adolin,Aladar,The Way of Kings,73,1,chapter_58,Dalinar/Adolin
Adolin,Dalinar,The Way of Kings,73,1,chapter_58,Dalinar/Adolin
Adolin,Elhokar,The Way of Kings,73,1,chapter_58,Dalinar/Adolin
Adolin,Jakamav,The Way of Kings,73,1,chapter_58,Dalinar/Adolin
Adolin,Renarin,The Way of Kings,73,1,chapter_58,Dalinar/Adolin
Adolin,Roion,The Way of Kings,73,1,chapter_58,Dalinar/Adolin
Adolin,Sadeas,The Way of Kings,73,1,chapter_58,Dalinar/Adolin
Adolin,Thanadal,The Way of Kings,73,1,chapter_58,Dalinar/Adolin
Aladar,Dalinar,The Way of Kings,73,1,chapter_58,Dalinar/Adolin
Aladar,Elhokar,The Way of Kings,73,1,chapter_58,Dalinar/Adolin
Aladar,Jakamav,The Way of Kings,73,1,chapter_58,Dalinar/Adolin
Aladar,Renarin,The Way of Kings,73,1,chapter_58,Dalinar/Adolin
Aladar,Roion,The Way of Kings,73,1,chapter_58,Dalinar/Adolin
Aladar,Sadeas,The Way of Kings,73,1,chapter_58,Dalinar/Adolin
Aladar,Thanadal,The Way of Kings,73,1,chapter_58,Dalinar/Adolin
Dalinar,Elhokar,The Way of Kings,73,1,chapter_58,Dalinar/Adolin
Dalinar,Jakamav,The Way of Kings,73,1,chapter_58,Dalinar/Adolin
Dalinar,Renarin,The Way of Kings,73,1,chapter_58,Dalinar/Adolin
Dalinar,Roion,The Way of Kings,73,1,chapter_58,Dalinar/Adolin
Dalinar,Sadeas,The Way of Kings,73,1,chapter_58,Dalinar/Adolin
Dalinar,Thanadal,The Way of Kings,73,1,chapter_58,Dalinar/Adolin
Elhokar,Jakamav,The Way of Kings,73,1,chapter_58,Dalinar/Adolin
Elhokar,Renarin,The Way of Kings,73,1,chapter_58,Dalinar/Adolin
Elhokar,Roion,The Way of Kings,73,1,chapter_58,Dalinar/Adolin
Elhokar,Sadeas,The Way of Kings,73,1,chapter_58,Dalinar/Adolin
Elhokar,Thanadal,The Way of Kings,73,1,chapter_58,Dalinar/Adolin
Jakamav,Renarin,The Way of Kings,73,1,chapter_58,Dalinar/Adolin
Jakamav,Roion,The Way of Kings,73,1,chapter_58,Dalinar/Adolin
Jakamav,Sadeas,The Way of Kings,73,1,chapter_58,Dalinar/Adolin
Jakamav,Thanadal,The Way of Kings,73,1,chapter_58,Dalinar/Adolin
Renarin,Roion,The Way of Kings,73,1,chapter_58,Dalinar/Adolin
Renarin,Sadeas,The Way of Kings,73,1,chapter_58,Dalinar/Adolin
Renarin,Thanadal,The Way of Kings,73,1,chapter_58,Dalinar/Adolin
Roion,Sadeas,The Way of Kings,73,1,chapter_58,Dalinar/Adolin
Roion,Thanadal,The Way of Kings,73,1,chapter_58,Dalinar/Adolin
Sadeas,Thanadal,The Way of Kings,73,1,chapter_58,Dalinar/Adolin
Adolin,Dalinar,The Way of Kings,73,2,chapter_58,Dalinar/Adolin
Adolin,Elhokar,The Way of Kings,73,2,chapter_58,Dalinar/Adolin
Adolin,Gavilar,The Way of Kings,73,2,chapter_58,Dalinar/Adolin
Adolin,Navani,The Way of Kings,73,2,chapter_58,Dalinar/Adolin
Adolin,Sadeas,The Way of Kings,73,2,chapter_58,Dalinar/Adolin
Adolin,Thanadal,The Way of Kings,73,2,chapter_58,Dalinar/Adolin
Adolin,Vamah,The Way of Kings,73,2,chapter_58,Dalinar/Adolin
Adolin,Wit,The Way of Kings,73,2,chapter_58,Dalinar/Adolin
Dalinar,Elhokar,The Way of Kings,73,2,chapter_58,Dalinar/Adolin
Dalinar,Gavilar,The Way of Kings,73,2,chapter_58,Dalinar/Adolin
Dalinar,Navani,The Way of Kings,73,2,chapter_58,Dalinar/Adolin
Dalinar,Sadeas,The Way of Kings,73,2,chapter_58,Dalinar/Adolin
Dalinar,Thanadal,The Way of Kings,73,2,chapter_58,Dalinar/Adolin
Dalinar,Vamah,The Way of Kings,73,2,chapter_58,Dalinar/Adolin
Dalinar,Wit,The Way of Kings,73,2,chapter_58,Dalinar/Adolin
Elhokar,Gavilar,The Way of Kings,73,2,chapter_58,Dalinar/Adolin
Elhokar,Navani,The Way of Kings,73,2,chapter_58,Dalinar/Adolin
Elhokar,Sadeas,The Way of Kings,73,2,chapter_58,Dalinar/Adolin
Elhokar,Thanadal,The Way of Kings,73,2,chapter_58,Dalinar/Adolin
Elhokar,Vamah,The Way of Kings,73,2,chapter_58,Dalinar/Adolin
Elhokar,Wit,The Way of Kings,73,2,chapter_58,Dalinar/Adolin
Gavilar,Navani,The Way of Kings,73,2,chapter_58,Dalinar/Adolin
Gavilar,Sadeas,The Way of Kings,73,2,chapter_58,Dalinar/Adolin
Gavilar,Thanadal,The Way of Kings,73,2,chapter_58,Dalinar/Adolin
Gavilar,Vamah,The Way of Kings,73,2,chapter_58,Dalinar/Adolin
Gavilar,Wit,The Way of Kings,73,2,chapter_58,Dalinar/Adolin
Navani,Sadeas,The Way of Kings,73,2,chapter_58,Dalinar/Adolin
Navani,Thanadal,The Way of Kings,73,2,chapter_58,Dalinar/Adolin
Navani,Vamah,The Way of Kings,73,2,chapter_58,Dalinar/Adolin
Navani,Wit,The Way of Kings,73,2,chapter_58,Dalinar/Adolin
Sadeas,Thanadal,The Way of Kings,73,2,chapter_58,Dalinar/Adolin
Sadeas,Vamah,The Way of Kings,73,2,chapter_58,Dalinar/Adolin
Sadeas,Wit,The Way of Kings,73,2,chapter_58,Dalinar/Adolin
Thanadal,Vamah,The Way of Kings,73,2,chapter_58,Dalinar/Adolin
Thanadal,Wit,The Way of Kings,73,2,chapter_58,Dalinar/Adolin
Vamah,Wit,The Way of Kings,73,2,chapter_58,Dalinar/Adolin
Gaz,Kaladin,The Way of Kings,74,1,chapter_59,Kaladin
Gaz,Kalak,The Way of Kings,74,1,chapter_59,Kaladin
Gaz,Lopen,The Way of Kings,74,1,chapter_59,Kaladin
Gaz,Moash,The Way of Kings,74,1,chapter_59,Kaladin
Gaz,Rock,The Way of Kings,74,1,chapter_59,Kaladin
Gaz,Sadeas,The Way of Kings,74,1,chapter_59,Kaladin
Gaz,Syl,The Way of Kings,74,1,chapter_59,Kaladin
Gaz,Teft,The Way of Kings,74,1,chapter_59,Kaladin
Kaladin,Kalak,The Way of Kings,74,1,chapter_59,Kaladin
Kaladin,Lopen,The Way of Kings,74,1,chapter_59,Kaladin
Kaladin,Moash,The Way of Kings,74,1,chapter_59,Kaladin
Kaladin,Rock,The Way of Kings,74,1,chapter_59,Kaladin
Kaladin,Sadeas,The Way of Kings,74,1,chapter_59,Kaladin
Kaladin,Syl,The Way of Kings,74,1,chapter_59,Kaladin
Kaladin,Teft,The Way of Kings,74,1,chapter_59,Kaladin
Kalak,Lopen,The Way of Kings,74,1,chapter_59,Kaladin
Kalak,Moash,The Way of Kings,74,1,chapter_59,Kaladin
Kalak,Rock,The Way of Kings,74,1,chapter_59,Kaladin
Kalak,Sadeas,The Way of Kings,74,1,chapter_59,Kaladin
Kalak,Syl,The Way of Kings,74,1,chapter_59,Kaladin
Kalak,Teft,The Way of Kings,74,1,chapter_59,Kaladin
Lopen,Moash,The Way of Kings,74,1,chapter_59,Kaladin
Lopen,Rock,The Way of Kings,74,1,chapter_59,Kaladin
Lopen,Sadeas,The Way of Kings,74,1,chapter_59,Kaladin
Lopen,Syl,The Way of Kings,74,1,chapter_59,Kaladin
Lopen,Teft,The Way of Kings,74,1,chapter_59,Kaladin
Moash,Rock,The Way of Kings,74,1,chapter_59,Kaladin
Moash,Sadeas,The Way of Kings,74,1,chapter_59,Kaladin
Moash,Syl,The Way of Kings,74,1,chapter_59,Kaladin
Moash,Teft,The Way of Kings,74,1,chapter_59,Kaladin
Rock,Sadeas,The Way of Kings,74,1,chapter_59,Kaladin
Rock,Syl,The Way of Kings,74,1,chapter_59,Kaladin
Rock,Teft,The Way of Kings,74,1,chapter_59,Kaladin
Sadeas,Syl,The Way of Kings,74,1,chapter_59,Kaladin
Sadeas,Teft,The Way of Kings,74,1,chapter_59,Kaladin
Syl,Teft,The Way of Kings,74,1,chapter_59,Kaladin
Dabbid,Kaladin,The Way of Kings,74,2,chapter_59,Kaladin
Dabbid,Lopen,The Way of Kings,74,2,chapter_59,Kaladin
Dabbid,Rock,The Way of Kings,74,2,chapter_59,Kaladin
Dabbid,Sadeas,The Way of Kings,74,2,chapter_59,Kaladin
Dabbid,Syl,The Way of Kings,74,2,chapter_59,Kaladin
Dabbid,Teft,The Way of Kings,74,2,chapter_59,Kaladin
Dabbid,Tien,The Way of Kings,74,2,chapter_59,Kaladin
Kaladin,Lopen,The Way of Kings,74,2,chapter_59,Kaladin
Kaladin,Rock,The Way of Kings,74,2,chapter_59,Kaladin
Kaladin,Sadeas,The Way of Kings,74,2,chapter_59,Kaladin
Kaladin,Syl,The Way of Kings,74,2,chapter_59,Kaladin
Kaladin,Teft,The Way of Kings,74,2,chapter_59,Kaladin
Kaladin,Tien,The Way of Kings,74,2,chapter_59,Kaladin
Lopen,Rock,The Way of Kings,74,2,chapter_59,Kaladin
Lopen,Sadeas,The Way of Kings,74,2,chapter_59,Kaladin
Lopen,Syl,The Way of Kings,74,2,chapter_59,Kaladin
Lopen,Teft,The Way of Kings,74,2,chapter_59,Kaladin
Lopen,Tien,The Way of Kings,74,2,chapter_59,Kaladin
Rock,Sadeas,The Way of Kings,74,2,chapter_59,Kaladin
Rock,Syl,The Way of Kings,74,2,chapter_59,Kaladin
Rock,Teft,The Way of Kings,74,2,chapter_59,Kaladin
Rock,Tien,The Way of Kings,74,2,chapter_59,Kaladin
Sadeas,Syl,The Way of Kings,74,2,chapter_59,Kaladin
Sadeas,Teft,The Way of Kings,74,2,chapter_59,Kaladin
Sadeas,Tien,The Way of Kings,74,2,chapter_59,Kaladin
Syl,Teft,The Way of Kings,74,2,chapter_59,Kaladin
Syl,Tien,The Way of Kings,74,2,chapter_59,Kaladin
Teft,Tien,The Way of Kings,74,2,chapter_59,Kaladin
Adolin,Dalinar,The Way of Kings,75,1,chapter_60,Dalinar
Adolin,Elhokar,The Way of Kings,75,1,chapter_60,Dalinar
Adolin,Gavilar,The Way of Kings,75,1,chapter_60,Dalinar
Adolin,Jasnah,The Way of Kings,75,1,chapter_60,Dalinar
Adolin,Navani,The Way of Kings,75,1,chapter_60,Dalinar
Adolin,Renarin,The Way of Kings,75,1,chapter_60,Dalinar
Adolin,Sadeas,The Way of Kings,75,1,chapter_60,Dalinar
Dalinar,Elhokar,The Way of Kings,75,1,chapter_60,Dalinar
Dalinar,Gavilar,The Way of Kings,75,1,chapter_60,Dalinar
Dalinar,Jasnah,The Way of Kings,75,1,chapter_60,Dalinar
Dalinar,Navani,The Way of Kings,75,1,chapter_60,Dalinar
Dalinar,Renarin,The Way of Kings,75,1,chapter_60,Dalinar
Dalinar,Sadeas,The Way of Kings,75,1,chapter_60,Dalinar
Elhokar,Gavilar,The Way of Kings,75,1,chapter_60,Dalinar
Elhokar,Jasnah,The Way of Kings,75,1,chapter_60,Dalinar
Elhokar,Navani,The Way of Kings,75,1,chapter_60,Dalinar
Elhokar,Renarin,The Way of Kings,75,1,chapter_60,Dalinar
Elhokar,Sadeas,The Way of Kings,75,1,chapter_60,Dalinar
Gavilar,Jasnah,The Way of Kings,75,1,chapter_60,Dalinar
Gavilar,Navani,The Way of Kings,75,1,chapter_60,Dalinar
Gavilar,Renarin,The Way of Kings,75,1,chapter_60,Dalinar
Gavilar,Sadeas,The Way of Kings,75,1,chapter_60,Dalinar
Jasnah,Navani,The Way of Kings,75,1,chapter_60,Dalinar
Jasnah,Renarin,The Way of Kings,75,1,chapter_60,Dalinar
Jasnah,Sadeas,The Way of Kings,75,1,chapter_60,Dalinar
Navani,Renarin,The Way of Kings,75,1,chapter_60,Dalinar
Navani,Sadeas,The Way of Kings,75,1,chapter_60,Dalinar
Renarin,Sadeas,The Way of Kings,75,1,chapter_60,Dalinar
Adolin,Dalinar,The Way of Kings,76,1,chapter_61,Dalinar
Adolin,Gavilar,The Way of Kings,76,1,chapter_61,Dalinar
Adolin,Jasnah,The Way of Kings,76,1,chapter_61,Dalinar
Adolin,Navani,The Way of Kings,76,1,chapter_61,Dalinar
Adolin,Renarin,The Way of Kings,76,1,chapter_61,Dalinar
Adolin,Sadeas,The Way of Kings,76,1,chapter_61,Dalinar
Dalinar,Gavilar,The Way of Kings,76,1,chapter_61,Dalinar
Dalinar,Jasnah,The Way of Kings,76,1,chapter_61,Dalinar
Dalinar,Navani,The Way of Kings,76,1,chapter_61,Dalinar
Dalinar,Renarin,The Way of Kings,76,1,chapter_61,Dalinar
Dalinar,Sadeas,The Way of Kings,76,1,chapter_61,Dalinar
Gavilar,Jasnah,The Way of Kings,76,1,chapter_61,Dalinar
Gavilar,Navani,The Way of Kings,76,1,chapter_61,Dalinar
Gavilar,Renarin,The Way of Kings,76,1,chapter_61,Dalinar
Gavilar,Sadeas,The Way of Kings,76,1,chapter_61,Dalinar
Jasnah,Navani,The Way of Kings,76,1,chapter_61,Dalinar
Jasnah,Renarin,The Way of Kings,76,1,chapter_61,Dalinar
Jasnah,Sadeas,The Way of Kings,76,1,chapter_61,Dalinar
Navani,Renarin,The Way of Kings,76,1,chapter_61,Dalinar
Navani,Sadeas,The Way of Kings,76,1,chapter_61,Dalinar
Renarin,Sadeas,The Way of Kings,76,1,chapter_61,Dalinar
Amaram,Dabbid,The Way of Kings,77,1,chapter_62,Kaladin
Amaram,Dalinar,The Way of Kings,77,1,chapter_62,Kaladin
Amaram,Drehy,The Way of Kings,77,1,chapter_62,Kaladin
Amaram,Kaladin,The Way of Kings,77,1,chapter_62,Kaladin
Amaram,Leyten,The Way of Kings,77,1,chapter_62,Kaladin
Amaram,Lopen,The Way of Kings,77,1,chapter_62,Kaladin
Amaram,Moash,The Way of Kings,77,1,chapter_62,Kaladin
Amaram,Rock,The Way of Kings,77,1,chapter_62,Kaladin
Amaram,Sadeas,The Way of Kings,77,1,chapter_62,Kaladin
Amaram,Sigzil,The Way of Kings,77,1,chapter_62,Kaladin
Amaram,Skar,The Way of Kings,77,1,chapter_62,Kaladin
Amaram,Syl,The Way of Kings,77,1,chapter_62,Kaladin
Amaram,Tarah,The Way of Kings,77,1,chapter_62,Kaladin
Amaram,Teft,The Way of Kings,77,1,chapter_62,Kaladin
Amaram,Tien,The Way of Kings,77,1,chapter_62,Kaladin
Dabbid,Dalinar,The Way of Kings,77,1,chapter_62,Kaladin
Dabbid,Drehy,The Way of Kings,77,1,chapter_62,Kaladin
Dabbid,Kaladin,The Way of Kings,77,1,chapter_62,Kaladin
Dabbid,Leyten,The Way of Kings,77,1,chapter_62,Kaladin
Dabbid,Lopen,The Way of Kings,77,1,chapter_62,Kaladin
Dabbid,Moash,The Way of Kings,77,1,chapter_62,Kaladin
Dabbid,Rock,The Way of Kings,77,1,chapter_62,Kaladin
Dabbid,Sadeas,The Way of Kings,77,1,chapter_62,Kaladin
Dabbid,Sigzil,The Way of Kings,77,1,chapter_62,Kaladin
Dabbid,Skar,The Way of Kings,77,1,chapter_62,Kaladin
Dabbid,Syl,The Way of Kings,77,1,chapter_62,Kaladin
Dabbid,Tarah,The Way of Kings,77,1,chapter_62,Kaladin
Dabbid,Teft,The Way of Kings,77,1,chapter_62,Kaladin
Dabbid,Tien,The Way of Kings,77,1,chapter_62,Kaladin
Dalinar,Drehy,The Way of Kings,77,1,chapter_62,Kaladin
Dalinar,Kaladin,The Way of Kings,77,1,chapter_62,Kaladin
Dalinar,Leyten,The Way of Kings,77,1,chapter_62,Kaladin
Dalinar,Lopen,The Way of Kings,77,1,chapter_62,Kaladin
Dalinar,Moash,The Way of Kings,77,1,chapter_62,Kaladin
Dalinar,Rock,The Way of Kings,77,1,chapter_62,Kaladin
Dalinar,Sadeas,The Way of Kings,77,1,chapter_62,Kaladin
Dalinar,Sigzil,The Way of Kings,77,1,chapter_62,Kaladin
Dalinar,Skar,The Way of Kings,77,1,chapter_62,Kaladin
Dalinar,Syl,The Way of Kings,77,1,chapter_62,Kaladin
Dalinar,Tarah,The Way of Kings,77,1,chapter_62,Kaladin
Dalinar,Teft,The Way of Kings,77,1,chapter_62,Kaladin
Dalinar,Tien,The Way of Kings,77,1,chapter_62,Kaladin
Drehy,Kaladin,The Way of Kings,77,1,chapter_62,Kaladin
Drehy,Leyten,The Way of Kings,77,1,chapter_62,Kaladin
Drehy,Lopen,The Way of Kings,77,1,chapter_62,Kaladin
Drehy,Moash,The Way of Kings,77,1,chapter_62,Kaladin
Drehy,Rock,The Way of Kings,77,1,chapter_62,Kaladin
Drehy,Sadeas,The Way of Kings,77,1,chapter_62,Kaladin
Drehy,Sigzil,The Way of Kings,77,1,chapter_62,Kaladin
Drehy,Skar,The Way of Kings,77,1,chapter_62,Kaladin
Drehy,Syl,The Way of Kings,77,1,chapter_62,Kaladin
Drehy,Tarah,The Way of Kings,77,1,chapter_62,Kaladin
Drehy,Teft,The Way of Kings,77,1,chapter_62,Kaladin
Drehy,Tien,The Way of Kings,77,1,chapter_62,Kaladin
Kaladin,Leyten,The Way of Kings,77,1,chapter_62,Kaladin
Kaladin,Lopen,The Way of Kings,77,1,chapter_62,Kaladin
Kaladin,Moash,The Way of Kings,77,1,chapter_62,Kaladin
Kaladin,Rock,The Way of Kings,77,1,chapter_62,Kaladin
Kaladin,Sadeas,The Way of Kings,77,1,chapter_62,Kaladin
Kaladin,Sigzil,The Way of Kings,77,1,chapter_62,Kaladin
Kaladin,Skar,The Way of Kings,77,1,chapter_62,Kaladin
Kaladin,Syl,The Way of Kings,77,1,chapter_62,Kaladin
Kaladin,Tarah,The Way of Kings,77,1,chapter_62,Kaladin
Kaladin,Teft,The Way of Kings,77,1,chapter_62,Kaladin
Kaladin,Tien,The Way of Kings,77,1,chapter_62,Kaladin
Leyten,Lopen,The Way of Kings,77,1,chapter_62,Kaladin
Leyten,Moash,The Way of Kings,77,1,chapter_62,Kaladin
Leyten,Rock,The Way of Kings,77,1,chapter_62,Kaladin
Leyten,Sadeas,The Way of Kings,77,1,chapter_62,Kaladin
Leyten,Sigzil,The Way of Kings,77,1,chapter_62,Kaladin
Leyten,Skar,The Way of Kings,77,1,chapter_62,Kaladin
Leyten,Syl,The Way of Kings,77,1,chapter_62,Kaladin
Leyten,Tarah,The Way of Kings,77,1,chapter_62,Kaladin
Leyten,Teft,The Way of Kings,77,1,chapter_62,Kaladin
Leyten,Tien,The Way of Kings,77,1,chapter_62,Kaladin
Lopen,Moash,The Way of Kings,77,1,chapter_62,Kaladin
Lopen,Rock,The Way of Kings,77,1,chapter_62,Kaladin
Lopen,Sadeas,The Way of Kings,77,1,chapter_62,Kaladin
Lopen,Sigzil,The Way of Kings,77,1,chapter_62,Kaladin
Lopen,Skar,The Way of Kings,77,1,chapter_62,Kaladin
Lopen,Syl,The Way of Kings,77,1,chapter_62,Kaladin
Lopen,Tarah,The Way of Kings,77,1,chapter_62,Kaladin
Lopen,Teft,The Way of Kings,77,1,chapter_62,Kaladin
Lopen,Tien,The Way of Kings,77,1,chapter_62,Kaladin
Moash,Rock,The Way of Kings,77,1,chapter_62,Kaladin
Moash,Sadeas,The Way of Kings,77,1,chapter_62,Kaladin
Moash,Sigzil,The Way of Kings,77,1,chapter_62,Kaladin
Moash,Skar,The Way of Kings,77,1,chapter_62,Kaladin
Moash,Syl,The Way of Kings,77,1,chapter_62,Kaladin
Moash,Tarah,The Way of Kings,77,1,chapter_62,Kaladin
Moash,Teft,The Way of Kings,77,1,chapter_62,Kaladin
Moash,Tien,The Way of Kings,77,1,chapter_62,Kaladin
Rock,Sadeas,The Way of Kings,77,1,chapter_62,Kaladin
Rock,Sigzil,The Way of Kings,77,1,chapter_62,Kaladin
Rock,Skar,The Way of Kings,77,1,chapter_62,Kaladin
Rock,Syl,The Way of Kings,77,1,chapter_62,Kaladin
Rock,Tarah,The Way of Kings,77,1,chapter_62,Kaladin
Rock,Teft,The Way of Kings,77,1,chapter_62,Kaladin
Rock,Tien,The Way of Kings,77,1,chapter_62,Kaladin
Sadeas,Sigzil,The Way of Kings,77,1,chapter_62,Kaladin
Sadeas,Skar,The Way of Kings,77,1,chapter_62,Kaladin
Sadeas,Syl,The Way of Kings,77,1,chapter_62,Kaladin
Sadeas,Tarah,The Way of Kings,77,1,chapter_62,Kaladin
Sadeas,Teft,The Way of Kings,77,1,chapter_62,Kaladin
Sadeas,Tien,The Way of Kings,77,1,chapter_62,Kaladin
Sigzil,Skar,The Way of Kings,77,1,chapter_62,Kaladin
Sigzil,Syl,The Way of Kings,77,1,chapter_62,Kaladin
Sigzil,Tarah,The Way of Kings,77,1,chapter_62,Kaladin
Sigzil,Teft,The Way of Kings,77,1,chapter_62,Kaladin
Sigzil,Tien,The Way of Kings,77,1,chapter_62,Kaladin
Skar,Syl,The Way of Kings,77,1,chapter_62,Kaladin
Skar,Tarah,The Way of Kings,77,1,chapter_62,Kaladin
Skar,Teft,The Way of Kings,77,1,chapter_62,Kaladin
Skar,Tien,The Way of Kings,77,1,chapter_62,Kaladin
Syl,Tarah,The Way of Kings,77,1,chapter_62,Kaladin
Syl,Teft,The Way of Kings,77,1,chapter_62,Kaladin
Syl,Tien,The Way of Kings,77,1,chapter_62,Kaladin
Tarah,Teft,The Way of Kings,77,1,chapter_62,Kaladin
Tarah,Tien,The Way of Kings,77,1,chapter_62,Kaladin
Teft,Tien,The Way of Kings,77,1,chapter_62,Kaladin
Amaram,Dabbid,The Way of Kings,78,1,chapter_63,Kaladin
Amaram,Hobber,The Way of Kings,78,1,chapter_63,Kaladin
Amaram,Kaladin,The Way of Kings,78,1,chapter_63,Kaladin
Amaram,Leyten,The Way of Kings,78,1,chapter_63,Kaladin
Amaram,Lopen,The Way of Kings,78,1,chapter_63,Kaladin
Amaram,Moash,The Way of Kings,78,1,chapter_63,Kaladin
Amaram,Rock,The Way of Kings,78,1,chapter_63,Kaladin
Amaram,Sadeas,The Way of Kings,78,1,chapter_63,Kaladin
Amaram,Sigzil,The Way of Kings,78,1,chapter_63,Kaladin
Amaram,Skar,The Way of Kings,78,1,chapter_63,Kaladin
Amaram,Syl,The Way of Kings,78,1,chapter_63,Kaladin
Amaram,Tarah,The Way of Kings,78,1,chapter_63,Kaladin
Amaram,Teft,The Way of Kings,78,1,chapter_63,Kaladin
Amaram,Tien,The Way of Kings,78,1,chapter_63,Kaladin
Amaram,Wit,The Way of Kings,78,1,chapter_63,Kaladin
Amaram,Yake,The Way of Kings,78,1,chapter_63,Kaladin
Dabbid,Hobber,The Way of Kings,78,1,chapter_63,Kaladin
Dabbid,Kaladin,The Way of Kings,78,1,chapter_63,Kaladin
Dabbid,Leyten,The Way of Kings,78,1,chapter_63,Kaladin
Dabbid,Lopen,The Way of Kings,78,1,chapter_63,Kaladin
Dabbid,Moash,The Way of Kings,78,1,chapter_63,Kaladin
Dabbid,Rock,The Way of Kings,78,1,chapter_63,Kaladin
Dabbid,Sadeas,The Way of Kings,78,1,chapter_63,Kaladin
Dabbid,Sigzil,The Way of Kings,78,1,chapter_63,Kaladin
Dabbid,Skar,The Way of Kings,78,1,chapter_63,Kaladin
Dabbid,Syl,The Way of Kings,78,1,chapter_63,Kaladin
Dabbid,Tarah,The Way of Kings,78,1,chapter_63,Kaladin
Dabbid,Teft,The Way of Kings,78,1,chapter_63,Kaladin
Dabbid,Tien,The Way of Kings,78,1,chapter_63,Kaladin
Dabbid,Wit,The Way of Kings,78,1,chapter_63,Kaladin
Dabbid,Yake,The Way of Kings,78,1,chapter_63,Kaladin
Hobber,Kaladin,The Way of Kings,78,1,chapter_63,Kaladin
Hobber,Leyten,The Way of Kings,78,1,chapter_63,Kaladin
Hobber,Lopen,The Way of Kings,78,1,chapter_63,Kaladin
Hobber,Moash,The Way of Kings,78,1,chapter_63,Kaladin
Hobber,Rock,The Way of Kings,78,1,chapter_63,Kaladin
Hobber,Sadeas,The Way of Kings,78,1,chapter_63,Kaladin
Hobber,Sigzil,The Way of Kings,78,1,chapter_63,Kaladin
Hobber,Skar,The Way of Kings,78,1,chapter_63,Kaladin
Hobber,Syl,The Way of Kings,78,1,chapter_63,Kaladin
Hobber,Tarah,The Way of Kings,78,1,chapter_63,Kaladin
Hobber,Teft,The Way of Kings,78,1,chapter_63,Kaladin
Hobber,Tien,The Way of Kings,78,1,chapter_63,Kaladin
Hobber,Wit,The Way of Kings,78,1,chapter_63,Kaladin
Hobber,Yake,The Way of Kings,78,1,chapter_63,Kaladin
Kaladin,Leyten,The Way of Kings,78,1,chapter_63,Kaladin
Kaladin,Lopen,The Way of Kings,78,1,chapter_63,Kaladin
Kaladin,Moash,The Way of Kings,78,1,chapter_63,Kaladin
Kaladin,Rock,The Way of Kings,78,1,chapter_63,Kaladin
Kaladin,Sadeas,The Way of Kings,78,1,chapter_63,Kaladin
Kaladin,Sigzil,The Way of Kings,78,1,chapter_63,Kaladin
Kaladin,Skar,The Way of Kings,78,1,chapter_63,Kaladin
Kaladin,Syl,The Way of Kings,78,1,chapter_63,Kaladin
Kaladin,Tarah,The Way of Kings,78,1,chapter_63,Kaladin
Kaladin,Teft,The Way of Kings,78,1,chapter_63,Kaladin
Kaladin,Tien,The Way of Kings,78,1,chapter_63,Kaladin
Kaladin,Wit,The Way of Kings,78,1,chapter_63,Kaladin
Kaladin,Yake,The Way of Kings,78,1,chapter_63,Kaladin
Leyten,Lopen,The Way of Kings,78,1,chapter_63,Kaladin
Leyten,Moash,The Way of Kings,78,1,chapter_63,Kaladin
Leyten,Rock,The Way of Kings,78,1,chapter_63,Kaladin
Leyten,Sadeas,The Way of Kings,78,1,chapter_63,Kaladin
Leyten,Sigzil,The Way of Kings,78,1,chapter_63,Kaladin
Leyten,Skar,The Way of Kings,78,1,chapter_63,Kaladin
Leyten,Syl,The Way of Kings,78,1,chapter_63,Kaladin
Leyten,Tarah,The Way of Kings,78,1,chapter_63,Kaladin
Leyten,Teft,The Way of Kings,78,1,chapter_63,Kaladin
Leyten,Tien,The Way of Kings,78,1,chapter_63,Kaladin
Leyten,Wit,The Way of Kings,78,1,chapter_63,Kaladin
Leyten,Yake,The Way of Kings,78,1,chapter_63,Kaladin
Lopen,Moash,The Way of Kings,78,1,chapter_63,Kaladin
Lopen,Rock,The Way of Kings,78,1,chapter_63,Kaladin
Lopen,Sadeas,The Way of Kings,78,1,chapter_63,Kaladin
Lopen,Sigzil,The Way of Kings,78,1,chapter_63,Kaladin
Lopen,Skar,The Way of Kings,78,1,chapter_63,Kaladin
Lopen,Syl,The Way of Kings,78,1,chapter_63,Kaladin
Lopen,Tarah,The Way of Kings,78,1,chapter_63,Kaladin
Lopen,Teft,The Way of Kings,78,1,chapter_63,Kaladin
Lopen,Tien,The Way of Kings,78,1,chapter_63,Kaladin
Lopen,Wit,The Way of Kings,78,1,chapter_63,Kaladin
Lopen,Yake,The Way of Kings,78,1,chapter_63,Kaladin
Moash,Rock,The Way of Kings,78,1,chapter_63,Kaladin
Moash,Sadeas,The Way of Kings,78,1,chapter_63,Kaladin
Moash,Sigzil,The Way of Kings,78,1,chapter_63,Kaladin
Moash,Skar,The Way of Kings,78,1,chapter_63,Kaladin
Moash,Syl,The Way of Kings,78,1,chapter_63,Kaladin
Moash,Tarah,The Way of Kings,78,1,chapter_63,Kaladin
Moash,Teft,The Way of Kings,78,1,chapter_63,Kaladin
Moash,Tien,The Way of Kings,78,1,chapter_63,Kaladin
Moash,Wit,The Way of Kings,78,1,chapter_63,Kaladin
Moash,Yake,The Way of Kings,78,1,chapter_63,Kaladin
Rock,Sadeas,The Way of Kings,78,1,chapter_63,Kaladin
Rock,Sigzil,The Way of Kings,78,1,chapter_63,Kaladin
Rock,Skar,The Way of Kings,78,1,chapter_63,Kaladin
Rock,Syl,The Way of Kings,78,1,chapter_63,Kaladin
Rock,Tarah,The Way of Kings,78,1,chapter_63,Kaladin
Rock,Teft,The Way of Kings,78,1,chapter_63,Kaladin
Rock,Tien,The Way of Kings,78,1,chapter_63,Kaladin
Rock,Wit,The Way of Kings,78,1,chapter_63,Kaladin
Rock,Yake,The Way of Kings,78,1,chapter_63,Kaladin
Sadeas,Sigzil,The Way of Kings,78,1,chapter_63,Kaladin
Sadeas,Skar,The Way of Kings,78,1,chapter_63,Kaladin
Sadeas,Syl,The Way of Kings,78,1,chapter_63,Kaladin
Sadeas,Tarah,The Way of Kings,78,1,chapter_63,Kaladin
Sadeas,Teft,The Way of Kings,78,1,chapter_63,Kaladin
Sadeas,Tien,The Way of Kings,78,1,chapter_63,Kaladin
Sadeas,Wit,The Way of Kings,78,1,chapter_63,Kaladin
Sadeas,Yake,The Way of Kings,78,1,chapter_63,Kaladin
Sigzil,Skar,The Way of Kings,78,1,chapter_63,Kaladin
Sigzil,Syl,The Way of Kings,78,1,chapter_63,Kaladin
Sigzil,Tarah,The Way of Kings,78,1,chapter_63,Kaladin
Sigzil,Teft,The Way of Kings,78,1,chapter_63,Kaladin
Sigzil,Tien,The Way of Kings,78,1,chapter_63,Kaladin
Sigzil,Wit,The Way of Kings,78,1,chapter_63,Kaladin
Sigzil,Yake,The Way of Kings,78,1,chapter_63,Kaladin
Skar,Syl,The Way of Kings,78,1,chapter_63,Kaladin
Skar,Tarah,The Way of Kings,78,1,chapter_63,Kaladin
Skar,Teft,The Way of Kings,78,1,chapter_63,Kaladin
Skar,Tien,The Way of Kings,78,1,chapter_63,Kaladin
Skar,Wit,The Way of Kings,78,1,chapter_63,Kaladin
Skar,Yake,The Way of Kings,78,1,chapter_63,Kaladin
Syl,Tarah,The Way of Kings,78,1,chapter_63,Kaladin
Syl,Teft,The Way of Kings,78,1,chapter_63,Kaladin
Syl,Tien,The Way of Kings,78,1,chapter_63,Kaladin
Syl,Wit,The Way of Kings,78,1,chapter_63,Kaladin
Syl,Yake,The Way of Kings,78,1,chapter_63,Kaladin
Tarah,Teft,The Way of Kings,78,1,chapter_63,Kaladin
Tarah,Tien,The Way of Kings,78,1,chapter_63,Kaladin
Tarah,Wit,The Way of Kings,78,1,chapter_63,Kaladin
Tarah,Yake,The Way of Kings,78,1,chapter_63,Kaladin
Teft,Tien,The Way of Kings,78,1,chapter_63,Kaladin
Teft,Wit,The Way of Kings,78,1,chapter_63,Kaladin
Teft,Yake,The Way of Kings,78,1,chapter_63,Kaladin
Tien,Wit,The Way of Kings,78,1,chapter_63,Kaladin
Tien,Yake,The Way of Kings,78,1,chapter_63,Kaladin
Wit,Yake,The Way of Kings,78,1,chapter_63,Kaladin
Dalinar,Elhokar,The Way of Kings,79,1,chapter_64,Dalinar/Adolin
Dalinar,Gavilar,The Way of Kings,79,1,chapter_64,Dalinar/Adolin
Dalinar,Navani,The Way of Kings,79,1,chapter_64,Dalinar/Adolin
Dalinar,Sadeas,The Way of Kings,79,1,chapter_64,Dalinar/Adolin
Elhokar,Gavilar,The Way of Kings,79,1,chapter_64,Dalinar/Adolin
Elhokar,Navani,The Way of Kings,79,1,chapter_64,Dalinar/Adolin
Elhokar,Sadeas,The Way of Kings,79,1,chapter_64,Dalinar/Adolin
Gavilar,Navani,The Way of Kings,79,1,chapter_64,Dalinar/Adolin
Gavilar,Sadeas,The Way of Kings,79,1,chapter_64,Dalinar/Adolin
Navani,Sadeas,The Way of Kings,79,1,chapter_64,Dalinar/Adolin
Jaks,Kaladin,The Way of Kings,79,2,chapter_64,Dalinar/Adolin
Jaks,Leyten,The Way of Kings,79,2,chapter_64,Dalinar/Adolin
Jaks,Teft,The Way of Kings,79,2,chapter_64,Dalinar/Adolin
Kaladin,Leyten,The Way of Kings,79,2,chapter_64,Dalinar/Adolin
Kaladin,Teft,The Way of Kings,79,2,chapter_64,Dalinar/Adolin
Leyten,Teft,The Way of Kings,79,2,chapter_64,Dalinar/Adolin
Adolin,Dalinar,The Way of Kings,79,3,chapter_64,Dalinar/Adolin
Adolin,Navani,The Way of Kings,79,3,chapter_64,Dalinar/Adolin
Adolin,Sadeas,The Way of Kings,79,3,chapter_64,Dalinar/Adolin
Adolin,Teleb,The Way of Kings,79,3,chapter_64,Dalinar/Adolin
Dalinar,Navani,The Way of Kings,79,3,chapter_64,Dalinar/Adolin
Dalinar,Sadeas,The Way of Kings,79,3,chapter_64,Dalinar/Adolin
Dalinar,Teleb,The Way of Kings,79,3,chapter_64,Dalinar/Adolin
Navani,Sadeas,The Way of Kings,79,3,chapter_64,Dalinar/Adolin
Navani,Teleb,The Way of Kings,79,3,chapter_64,Dalinar/Adolin
Sadeas,Teleb,The Way of Kings,79,3,chapter_64,Dalinar/Adolin
Adolin,Dalinar,The Way of Kings,80,1,chapter_65,Dalinar
Adolin,Elhokar,The Way of Kings,80,1,chapter_65,Dalinar
Adolin,Navani,The Way of Kings,80,1,chapter_65,Dalinar
Adolin,Sadeas,The Way of Kings,80,1,chapter_65,Dalinar
Dalinar,Elhokar,The Way of Kings,80,1,chapter_65,Dalinar
Dalinar,Navani,The Way of Kings,80,1,chapter_65,Dalinar
Dalinar,Sadeas,The Way of Kings,80,1,chapter_65,Dalinar
Elhokar,Navani,The Way of Kings,80,1,chapter_65,Dalinar
Elhokar,Sadeas,The Way of Kings,80,1,chapter_65,Dalinar
Navani,Sadeas,The Way of Kings,80,1,chapter_65,Dalinar
Dalinar,Drehy,The Way of Kings,80,2,chapter_65,Dalinar
Dalinar,Kaladin,The Way of Kings,80,2,chapter_65,Dalinar
Dalinar,Lopen,The Way of Kings,80,2,chapter_65,Dalinar
Dalinar,Moash,The Way of Kings,80,2,chapter_65,Dalinar
Dalinar,Rock,The Way of Kings,80,2,chapter_65,Dalinar
Dalinar,Sadeas,The Way of Kings,80,2,chapter_65,Dalinar
Dalinar,Skar,The Way of Kings,80,2,chapter_65,Dalinar
Dalinar,Teft,The Way of Kings,80,2,chapter_65,Dalinar
Drehy,Kaladin,The Way of Kings,80,2,chapter_65,Dalinar
Drehy,Lopen,The Way of Kings,80,2,chapter_65,Dalinar
Drehy,Moash,The Way of Kings,80,2,chapter_65,Dalinar
Drehy,Rock,The Way of Kings,80,2,chapter_65,Dalinar
Drehy,Sadeas,The Way of Kings,80,2,chapter_65,Dalinar
Drehy,Skar,The Way of Kings,80,2,chapter_65,Dalinar
Drehy,Teft,The Way of Kings,80,2,chapter_65,Dalinar
Kaladin,Lopen,The Way of Kings,80,2,chapter_65,Dalinar
Kaladin,Moash,The Way of Kings,80,2,chapter_65,Dalinar
Kaladin,Rock,The Way of Kings,80,2,chapter_65,Dalinar
Kaladin,Sadeas,The Way of Kings,80,2,chapter_65,Dalinar
Kaladin,Skar,The Way of Kings,80,2,chapter_65,Dalinar
Kaladin,Teft,The Way of Kings,80,2,chapter_65,Dalinar
Lopen,Moash,The Way of Kings,80,2,chapter_65,Dalinar
Lopen,Rock,The Way of Kings,80,2,chapter_65,Dalinar
Lopen,Sadeas,The Way of Kings,80,2,chapter_65,Dalinar
Lopen,Skar,The Way of Kings,80,2,chapter_65,Dalinar
Lopen,Teft,The Way of Kings,80,2,chapter_65,Dalinar
Moash,Rock,The Way of Kings,80,2,chapter_65,Dalinar
Moash,Sadeas,The Way of Kings,80,2,chapter_65,Dalinar
Moash,Skar,The Way of Kings,80,2,chapter_65,Dalinar
Moash,Teft,The Way of Kings,80,2,chapter_65,Dalinar
Rock,Sadeas,The Way of Kings,80,2,chapter_65,Dalinar
Rock,Skar,The Way of Kings,80,2,chapter_65,Dalinar
Rock,Teft,The Way of Kings,80,2,chapter_65,Dalinar
Sadeas,Skar,The Way of Kings,80,2,chapter_65,Dalinar
Sadeas,Teft,The Way of Kings,80,2,chapter_65,Dalinar
Skar,Teft,The Way of Kings,80,2,chapter_65,Dalinar
Adolin,Dalinar,The Way of Kings,80,3,chapter_65,Dalinar
Adolin,Gavilar,The Way of Kings,80,3,chapter_65,Dalinar
Adolin,Sadeas,The Way of Kings,80,3,chapter_65,Dalinar
Dalinar,Gavilar,The Way of Kings,80,3,chapter_65,Dalinar
Dalinar,Sadeas,The Way of Kings,80,3,chapter_65,Dalinar
Gavilar,Sadeas,The Way of Kings,80,3,chapter_65,Dalinar
Amaram,Dalinar,The Way of Kings,81,1,chapter_66,Dalinar
Amaram,Drehy,The Way of Kings,81,1,chapter_66,Dalinar
Amaram,Kaladin,The Way of Kings,81,1,chapter_66,Dalinar
Amaram,Leyten,The Way of Kings,81,1,chapter_66,Dalinar
Amaram,Lopen,The Way of Kings,81,1,chapter_66,Dalinar
Amaram,Moash,The Way of Kings,81,1,chapter_66,Dalinar
Amaram,Rock,The Way of Kings,81,1,chapter_66,Dalinar
Amaram,Sadeas,The Way of Kings,81,1,chapter_66,Dalinar
Amaram,Skar,The Way of Kings,81,1,chapter_66,Dalinar
Amaram,Teft,The Way of Kings,81,1,chapter_66,Dalinar
Dalinar,Drehy,The Way of Kings,81,1,chapter_66,Dalinar
Dalinar,Kaladin,The Way of Kings,81,1,chapter_66,Dalinar
Dalinar,Leyten,The Way of Kings,81,1,chapter_66,Dalinar
Dalinar,Lopen,The Way of Kings,81,1,chapter_66,Dalinar
Dalinar,Moash,The Way of Kings,81,1,chapter_66,Dalinar
Dalinar,Rock,The Way of Kings,81,1,chapter_66,Dalinar
Dalinar,Sadeas,The Way of Kings,81,1,chapter_66,Dalinar
Dalinar,Skar,The Way of Kings,81,1,chapter_66,Dalinar
Dalinar,Teft,The Way of Kings,81,1,chapter_66,Dalinar
Drehy,Kaladin,The Way of Kings,81,1,chapter_66,Dalinar
Drehy,Leyten,The Way of Kings,81,1,chapter_66,Dalinar
Drehy,Lopen,The Way of Kings,81,1,chapter_66,Dalinar
Drehy,Moash,The Way of Kings,81,1,chapter_66,Dalinar
Drehy,Rock,The Way of Kings,81,1,chapter_66,Dalinar
Drehy,Sadeas,The Way of Kings,81,1,chapter_66,Dalinar
Drehy,Skar,The Way of Kings,81,1,chapter_66,Dalinar
Drehy,Teft,The Way of Kings,81,1,chapter_66,Dalinar
Kaladin,Leyten,The Way of Kings,81,1,chapter_66,Dalinar
Kaladin,Lopen,The Way of Kings,81,1,chapter_66,Dalinar
Kaladin,Moash,The Way of Kings,81,1,chapter_66,Dalinar
Kaladin,Rock,The Way of Kings,81,1,chapter_66,Dalinar
Kaladin,Sadeas,The Way of Kings,81,1,chapter_66,Dalinar
Kaladin,Skar,The Way of Kings,81,1,chapter_66,Dalinar
Kaladin,Teft,The Way of Kings,81,1,chapter_66,Dalinar
Leyten,Lopen,The Way of Kings,81,1,chapter_66,Dalinar
Leyten,Moash,The Way of Kings,81,1,chapter_66,Dalinar
Leyten,Rock,The Way of Kings,81,1,chapter_66,Dalinar
Leyten,Sadeas,The Way of Kings,81,1,chapter_66,Dalinar
Leyten,Skar,The Way of Kings,81,1,chapter_66,Dalinar
Leyten,Teft,The Way of Kings,81,1,chapter_66,Dalinar
Lopen,Moash,The Way of Kings,81,1,chapter_66,Dalinar
Lopen,Rock,The Way of Kings,81,1,chapter_66,Dalinar
Lopen,Sadeas,The Way of Kings,81,1,chapter_66,Dalinar
Lopen,Skar,The Way of Kings,81,1,chapter_66,Dalinar
Lopen,Teft,The Way of Kings,81,1,chapter_66,Dalinar
Moash,Rock,The Way of Kings,81,1,chapter_66,Dalinar
Moash,Sadeas,The Way of Kings,81,1,chapter_66,Dalinar
Moash,Skar,The Way of Kings,81,1,chapter_66,Dalinar
Moash,Teft,The Way of Kings,81,1,chapter_66,Dalinar
Rock,Sadeas,The Way of Kings,81,1,chapter_66,Dalinar
Rock,Skar,The Way of Kings,81,1,chapter_66,Dalinar
Rock,Teft,The Way of Kings,81,1,chapter_66,Dalinar
Sadeas,Skar,The Way of Kings,81,1,chapter_66,Dalinar
Sadeas,Teft,The Way of Kings,81,1,chapter_66,Dalinar
Skar,Teft,The Way of Kings,81,1,chapter_66,Dalinar
Adolin,Dalinar,The Way of Kings,81,2,chapter_66,Dalinar
Adolin,Elhokar,The Way of Kings,81,2,chapter_66,Dalinar
Adolin,Renarin,The Way of Kings,81,2,chapter_66,Dalinar
Adolin,Sadeas,The Way of Kings,81,2,chapter_66,Dalinar
Dalinar,Elhokar,The Way of Kings,81,2,chapter_66,Dalinar
Dalinar,Renarin,The Way of Kings,81,2,chapter_66,Dalinar
Dalinar,Sadeas,The Way of Kings,81,2,chapter_66,Dalinar
Elhokar,Renarin,The Way of Kings,81,2,chapter_66,Dalinar
Elhokar,Sadeas,The Way of Kings,81,2,chapter_66,Dalinar
Renarin,Sadeas,The Way of Kings,81,2,chapter_66,Dalinar
Amaram,Dalinar,The Way of Kings,82,1,chapter_67,Kaladin
Amaram,Drehy,The Way of Kings,82,1,chapter_67,Kaladin
Amaram,Kaladin,The Way of Kings,82,1,chapter_67,Kaladin
Amaram,Lirin,The Way of Kings,82,1,chapter_67,Kaladin
Amaram,Moash,The Way of Kings,82,1,chapter_67,Kaladin
Amaram,Rock,The Way of Kings,82,1,chapter_67,Kaladin
Amaram,Roshone,The Way of Kings,82,1,chapter_67,Kaladin
Amaram,Sadeas,The Way of Kings,82,1,chapter_67,Kaladin
Amaram,Sigzil,The Way of Kings,82,1,chapter_67,Kaladin
Amaram,Skar,The Way of Kings,82,1,chapter_67,Kaladin
Amaram,Syl,The Way of Kings,82,1,chapter_67,Kaladin
Amaram,Teft,The Way of Kings,82,1,chapter_67,Kaladin
Dalinar,Drehy,The Way of Kings,82,1,chapter_67,Kaladin
Dalinar,Kaladin,The Way of Kings,82,1,chapter_67,Kaladin
Dalinar,Lirin,The Way of Kings,82,1,chapter_67,Kaladin
Dalinar,Moash,The Way of Kings,82,1,chapter_67,Kaladin
Dalinar,Rock,The Way of Kings,82,1,chapter_67,Kaladin
Dalinar,Roshone,The Way of Kings,82,1,chapter_67,Kaladin
Dalinar,Sadeas,The Way of Kings,82,1,chapter_67,Kaladin
Dalinar,Sigzil,The Way of Kings,82,1,chapter_67,Kaladin
Dalinar,Skar,The Way of Kings,82,1,chapter_67,Kaladin
Dalinar,Syl,The Way of Kings,82,1,chapter_67,Kaladin
Dalinar,Teft,The Way of Kings,82,1,chapter_67,Kaladin
Drehy,Kaladin,The Way of Kings,82,1,chapter_67,Kaladin
Drehy,Lirin,The Way of Kings,82,1,chapter_67,Kaladin
Drehy,Moash,The Way of Kings,82,1,chapter_67,Kaladin
Drehy,Rock,The Way of Kings,82,1,chapter_67,Kaladin
Drehy,Roshone,The Way of Kings,82,1,chapter_67,Kaladin
Drehy,Sadeas,The Way of Kings,82,1,chapter_67,Kaladin
Drehy,Sigzil,The Way of Kings,82,1,chapter_67,Kaladin
Drehy,Skar,The Way of Kings,82,1,chapter_67,Kaladin
Drehy,Syl,The Way of Kings,82,1,chapter_67,Kaladin
Drehy,Teft,The Way of Kings,82,1,chapter_67,Kaladin
Kaladin,Lirin,The Way of Kings,82,1,chapter_67,Kaladin
Kaladin,Moash,The Way of Kings,82,1,chapter_67,Kaladin
Kaladin,Rock,The Way of Kings,82,1,chapter_67,Kaladin
Kaladin,Roshone,The Way of Kings,82,1,chapter_67,Kaladin
Kaladin,Sadeas,The Way of Kings,82,1,chapter_67,Kaladin
Kaladin,Sigzil,The Way of Kings,82,1,chapter_67,Kaladin
Kaladin,Skar,The Way of Kings,82,1,chapter_67,Kaladin
Kaladin,Syl,The Way of Kings,82,1,chapter_67,Kaladin
Kaladin,Teft,The Way of Kings,82,1,chapter_67,Kaladin
Lirin,Moash,The Way of Kings,82,1,chapter_67,Kaladin
Lirin,Rock,The Way of Kings,82,1,chapter_67,Kaladin
Lirin,Roshone,The Way of Kings,82,1,chapter_67,Kaladin
Lirin,Sadeas,The Way of Kings,82,1,chapter_67,Kaladin
Lirin,Sigzil,The Way of Kings,82,1,chapter_67,Kaladin
Lirin,Skar,The Way of Kings,82,1,chapter_67,Kaladin
Lirin,Syl,The Way of Kings,82,1,chapter_67,Kaladin
Lirin,Teft,The Way of Kings,82,1,chapter_67,Kaladin
Moash,Rock,The Way of Kings,82,1,chapter_67,Kaladin
Moash,Roshone,The Way of Kings,82,1,chapter_67,Kaladin
Moash,Sadeas,The Way of Kings,82,1,chapter_67,Kaladin
Moash,Sigzil,The Way of Kings,82,1,chapter_67,Kaladin
Moash,Skar,The Way of Kings,82,1,chapter_67,Kaladin
Moash,Syl,The Way of Kings,82,1,chapter_67,Kaladin
Moash,Teft,The Way of Kings,82,1,chapter_67,Kaladin
Rock,Roshone,The Way of Kings,82,1,chapter_67,Kaladin
Rock,Sadeas,The Way of Kings,82,1,chapter_67,Kaladin
Rock,Sigzil,The Way of Kings,82,1,chapter_67,Kaladin
Rock,Skar,The Way of Kings,82,1,chapter_67,Kaladin
Rock,Syl,The Way of Kings,82,1,chapter_67,Kaladin
Rock,Teft,The Way of Kings,82,1,chapter_67,Kaladin
Roshone,Sadeas,The Way of Kings,82,1,chapter_67,Kaladin
Roshone,Sigzil,The Way of Kings,82,1,chapter_67,Kaladin
Roshone,Skar,The Way of Kings,82,1,chapter_67,Kaladin
Roshone,Syl,The Way of Kings,82,1,chapter_67,Kaladin
Roshone,Teft,The Way of Kings,82,1,chapter_67,Kaladin
Sadeas,Sigzil,The Way of Kings,82,1,chapter_67,Kaladin
Sadeas,Skar,The Way of Kings,82,1,chapter_67,Kaladin
Sadeas,Syl,The Way of Kings,82,1,chapter_67,Kaladin
Sadeas,Teft,The Way of Kings,82,1,chapter_67,Kaladin
Sigzil,Skar,The Way of Kings,82,1,chapter_67,Kaladin
Sigzil,Syl,The Way of Kings,82,1,chapter_67,Kaladin
Sigzil,Teft,The Way of Kings,82,1,chapter_67,Kaladin
Skar,Syl,The Way of Kings,82,1,chapter_67,Kaladin
Skar,Teft,The Way of Kings,82,1,chapter_67,Kaladin
Syl,Teft,The Way of Kings,82,1,chapter_67,Kaladin
Adolin,Dalinar,The Way of Kings,82,2,chapter_67,Kaladin
Adolin,Navani,The Way of Kings,82,2,chapter_67,Kaladin
Adolin,Sadeas,The Way of Kings,82,2,chapter_67,Kaladin
Dalinar,Navani,The Way of Kings,82,2,chapter_67,Kaladin
Dalinar,Sadeas,The Way of Kings,82,2,chapter_67,Kaladin
Navani,Sadeas,The Way of Kings,82,2,chapter_67,Kaladin
Amaram,Cenn,The Way of Kings,82,3,chapter_67,Kaladin
Amaram,Dabbid,The Way of Kings,82,3,chapter_67,Kaladin
Amaram,Dalinar,The Way of Kings,82,3,chapter_67,Kaladin
Amaram,Drehy,The Way of Kings,82,3,chapter_67,Kaladin
Amaram,Kaladin,The Way of Kings,82,3,chapter_67,Kaladin
Amaram,Kalak,The Way of Kings,82,3,chapter_67,Kaladin
Amaram,Lopen,The Way of Kings,82,3,chapter_67,Kaladin
Amaram,Maps,The Way of Kings,82,3,chapter_67,Kaladin
Amaram,Moash,The Way of Kings,82,3,chapter_67,Kaladin
Amaram,Rock,The Way of Kings,82,3,chapter_67,Kaladin
Amaram,Sadeas,The Way of Kings,82,3,chapter_67,Kaladin
Amaram,Skar,The Way of Kings,82,3,chapter_67,Kaladin
Amaram,Syl,The Way of Kings,82,3,chapter_67,Kaladin
Amaram,Teft,The Way of Kings,82,3,chapter_67,Kaladin
Amaram,Tien,The Way of Kings,82,3,chapter_67,Kaladin
Cenn,Dabbid,The Way of Kings,82,3,chapter_67,Kaladin
Cenn,Dalinar,The Way of Kings,82,3,chapter_67,Kaladin
Cenn,Drehy,The Way of Kings,82,3,chapter_67,Kaladin
Cenn,Kaladin,The Way of Kings,82,3,chapter_67,Kaladin
Cenn,Kalak,The Way of Kings,82,3,chapter_67,Kaladin
Cenn,Lopen,The Way of Kings,82,3,chapter_67,Kaladin
Cenn,Maps,The Way of Kings,82,3,chapter_67,Kaladin
Cenn,Moash,The Way of Kings,82,3,chapter_67,Kaladin
Cenn,Rock,The Way of Kings,82,3,chapter_67,Kaladin
Cenn,Sadeas,The Way of Kings,82,3,chapter_67,Kaladin
Cenn,Skar,The Way of Kings,82,3,chapter_67,Kaladin
Cenn,Syl,The Way of Kings,82,3,chapter_67,Kaladin
Cenn,Teft,The Way of Kings,82,3,chapter_67,Kaladin
Cenn,Tien,The Way of Kings,82,3,chapter_67,Kaladin
Dabbid,Dalinar,The Way of Kings,82,3,chapter_67,Kaladin
Dabbid,Drehy,The Way of Kings,82,3,chapter_67,Kaladin
Dabbid,Kaladin,The Way of Kings,82,3,chapter_67,Kaladin
Dabbid,Kalak,The Way of Kings,82,3,chapter_67,Kaladin
Dabbid,Lopen,The Way of Kings,82,3,chapter_67,Kaladin
Dabbid,Maps,The Way of Kings,82,3,chapter_67,Kaladin
Dabbid,Moash,The Way of Kings,82,3,chapter_67,Kaladin
Dabbid,Rock,The Way of Kings,82,3,chapter_67,Kaladin
Dabbid,Sadeas,The Way of Kings,82,3,chapter_67,Kaladin
Dabbid,Skar,The Way of Kings,82,3,chapter_67,Kaladin
Dabbid,Syl,The Way of Kings,82,3,chapter_67,Kaladin
Dabbid,Teft,The Way of Kings,82,3,chapter_67,Kaladin
Dabbid,Tien,The Way of Kings,82,3,chapter_67,Kaladin
Dalinar,Drehy,The Way of Kings,82,3,chapter_67,Kaladin
Dalinar,Kaladin,The Way of Kings,82,3,chapter_67,Kaladin
Dalinar,Kalak,The Way of Kings,82,3,chapter_67,Kaladin
Dalinar,Lopen,The Way of Kings,82,3,chapter_67,Kaladin
Dalinar,Maps,The Way of Kings,82,3,chapter_67,Kaladin
Dalinar,Moash,The Way of Kings,82,3,chapter_67,Kaladin
Dalinar,Rock,The Way of Kings,82,3,chapter_67,Kaladin
Dalinar,Sadeas,The Way of Kings,82,3,chapter_67,Kaladin
Dalinar,Skar,The Way of Kings,82,3,chapter_67,Kaladin
Dalinar,Syl,The Way of Kings,82,3,chapter_67,Kaladin
Dalinar,Teft,The Way of Kings,82,3,chapter_67,Kaladin
Dalinar,Tien,The Way of Kings,82,3,chapter_67,Kaladin
Drehy,Kaladin,The Way of Kings,82,3,chapter_67,Kaladin
Drehy,Kalak,The Way of Kings,82,3,chapter_67,Kaladin
Drehy,Lopen,The Way of Kings,82,3,chapter_67,Kaladin
Drehy,Maps,The Way of Kings,82,3,chapter_67,Kaladin
Drehy,Moash,The Way of Kings,82,3,chapter_67,Kaladin
Drehy,Rock,The Way of Kings,82,3,chapter_67,Kaladin
Drehy,Sadeas,The Way of Kings,82,3,chapter_67,Kaladin
Drehy,Skar,The Way of Kings,82,3,chapter_67,Kaladin
Drehy,Syl,The Way of Kings,82,3,chapter_67,Kaladin
Drehy,Teft,The Way of Kings,82,3,chapter_67,Kaladin
Drehy,Tien,The Way of Kings,82,3,chapter_67,Kaladin
Kaladin,Kalak,The Way of Kings,82,3,chapter_67,Kaladin
Kaladin,Lopen,The Way of Kings,82,3,chapter_67,Kaladin
Kaladin,Maps,The Way of Kings,82,3,chapter_67,Kaladin
Kaladin,Moash,The Way of Kings,82,3,chapter_67,Kaladin
Kaladin,Rock,The Way of Kings,82,3,chapter_67,Kaladin
Kaladin,Sadeas,The Way of Kings,82,3,chapter_67,Kaladin
Kaladin,Skar,The Way of Kings,82,3,chapter_67,Kaladin
Kaladin,Syl,The Way of Kings,82,3,chapter_67,Kaladin
Kaladin,Teft,The Way of Kings,82,3,chapter_67,Kaladin
Kaladin,Tien,The Way of Kings,82,3,chapter_67,Kaladin
Kalak,Lopen,The Way of Kings,82,3,chapter_67,Kaladin
Kalak,Maps,The Way of Kings,82,3,chapter_67,Kaladin
Kalak,Moash,The Way of Kings,82,3,chapter_67,Kaladin
Kalak,Rock,The Way of Kings,82,3,chapter_67,Kaladin
Kalak,Sadeas,The Way of Kings,82,3,chapter_67,Kaladin
Kalak,Skar,The Way of Kings,82,3,chapter_67,Kaladin
Kalak,Syl,The Way of Kings,82,3,chapter_67,Kaladin
Kalak,Teft,The Way of Kings,82,3,chapter_67,Kaladin
Kalak,Tien,The Way of Kings,82,3,chapter_67,Kaladin
Lopen,Maps,The Way of Kings,82,3,chapter_67,Kaladin
Lopen,Moash,The Way of Kings,82,3,chapter_67,Kaladin
Lopen,Rock,The Way of Kings,82,3,chapter_67,Kaladin
Lopen,Sadeas,The Way of Kings,82,3,chapter_67,Kaladin
Lopen,Skar,The Way of Kings,82,3,chapter_67,Kaladin
Lopen,Syl,The Way of Kings,82,3,chapter_67,Kaladin
Lopen,Teft,The Way of Kings,82,3,chapter_67,Kaladin
Lopen,Tien,The Way of Kings,82,3,chapter_67,Kaladin
Maps,Moash,The Way of Kings,82,3,chapter_67,Kaladin
Maps,Rock,The Way of Kings,82,3,chapter_67,Kaladin
Maps,Sadeas,The Way of Kings,82,3,chapter_67,Kaladin
Maps,Skar,The Way of Kings,82,3,chapter_67,Kaladin
Maps,Syl,The Way of Kings,82,3,chapter_67,Kaladin
Maps,Teft,The Way of Kings,82,3,chapter_67,Kaladin
Maps,Tien,The Way of Kings,82,3,chapter_67,Kaladin
Moash,Rock,The Way of Kings,82,3,chapter_67,Kaladin
Moash,Sadeas,The Way of Kings,82,3,chapter_67,Kaladin
Moash,Skar,The Way of Kings,82,3,chapter_67,Kaladin
Moash,Syl,The Way of Kings,82,3,chapter_67,Kaladin
Moash,Teft,The Way of Kings,82,3,chapter_67,Kaladin
Moash,Tien,The Way of Kings,82,3,chapter_67,Kaladin
Rock,Sadeas,The Way of Kings,82,3,chapter_67,Kaladin
Rock,Skar,The Way of Kings,82,3,chapter_67,Kaladin
Rock,Syl,The Way of Kings,82,3,chapter_67,Kaladin
Rock,Teft,The Way of Kings,82,3,chapter_67,Kaladin
Rock,Tien,The Way of Kings,82,3,chapter_67,Kaladin
Sadeas,Skar,The Way of Kings,82,3,chapter_67,Kaladin
Sadeas,Syl,The Way of Kings,82,3,chapter_67,Kaladin
Sadeas,Teft,The Way of Kings,82,3,chapter_67,Kaladin
Sadeas,Tien,The Way of Kings,82,3,chapter_67,Kaladin
Skar,Syl,The Way of Kings,82,3,chapter_67,Kaladin
Skar,Teft,The Way of Kings,82,3,chapter_67,Kaladin
Skar,Tien,The Way of Kings,82,3,chapter_67,Kaladin
Syl,Teft,The Way of Kings,82,3,chapter_67,Kaladin
Syl,Tien,The Way of Kings,82,3,chapter_67,Kaladin
Teft,Tien,The Way of Kings,82,3,chapter_67,Kaladin
Amaram,Kaladin,The Way of Kings,82,4,chapter_67,Kaladin
Amaram,Tien,The Way of Kings,82,4,chapter_67,Kaladin
Kaladin,Tien,The Way of Kings,82,4,chapter_67,Kaladin
Amaram,Kaladin,The Way of Kings,82,5,chapter_67,Kaladin
Amaram,Lopen,The Way of Kings,82,5,chapter_67,Kaladin
Amaram,Moash,The Way of Kings,82,5,chapter_67,Kaladin
Amaram,Rock,The Way of Kings,82,5,chapter_67,Kaladin
Amaram,Syl,The Way of Kings,82,5,chapter_67,Kaladin
Amaram,Teft,The Way of Kings,82,5,chapter_67,Kaladin
Amaram,Tien,The Way of Kings,82,5,chapter_67,Kaladin
Kaladin,Lopen,The Way of Kings,82,5,chapter_67,Kaladin
Kaladin,Moash,The Way of Kings,82,5,chapter_67,Kaladin
Kaladin,Rock,The Way of Kings,82,5,chapter_67,Kaladin
Kaladin,Syl,The Way of Kings,82,5,chapter_67,Kaladin
Kaladin,Teft,The Way of Kings,82,5,chapter_67,Kaladin
Kaladin,Tien,The Way of Kings,82,5,chapter_67,Kaladin
Lopen,Moash,The Way of Kings,82,5,chapter_67,Kaladin
Lopen,Rock,The Way of Kings,82,5,chapter_67,Kaladin
Lopen,Syl,The Way of Kings,82,5,chapter_67,Kaladin
Lopen,Teft,The Way of Kings,82,5,chapter_67,Kaladin
Lopen,Tien,The Way of Kings,82,5,chapter_67,Kaladin
Moash,Rock,The Way of Kings,82,5,chapter_67,Kaladin
Moash,Syl,The Way of Kings,82,5,chapter_67,Kaladin
Moash,Teft,The Way of Kings,82,5,chapter_67,Kaladin
Moash,Tien,The Way of Kings,82,5,chapter_67,Kaladin
Rock,Syl,The Way of Kings,82,5,chapter_67,Kaladin
Rock,Teft,The Way of Kings,82,5,chapter_67,Kaladin
Rock,Tien,The Way of Kings,82,5,chapter_67,Kaladin
Syl,Teft,The Way of Kings,82,5,chapter_67,Kaladin
Syl,Tien,The Way of Kings,82,5,chapter_67,Kaladin
Teft,Tien,The Way of Kings,82,5,chapter_67,Kaladin
Kaladin,Moash,The Way of Kings,82,6,chapter_67,Kaladin
Kaladin,Teft,The Way of Kings,82,6,chapter_67,Kaladin
Moash,Teft,The Way of Kings,82,6,chapter_67,Kaladin
Adolin,Dalinar,The Way of Kings,83,1,chapter_68,Dalinar
Drehy,Kaladin,The Way of Kings,83,2,chapter_68,Dalinar
Drehy,Lopen,The Way of Kings,83,2,chapter_68,Dalinar
Drehy,Rock,The Way of Kings,83,2,chapter_68,Dalinar
Drehy,Sigzil,The Way of Kings,83,2,chapter_68,Dalinar
Drehy,Skar,The Way of Kings,83,2,chapter_68,Dalinar
Drehy,Teft,The Way of Kings,83,2,chapter_68,Dalinar
Kaladin,Lopen,The Way of Kings,83,2,chapter_68,Dalinar
Kaladin,Rock,The Way of Kings,83,2,chapter_68,Dalinar
Kaladin,Sigzil,The Way of Kings,83,2,chapter_68,Dalinar
Kaladin,Skar,The Way of Kings,83,2,chapter_68,Dalinar
Kaladin,Teft,The Way of Kings,83,2,chapter_68,Dalinar
Lopen,Rock,The Way of Kings,83,2,chapter_68,Dalinar
Lopen,Sigzil,The Way of Kings,83,2,chapter_68,Dalinar
Lopen,Skar,The Way of Kings,83,2,chapter_68,Dalinar
Lopen,Teft,The Way of Kings,83,2,chapter_68,Dalinar
Rock,Sigzil,The Way of Kings,83,2,chapter_68,Dalinar
Rock,Skar,The Way of Kings,83,2,chapter_68,Dalinar
Rock,Teft,The Way of Kings,83,2,chapter_68,Dalinar
Sigzil,Skar,The Way of Kings,83,2,chapter_68,Dalinar
Sigzil,Teft,The Way of Kings,83,2,chapter_68,Dalinar
Skar,Teft,The Way of Kings,83,2,chapter_68,Dalinar
Adolin,Dalinar,The Way of Kings,83,3,chapter_68,Dalinar
Adolin,Dalinar,The Way of Kings,83,4,chapter_68,Dalinar
Adolin,Jaks,The Way of Kings,83,4,chapter_68,Dalinar
Adolin,Kaladin,The Way of Kings,83,4,chapter_68,Dalinar
Adolin,Lopen,The Way of Kings,83,4,chapter_68,Dalinar
Adolin,Moash,The Way of Kings,83,4,chapter_68,Dalinar
Adolin,Rock,The Way of Kings,83,4,chapter_68,Dalinar
Adolin,Skar,The Way of Kings,83,4,chapter_68,Dalinar
Adolin,Syl,The Way of Kings,83,4,chapter_68,Dalinar
Adolin,Teft,The Way of Kings,83,4,chapter_68,Dalinar
Dalinar,Jaks,The Way of Kings,83,4,chapter_68,Dalinar
Dalinar,Kaladin,The Way of Kings,83,4,chapter_68,Dalinar
Dalinar,Lopen,The Way of Kings,83,4,chapter_68,Dalinar
Dalinar,Moash,The Way of Kings,83,4,chapter_68,Dalinar
Dalinar,Rock,The Way of Kings,83,4,chapter_68,Dalinar
Dalinar,Skar,The Way of Kings,83,4,chapter_68,Dalinar
Dalinar,Syl,The Way of Kings,83,4,chapter_68,Dalinar
Dalinar,Teft,The Way of Kings,83,4,chapter_68,Dalinar
Jaks,Kaladin,The Way of Kings,83,4,chapter_68,Dalinar
Jaks,Lopen,The Way of Kings,83,4,chapter_68,Dalinar
Jaks,Moash,The Way of Kings,83,4,chapter_68,Dalinar
Jaks,Rock,The Way of Kings,83,4,chapter_68,Dalinar
Jaks,Skar,The Way of Kings,83,4,chapter_68,Dalinar
Jaks,Syl,The Way of Kings,83,4,chapter_68,Dalinar
Jaks,Teft,The Way of Kings,83,4,chapter_68,Dalinar
Kaladin,Lopen,The Way of Kings,83,4,chapter_68,Dalinar
Kaladin,Moash,The Way of Kings,83,4,chapter_68,Dalinar
Kaladin,Rock,The Way of Kings,83,4,chapter_68,Dalinar
Kaladin,Skar,The Way of Kings,83,4,chapter_68,Dalinar
Kaladin,Syl,The Way of Kings,83,4,chapter_68,Dalinar
Kaladin,Teft,The Way of Kings,83,4,chapter_68,Dalinar
Lopen,Moash,The Way of Kings,83,4,chapter_68,Dalinar
Lopen,Rock,The Way of Kings,83,4,chapter_68,Dalinar
Lopen,Skar,The Way of Kings,83,4,chapter_68,Dalinar
Lopen,Syl,The Way of Kings,83,4,chapter_68,Dalinar
Lopen,Teft,The Way of Kings,83,4,chapter_68,Dalinar
Moash,Rock,The Way of Kings,83,4,chapter_68,Dalinar
Moash,Skar,The Way of Kings,83,4,chapter_68,Dalinar
Moash,Syl,The Way of Kings,83,4,chapter_68,Dalinar
Moash,Teft,The Way of Kings,83,4,chapter_68,Dalinar
Rock,Skar,The Way of Kings,83,4,chapter_68,Dalinar
Rock,Syl,The Way of Kings,83,4,chapter_68,Dalinar
Rock,Teft,The Way of Kings,83,4,chapter_68,Dalinar
Skar,Syl,The Way of Kings,83,4,chapter_68,Dalinar
Skar,Teft,The Way of Kings,83,4,chapter_68,Dalinar
Syl,Teft,The Way of Kings,83,4,chapter_68,Dalinar
Dalinar,Sadeas,The Way of Kings,83,5,chapter_68,Dalinar
Amaram,Dalinar,The Way of Kings,83,6,chapter_68,Dalinar
Amaram,Kaladin,The Way of Kings,83,6,chapter_68,Dalinar
Dalinar,Kaladin,The Way of Kings,83,6,chapter_68,Dalinar
Adolin,Dalinar,The Way of Kings,83,7,chapter_68,Dalinar
Adolin,Elhokar,The Way of Kings,83,7,chapter_68,Dalinar
Adolin,Renarin,The Way of Kings,83,7,chapter_68,Dalinar
Adolin,Sadeas,The Way of Kings,83,7,chapter_68,Dalinar
Dalinar,Elhokar,The Way of Kings,83,7,chapter_68,Dalinar
Dalinar,Renarin,The Way of Kings,83,7,chapter_68,Dalinar
Dalinar,Sadeas,The Way of Kings,83,7,chapter_68,Dalinar
Elhokar,Renarin,The Way of Kings,83,7,chapter_68,Dalinar
Elhokar,Sadeas,The Way of Kings,83,7,chapter_68,Dalinar
Renarin,Sadeas,The Way of Kings,83,7,chapter_68,Dalinar
Dalinar,Navani,The Way of Kings,84,1,chapter_69,Dalinar
Dalinar,Renarin,The Way of Kings,84,1,chapter_69,Dalinar
Dalinar,Sadeas,The Way of Kings,84,1,chapter_69,Dalinar
Navani,Renarin,The Way of Kings,84,1,chapter_69,Dalinar
Navani,Sadeas,The Way of Kings,84,1,chapter_69,Dalinar
Renarin,Sadeas,The Way of Kings,84,1,chapter_69,Dalinar
Adolin,Dalinar,The Way of Kings,84,2,chapter_69,Dalinar
Adolin,Elhokar,The Way of Kings,84,2,chapter_69,Dalinar
Adolin,Gavilar,The Way of Kings,84,2,chapter_69,Dalinar
Adolin,Kaladin,The Way of Kings,84,2,chapter_69,Dalinar
Adolin,Navani,The Way of Kings,84,2,chapter_69,Dalinar
Adolin,Renarin,The Way of Kings,84,2,chapter_69,Dalinar
Adolin,Sadeas,The Way of Kings,84,2,chapter_69,Dalinar
Adolin,Teleb,The Way of Kings,84,2,chapter_69,Dalinar
Dalinar,Elhokar,The Way of Kings,84,2,chapter_69,Dalinar
Dalinar,Gavilar,The Way of Kings,84,2,chapter_69,Dalinar
Dalinar,Kaladin,The Way of Kings,84,2,chapter_69,Dalinar
Dalinar,Navani,The Way of Kings,84,2,chapter_69,Dalinar
Dalinar,Renarin,The Way of Kings,84,2,chapter_69,Dalinar
Dalinar,Sadeas,The Way of Kings,84,2,chapter_69,Dalinar
Dalinar,Teleb,The Way of Kings,84,2,chapter_69,Dalinar
Elhokar,Gavilar,The Way of Kings,84,2,chapter_69,Dalinar
Elhokar,Kaladin,The Way of Kings,84,2,chapter_69,Dalinar
Elhokar,Navani,The Way of Kings,84,2,chapter_69,Dalinar
Elhokar,Renarin,The Way of Kings,84,2,chapter_69,Dalinar
Elhokar,Sadeas,The Way of Kings,84,2,chapter_69,Dalinar
Elhokar,Teleb,The Way of Kings,84,2,chapter_69,Dalinar
Gavilar,Kaladin,The Way of Kings,84,2,chapter_69,Dalinar
Gavilar,Navani,The Way of Kings,84,2,chapter_69,Dalinar
Gavilar,Renarin,The Way of Kings,84,2,chapter_69,Dalinar
Gavilar,Sadeas,The Way of Kings,84,2,chapter_69,Dalinar
Gavilar,Teleb,The Way of Kings,84,2,chapter_69,Dalinar
Kaladin,Navani,The Way of Kings,84,2,chapter_69,Dalinar
Kaladin,Renarin,The Way of Kings,84,2,chapter_69,Dalinar
Kaladin,Sadeas,The Way of Kings,84,2,chapter_69,Dalinar
Kaladin,Teleb,The Way of Kings,84,2,chapter_69,Dalinar
Navani,Renarin,The Way of Kings,84,2,chapter_69,Dalinar
Navani,Sadeas,The Way of Kings,84,2,chapter_69,Dalinar
Navani,Teleb,The Way of Kings,84,2,chapter_69,Dalinar
Renarin,Sadeas,The Way of Kings,84,2,chapter_69,Dalinar
Renarin,Teleb,The Way of Kings,84,2,chapter_69,Dalinar
Sadeas,Teleb,The Way of Kings,84,2,chapter_69,Dalinar
Adolin,Dalinar,The Way of Kings,84,3,chapter_69,Dalinar
Adolin,Kaladin,The Way of Kings,84,3,chapter_69,Dalinar
Adolin,Sadeas,The Way of Kings,84,3,chapter_69,Dalinar
Adolin,Syl,The Way of Kings,84,3,chapter_69,Dalinar
Adolin,Teft,The Way of Kings,84,3,chapter_69,Dalinar
Dalinar,Kaladin,The Way of Kings,84,3,chapter_69,Dalinar
Dalinar,Sadeas,The Way of Kings,84,3,chapter_69,Dalinar
Dalinar,Syl,The Way of Kings,84,3,chapter_69,Dalinar
Dalinar,Teft,The Way of Kings,84,3,chapter_69,Dalinar
Kaladin,Sadeas,The Way of Kings,84,3,chapter_69,Dalinar
Kaladin,Syl,The Way of Kings,84,3,chapter_69,Dalinar
Kaladin,Teft,The Way of Kings,84,3,chapter_69,Dalinar
Sadeas,Syl,The Way of Kings,84,3,chapter_69,Dalinar
Sadeas,Teft,The Way of Kings,84,3,chapter_69,Dalinar
Syl,Teft,The Way of Kings,84,3,chapter_69,Dalinar
Adolin,Dalinar,The Way of Kings,84,4,chapter_69,Dalinar
Adolin,Elhokar,The Way of Kings,84,4,chapter_69,Dalinar
Adolin,Gavilar,The Way of Kings,84,4,chapter_69,Dalinar
Adolin,Navani,The Way of Kings,84,4,chapter_69,Dalinar
Adolin,Renarin,The Way of Kings,84,4,chapter_69,Dalinar
Adolin,Sadeas,The Way of Kings,84,4,chapter_69,Dalinar
Dalinar,Elhokar,The Way of Kings,84,4,chapter_69,Dalinar
Dalinar,Gavilar,The Way of Kings,84,4,chapter_69,Dalinar
Dalinar,Navani,The Way of Kings,84,4,chapter_69,Dalinar
Dalinar,Renarin,The Way of Kings,84,4,chapter_69,Dalinar
Dalinar,Sadeas,The Way of Kings,84,4,chapter_69,Dalinar
Elhokar,Gavilar,The Way of Kings,84,4,chapter_69,Dalinar
Elhokar,Navani,The Way of Kings,84,4,chapter_69,Dalinar
Elhokar,Renarin,The Way of Kings,84,4,chapter_69,Dalinar
Elhokar,Sadeas,The Way of Kings,84,4,chapter_69,Dalinar
Gavilar,Navani,The Way of Kings,84,4,chapter_69,Dalinar
Gavilar,Renarin,The Way of Kings,84,4,chapter_69,Dalinar
Gavilar,Sadeas,The Way of Kings,84,4,chapter_69,Dalinar
Navani,Renarin,The Way of Kings,84,4,chapter_69,Dalinar
Navani,Sadeas,The Way of Kings,84,4,chapter_69,Dalinar
Renarin,Sadeas,The Way of Kings,84,4,chapter_69,Dalinar
Jasnah,Kabsal,The Way of Kings,86,1,chapter_70,Shallan
Jasnah,Shallan,The Way of Kings,86,1,chapter_70,Shallan
Kabsal,Shallan,The Way of Kings,86,1,chapter_70,Shallan
Dalinar,Gavilar,The Way of Kings,87,1,chapter_71,Szeth
Dalinar,Szeth,The Way of Kings,87,1,chapter_71,Szeth
Dalinar,Taravangian,The Way of Kings,87,1,chapter_71,Szeth
Gavilar,Szeth,The Way of Kings,87,1,chapter_71,Szeth
Gavilar,Taravangian,The Way of Kings,87,1,chapter_71,Szeth
Szeth,Taravangian,The Way of Kings,87,1,chapter_71,Szeth
Ash,Jasnah,The Way of Kings,88,1,chapter_72,Shallan
Ash,Shallan,The Way of Kings,88,1,chapter_72,Shallan
Jasnah,Shallan,The Way of Kings,88,1,chapter_72,Shallan
Dalinar,Drehy,The Way of Kings,89,1,chapter_73,Kaladin
Dalinar,Elhokar,The Way of Kings,89,1,chapter_73,Kaladin
Dalinar,Jaks,The Way of Kings,89,1,chapter_73,Kaladin
Dalinar,Kaladin,The Way of Kings,89,1,chapter_73,Kaladin
Dalinar,Lopen,The Way of Kings,89,1,chapter_73,Kaladin
Dalinar,Moash,The Way of Kings,89,1,chapter_73,Kaladin
Dalinar,Rock,The Way of Kings,89,1,chapter_73,Kaladin
Dalinar,Sadeas,The Way of Kings,89,1,chapter_73,Kaladin
Dalinar,Sigzil,The Way of Kings,89,1,chapter_73,Kaladin
Dalinar,Skar,The Way of Kings,89,1,chapter_73,Kaladin
Dalinar,Syl,The Way of Kings,89,1,chapter_73,Kaladin
Dalinar,Teft,The Way of Kings,89,1,chapter_73,Kaladin
Drehy,Elhokar,The Way of Kings,89,1,chapter_73,Kaladin
Drehy,Jaks,The Way of Kings,89,1,chapter_73,Kaladin
Drehy,Kaladin,The Way of Kings,89,1,chapter_73,Kaladin
Drehy,Lopen,The Way of Kings,89,1,chapter_73,Kaladin
Drehy,Moash,The Way of Kings,89,1,chapter_73,Kaladin
Drehy,Rock,The Way of Kings,89,1,chapter_73,Kaladin
Drehy,Sadeas,The Way of Kings,89,1,chapter_73,Kaladin
Drehy,Sigzil,The Way of Kings,89,1,chapter_73,Kaladin
Drehy,Skar,The Way of Kings,89,1,chapter_73,Kaladin
Drehy,Syl,The Way of Kings,89,1,chapter_73,Kaladin
Drehy,Teft,The Way of Kings,89,1,chapter_73,Kaladin
Elhokar,Jaks,The Way of Kings,89,1,chapter_73,Kaladin
Elhokar,Kaladin,The Way of Kings,89,1,chapter_73,Kaladin
Elhokar,Lopen,The Way of Kings,89,1,chapter_73,Kaladin
Elhokar,Moash,The Way of Kings,89,1,chapter_73,Kaladin
Elhokar,Rock,The Way of Kings,89,1,chapter_73,Kaladin
Elhokar,Sadeas,The Way of Kings,89,1,chapter_73,Kaladin
Elhokar,Sigzil,The Way of Kings,89,1,chapter_73,Kaladin
Elhokar,Skar,The Way of Kings,89,1,chapter_73,Kaladin
Elhokar,Syl,The Way of Kings,89,1,chapter_73,Kaladin
Elhokar,Teft,The Way of Kings,89,1,chapter_73,Kaladin
Jaks,Kaladin,The Way of Kings,89,1,chapter_73,Kaladin
Jaks,Lopen,The Way of Kings,89,1,chapter_73,Kaladin
Jaks,Moash,The Way of Kings,89,1,chapter_73,Kaladin
Jaks,Rock,The Way of Kings,89,1,chapter_73,Kaladin
Jaks,Sadeas,The Way of Kings,89,1,chapter_73,Kaladin
Jaks,Sigzil,The Way of Kings,89,1,chapter_73,Kaladin
Jaks,Skar,The Way of Kings,89,1,chapter_73,Kaladin
Jaks,Syl,The Way of Kings,89,1,chapter_73,Kaladin
Jaks,Teft,The Way of Kings,89,1,chapter_73,Kaladin
Kaladin,Lopen,The Way of Kings,89,1,chapter_73,Kaladin
Kaladin,Moash,The Way of Kings,89,1,chapter_73,Kaladin
Kaladin,Rock,The Way of Kings,89,1,chapter_73,Kaladin
Kaladin,Sadeas,The Way of Kings,89,1,chapter_73,Kaladin
Kaladin,Sigzil,The Way of Kings,89,1,chapter_73,Kaladin
Kaladin,Skar,The Way of Kings,89,1,chapter_73,Kaladin
Kaladin,Syl,The Way of Kings,89,1,chapter_73,Kaladin
Kaladin,Teft,The Way of Kings,89,1,chapter_73,Kaladin
Lopen,Moash,The Way of Kings,89,1,chapter_73,Kaladin
Lopen,Rock,The Way of Kings,89,1,chapter_73,Kaladin
Lopen,Sadeas,The Way of Kings,89,1,chapter_73,Kaladin
Lopen,Sigzil,The Way of Kings,89,1,chapter_73,Kaladin
Lopen,Skar,The Way of Kings,89,1,chapter_73,Kaladin
Lopen,Syl,The Way of Kings,89,1,chapter_73,Kaladin
Lopen,Teft,The Way of Kings,89,1,chapter_73,Kaladin
Moash,Rock,The Way of Kings,89,1,chapter_73,Kaladin
Moash,Sadeas,The Way of Kings,89,1,chapter_73,Kaladin
Moash,Sigzil,The Way of Kings,89,1,chapter_73,Kaladin
Moash,Skar,The Way of Kings,89,1,chapter_73,Kaladin
Moash,Syl,The Way of Kings,89,1,chapter_73,Kaladin
Moash,Teft,The Way of Kings,89,1,chapter_73,Kaladin
Rock,Sadeas,The Way of Kings,89,1,chapter_73,Kaladin
Rock,Sigzil,The Way of Kings,89,1,chapter_73,Kaladin
Rock,Skar,The Way of Kings,89,1,chapter_73,Kaladin
Rock,Syl,The Way of Kings,89,1,chapter_73,Kaladin
Rock,Teft,The Way of Kings,89,1,chapter_73,Kaladin
Sadeas,Sigzil,The Way of Kings,89,1,chapter_73,Kaladin
Sadeas,Skar,The Way of Kings,89,1,chapter_73,Kaladin
Sadeas,Syl,The Way of Kings,89,1,chapter_73,Kaladin
Sadeas,Teft,The Way of Kings,89,1,chapter_73,Kaladin
Sigzil,Skar,The Way of Kings,89,1,chapter_73,Kaladin
Sigzil,Syl,The Way of Kings,89,1,chapter_73,Kaladin
Sigzil,Teft,The Way of Kings,89,1,chapter_73,Kaladin
Skar,Syl,The Way of Kings,89,1,chapter_73,Kaladin
Skar,Teft,The Way of Kings,89,1,chapter_73,Kaladin
Syl,Teft,The Way of Kings,89,1,chapter_73,Kaladin
Balat,Jasnah,The Way of Kings,90,1,chapter_74,Shallan
Balat,Kabsal,The Way of Kings,90,1,chapter_74,Shallan
Balat,Nan,The Way of Kings,90,1,chapter_74,Shallan
Balat,Shallan,The Way of Kings,90,1,chapter_74,Shallan
Jasnah,Kabsal,The Way of Kings,90,1,chapter_74,Shallan
Jasnah,Nan,The Way of Kings,90,1,chapter_74,Shallan
Jasnah,Shallan,The Way of Kings,90,1,chapter_74,Shallan
Kabsal,Nan,The Way of Kings,90,1,chapter_74,Shallan
Kabsal,Shallan,The Way of Kings,90,1,chapter_74,Shallan
Nan,Shallan,The Way of Kings,90,1,chapter_74,Shallan
Dalinar,Elhokar,The Way of Kings,91,1,chapter_75,Dalinar
Dalinar,Navani,The Way of Kings,91,1,chapter_75,Dalinar
Dalinar,Sadeas,The Way of Kings,91,1,chapter_75,Dalinar
Elhokar,Navani,The Way of Kings,91,1,chapter_75,Dalinar
Elhokar,Sadeas,The Way of Kings,91,1,chapter_75,Dalinar
Navani,Sadeas,The Way of Kings,91,1,chapter_75,Dalinar
Talenel,Wit,The Way of Kings,92,1,epilogue,Wit
Aesudan,Amaram,Words of Radiance,1,1,prologue,Jasnah
Aesudan,Ash,Words of Radiance,1,1,prologue,Jasnah
Aesudan,Dalinar,Words of Radiance,1,1,prologue,Jasnah
Aesudan,Elhokar,Words of Radiance,1,1,prologue,Jasnah
Aesudan,Gavilar,Words of Radiance,1,1,prologue,Jasnah
Aesudan,Jasnah,Words of Radiance,1,1,prologue,Jasnah
Aesudan,Navani,Words of Radiance,1,1,prologue,Jasnah
Aesudan,Sadeas,Words of Radiance,1,1,prologue,Jasnah
Aesudan,Talenel,Words of Radiance,1,1,prologue,Jasnah
Amaram,Ash,Words of Radiance,1,1,prologue,Jasnah
Amaram,Dalinar,Words of Radiance,1,1,prologue,Jasnah
Amaram,Elhokar,Words of Radiance,1,1,prologue,Jasnah
Amaram,Gavilar,Words of Radiance,1,1,prologue,Jasnah
Amaram,Jasnah,Words of Radiance,1,1,prologue,Jasnah
Amaram,Navani,Words of Radiance,1,1,prologue,Jasnah
Amaram,Sadeas,Words of Radiance,1,1,prologue,Jasnah
Amaram,Talenel,Words of Radiance,1,1,prologue,Jasnah
Ash,Dalinar,Words of Radiance,1,1,prologue,Jasnah
Ash,Elhokar,Words of Radiance,1,1,prologue,Jasnah
Ash,Gavilar,Words of Radiance,1,1,prologue,Jasnah
Ash,Jasnah,Words of Radiance,1,1,prologue,Jasnah
Ash,Navani,Words of Radiance,1,1,prologue,Jasnah
Ash,Sadeas,Words of Radiance,1,1,prologue,Jasnah
Ash,Talenel,Words of Radiance,1,1,prologue,Jasnah
Dalinar,Elhokar,Words of Radiance,1,1,prologue,Jasnah
Dalinar,Gavilar,Words of Radiance,1,1,prologue,Jasnah
Dalinar,Jasnah,Words of Radiance,1,1,prologue,Jasnah
Dalinar,Navani,Words of Radiance,1,1,prologue,Jasnah
Dalinar,Sadeas,Words of Radiance,1,1,prologue,Jasnah
Dalinar,Talenel,Words of Radiance,1,1,prologue,Jasnah
Elhokar,Gavilar,Words of Radiance,1,1,prologue,Jasnah
Elhokar,Jasnah,Words of Radiance,1,1,prologue,Jasnah
Elhokar,Navani,Words of Radiance,1,1,prologue,Jasnah
Elhokar,Sadeas,Words of Radiance,1,1,prologue,Jasnah
Elhokar,Talenel,Words of Radiance,1,1,prologue,Jasnah
Gavilar,Jasnah,Words of Radiance,1,1,prologue,Jasnah
Gavilar,Navani,Words of Radiance,1,1,prologue,Jasnah
Gavilar,Sadeas,Words of Radiance,1,1,prologue,Jasnah
Gavilar,Talenel,Words of Radiance,1,1,prologue,Jasnah
Jasnah,Navani,Words of Radiance,1,1,prologue,Jasnah
Jasnah,Sadeas,Words of Radiance,1,1,prologue,Jasnah
Jasnah,Talenel,Words of Radiance,1,1,prologue,Jasnah
Navani,Sadeas,Words of Radiance,1,1,prologue,Jasnah
Navani,Talenel,Words of Radiance,1,1,prologue,Jasnah
Sadeas,Talenel,Words of Radiance,1,1,prologue,Jasnah
Adolin,Balat,Words of Radiance,3,1,chapter_1,Shallan
Adolin,Dalinar,Words of Radiance,3,1,chapter_1,Shallan
Adolin,Jasnah,Words of Radiance,3,1,chapter_1,Shallan
Adolin,Navani,Words of Radiance,3,1,chapter_1,Shallan
Adolin,Shallan,Words of Radiance,3,1,chapter_1,Shallan
Balat,Dalinar,Words of Radiance,3,1,chapter_1,Shallan
Balat,Jasnah,Words of Radiance,3,1,chapter_1,Shallan
Balat,Navani,Words of Radiance,3,1,chapter_1,Shallan
Balat,Shallan,Words of Radiance,3,1,chapter_1,Shallan
Dalinar,Jasnah,Words of Radiance,3,1,chapter_1,Shallan
Dalinar,Navani,Words of Radiance,3,1,chapter_1,Shallan
Dalinar,Shallan,Words of Radiance,3,1,chapter_1,Shallan
Jasnah,Navani,Words of Radiance,3,1,chapter_1,Shallan
Jasnah,Shallan,Words of Radiance,3,1,chapter_1,Shallan
Navani,Shallan,Words of Radiance,3,1,chapter_1,Shallan
Amaram,Dalinar,Words of Radiance,4,1,chapter_2,Kaladin
Amaram,Drehy,Words of Radiance,4,1,chapter_2,Kaladin
Amaram,Gavilar,Words of Radiance,4,1,chapter_2,Kaladin
Amaram,Kaladin,Words of Radiance,4,1,chapter_2,Kaladin
Amaram,Lopen,Words of Radiance,4,1,chapter_2,Kaladin
Amaram,Moash,Words of Radiance,4,1,chapter_2,Kaladin
Amaram,Navani,Words of Radiance,4,1,chapter_2,Kaladin
Amaram,Rock,Words of Radiance,4,1,chapter_2,Kaladin
Amaram,Sadeas,Words of Radiance,4,1,chapter_2,Kaladin
Amaram,Sigzil,Words of Radiance,4,1,chapter_2,Kaladin
Amaram,Skar,Words of Radiance,4,1,chapter_2,Kaladin
Amaram,Syl,Words of Radiance,4,1,chapter_2,Kaladin
Amaram,Teft,Words of Radiance,4,1,chapter_2,Kaladin
Dalinar,Drehy,Words of Radiance,4,1,chapter_2,Kaladin
Dalinar,Gavilar,Words of Radiance,4,1,chapter_2,Kaladin
Dalinar,Kaladin,Words of Radiance,4,1,chapter_2,Kaladin
Dalinar,Lopen,Words of Radiance,4,1,chapter_2,Kaladin
Dalinar,Moash,Words of Radiance,4,1,chapter_2,Kaladin
Dalinar,Navani,Words of Radiance,4,1,chapter_2,Kaladin
Dalinar,Rock,Words of Radiance,4,1,chapter_2,Kaladin
Dalinar,Sadeas,Words of Radiance,4,1,chapter_2,Kaladin
Dalinar,Sigzil,Words of Radiance,4,1,chapter_2,Kaladin
Dalinar,Skar,Words of Radiance,4,1,chapter_2,Kaladin
Dalinar,Syl,Words of Radiance,4,1,chapter_2,Kaladin
Dalinar,Teft,Words of Radiance,4,1,chapter_2,Kaladin
Drehy,Gavilar,Words of Radiance,4,1,chapter_2,Kaladin
Drehy,Kaladin,Words of Radiance,4,1,chapter_2,Kaladin
Drehy,Lopen,Words of Radiance,4,1,chapter_2,Kaladin
Drehy,Moash,Words of Radiance,4,1,chapter_2,Kaladin
Drehy,Navani,Words of Radiance,4,1,chapter_2,Kaladin
Drehy,Rock,Words of Radiance,4,1,chapter_2,Kaladin
Drehy,Sadeas,Words of Radiance,4,1,chapter_2,Kaladin
Drehy,Sigzil,Words of Radiance,4,1,chapter_2,Kaladin
Drehy,Skar,Words of Radiance,4,1,chapter_2,Kaladin
Drehy,Syl,Words of Radiance,4,1,chapter_2,Kaladin
Drehy,Teft,Words of Radiance,4,1,chapter_2,Kaladin
Gavilar,Kaladin,Words of Radiance,4,1,chapter_2,Kaladin
Gavilar,Lopen,Words of Radiance,4,1,chapter_2,Kaladin
Gavilar,Moash,Words of Radiance,4,1,chapter_2,Kaladin
Gavilar,Navani,Words of Radiance,4,1,chapter_2,Kaladin
Gavilar,Rock,Words of Radiance,4,1,chapter_2,Kaladin
Gavilar,Sadeas,Words of Radiance,4,1,chapter_2,Kaladin
Gavilar,Sigzil,Words of Radiance,4,1,chapter_2,Kaladin
Gavilar,Skar,Words of Radiance,4,1,chapter_2,Kaladin
Gavilar,Syl,Words of Radiance,4,1,chapter_2,Kaladin
Gavilar,Teft,Words of Radiance,4,1,chapter_2,Kaladin
Kaladin,Lopen,Words of Radiance,4,1,chapter_2,Kaladin
Kaladin,Moash,Words of Radiance,4,1,chapter_2,Kaladin
Kaladin,Navani,Words of Radiance,4,1,chapter_2,Kaladin
Kaladin,Rock,Words of Radiance,4,1,chapter_2,Kaladin
Kaladin,Sadeas,Words of Radiance,4,1,chapter_2,Kaladin
Kaladin,Sigzil,Words of Radiance,4,1,chapter_2,Kaladin
Kaladin,Skar,Words of Radiance,4,1,chapter_2,Kaladin
Kaladin,Syl,Words of Radiance,4,1,chapter_2,Kaladin
Kaladin,Teft,Words of Radiance,4,1,chapter_2,Kaladin
Lopen,Moash,Words of Radiance,4,1,chapter_2,Kaladin
Lopen,Navani,Words of Radiance,4,1,chapter_2,Kaladin
Lopen,Rock,Words of Radiance,4,1,chapter_2,Kaladin
Lopen,Sadeas,Words of Radiance,4,1,chapter_2,Kaladin
Lopen,Sigzil,Words of Radiance,4,1,chapter_2,Kaladin
Lopen,Skar,Words of Radiance,4,1,chapter_2,Kaladin
Lopen,Syl,Words of Radiance,4,1,chapter_2,Kaladin
Lopen,Teft,Words of Radiance,4,1,chapter_2,Kaladin
Moash,Navani,Words of Radiance,4,1,chapter_2,Kaladin
Moash,Rock,Words of Radiance,4,1,chapter_2,Kaladin
Moash,Sadeas,Words of Radiance,4,1,chapter_2,Kaladin
Moash,Sigzil,Words of Radiance,4,1,chapter_2,Kaladin
Moash,Skar,Words of Radiance,4,1,chapter_2,Kaladin
Moash,Syl,Words of Radiance,4,1,chapter_2,Kaladin
Moash,Teft,Words of Radiance,4,1,chapter_2,Kaladin
Navani,Rock,Words of Radiance,4,1,chapter_2,Kaladin
Navani,Sadeas,Words of Radiance,4,1,chapter_2,Kaladin
Navani,Sigzil,Words of Radiance,4,1,chapter_2,Kaladin
Navani,Skar,Words of Radiance,4,1,chapter_2,Kaladin
Navani,Syl,Words of Radiance,4,1,chapter_2,Kaladin
Navani,Teft,Words of Radiance,4,1,chapter_2,Kaladin
Rock,Sadeas,Words of Radiance,4,1,chapter_2,Kaladin
Rock,Sigzil,Words of Radiance,4,1,chapter_2,Kaladin
Rock,Skar,Words of Radiance,4,1,chapter_2,Kaladin
Rock,Syl,Words of Radiance,4,1,chapter_2,Kaladin
Rock,Teft,Words of Radiance,4,1,chapter_2,Kaladin
Sadeas,Sigzil,Words of Radiance,4,1,chapter_2,Kaladin
Sadeas,Skar,Words of Radiance,4,1,chapter_2,Kaladin
Sadeas,Syl,Words of Radiance,4,1,chapter_2,Kaladin
Sadeas,Teft,Words of Radiance,4,1,chapter_2,Kaladin
Sigzil,Skar,Words of Radiance,4,1,chapter_2,Kaladin
Sigzil,Syl,Words of Radiance,4,1,chapter_2,Kaladin
Sigzil,Teft,Words of Radiance,4,1,chapter_2,Kaladin
Skar,Syl,Words of Radiance,4,1,chapter_2,Kaladin
Skar,Teft,Words of Radiance,4,1,chapter_2,Kaladin
Syl,Teft,Words of Radiance,4,1,chapter_2,Kaladin
Amaram,Beld,Words of Radiance,4,2,chapter_2,Kaladin
Amaram,Dalinar,Words of Radiance,4,2,chapter_2,Kaladin
Amaram,Hobber,Words of Radiance,4,2,chapter_2,Kaladin
Amaram,Kaladin,Words of Radiance,4,2,chapter_2,Kaladin
Amaram,Kalak,Words of Radiance,4,2,chapter_2,Kaladin
Amaram,Lopen,Words of Radiance,4,2,chapter_2,Kaladin
Amaram,Moash,Words of Radiance,4,2,chapter_2,Kaladin
Amaram,Rock,Words of Radiance,4,2,chapter_2,Kaladin
Amaram,Sadeas,Words of Radiance,4,2,chapter_2,Kaladin
Amaram,Sigzil,Words of Radiance,4,2,chapter_2,Kaladin
Amaram,Skar,Words of Radiance,4,2,chapter_2,Kaladin
Amaram,Syl,Words of Radiance,4,2,chapter_2,Kaladin
Amaram,Teft,Words of Radiance,4,2,chapter_2,Kaladin
Beld,Dalinar,Words of Radiance,4,2,chapter_2,Kaladin
Beld,Hobber,Words of Radiance,4,2,chapter_2,Kaladin
Beld,Kaladin,Words of Radiance,4,2,chapter_2,Kaladin
Beld,Kalak,Words of Radiance,4,2,chapter_2,Kaladin
Beld,Lopen,Words of Radiance,4,2,chapter_2,Kaladin
Beld,Moash,Words of Radiance,4,2,chapter_2,Kaladin
Beld,Rock,Words of Radiance,4,2,chapter_2,Kaladin
Beld,Sadeas,Words of Radiance,4,2,chapter_2,Kaladin
Beld,Sigzil,Words of Radiance,4,2,chapter_2,Kaladin
Beld,Skar,Words of Radiance,4,2,chapter_2,Kaladin
Beld,Syl,Words of Radiance,4,2,chapter_2,Kaladin
Beld,Teft,Words of Radiance,4,2,chapter_2,Kaladin
Dalinar,Hobber,Words of Radiance,4,2,chapter_2,Kaladin
Dalinar,Kaladin,Words of Radiance,4,2,chapter_2,Kaladin
Dalinar,Kalak,Words of Radiance,4,2,chapter_2,Kaladin
Dalinar,Lopen,Words of Radiance,4,2,chapter_2,Kaladin
Dalinar,Moash,Words of Radiance,4,2,chapter_2,Kaladin
Dalinar,Rock,Words of Radiance,4,2,chapter_2,Kaladin
Dalinar,Sadeas,Words of Radiance,4,2,chapter_2,Kaladin
Dalinar,Sigzil,Words of Radiance,4,2,chapter_2,Kaladin
Dalinar,Skar,Words of Radiance,4,2,chapter_2,Kaladin
Dalinar,Syl,Words of Radiance,4,2,chapter_2,Kaladin
Dalinar,Teft,Words of Radiance,4,2,chapter_2,Kaladin
Hobber,Kaladin,Words of Radiance,4,2,chapter_2,Kaladin
Hobber,Kalak,Words of Radiance,4,2,chapter_2,Kaladin
Hobber,Lopen,Words of Radiance,4,2,chapter_2,Kaladin
Hobber,Moash,Words of Radiance,4,2,chapter_2,Kaladin
Hobber,Rock,Words of Radiance,4,2,chapter_2,Kaladin
Hobber,Sadeas,Words of Radiance,4,2,chapter_2,Kaladin
Hobber,Sigzil,Words of Radiance,4,2,chapter_2,Kaladin
Hobber,Skar,Words of Radiance,4,2,chapter_2,Kaladin
Hobber,Syl,Words of Radiance,4,2,chapter_2,Kaladin
Hobber,Teft,Words of Radiance,4,2,chapter_2,Kaladin
Kaladin,Kalak,Words of Radiance,4,2,chapter_2,Kaladin
Kaladin,Lopen,Words of Radiance,4,2,chapter_2,Kaladin
Kaladin,Moash,Words of Radiance,4,2,chapter_2,Kaladin
Kaladin,Rock,Words of Radiance,4,2,chapter_2,Kaladin
Kaladin,Sadeas,Words of Radiance,4,2,chapter_2,Kaladin
Kaladin,Sigzil,Words of Radiance,4,2,chapter_2,Kaladin
Kaladin,Skar,Words of Radiance,4,2,chapter_2,Kaladin
Kaladin,Syl,Words of Radiance,4,2,chapter_2,Kaladin
Kaladin,Teft,Words of Radiance,4,2,chapter_2,Kaladin
Kalak,Lopen,Words of Radiance,4,2,chapter_2,Kaladin
Kalak,Moash,Words of Radiance,4,2,chapter_2,Kaladin
Kalak,Rock,Words of Radiance,4,2,chapter_2,Kaladin
Kalak,Sadeas,Words of Radiance,4,2,chapter_2,Kaladin
Kalak,Sigzil,Words of Radiance,4,2,chapter_2,Kaladin
Kalak,Skar,Words of Radiance,4,2,chapter_2,Kaladin
Kalak,Syl,Words of Radiance,4,2,chapter_2,Kaladin
Kalak,Teft,Words of Radiance,4,2,chapter_2,Kaladin
Lopen,Moash,Words of Radiance,4,2,chapter_2,Kaladin
Lopen,Rock,Words of Radiance,4,2,chapter_2,Kaladin
Lopen,Sadeas,Words of Radiance,4,2,chapter_2,Kaladin
Lopen,Sigzil,Words of Radiance,4,2,chapter_2,Kaladin
Lopen,Skar,Words of Radiance,4,2,chapter_2,Kaladin
Lopen,Syl,Words of Radiance,4,2,chapter_2,Kaladin
Lopen,Teft,Words of Radiance,4,2,chapter_2,Kaladin
Moash,Rock,Words of Radiance,4,2,chapter_2,Kaladin
Moash,Sadeas,Words of Radiance,4,2,chapter_2,Kaladin
Moash,Sigzil,Words of Radiance,4,2,chapter_2,Kaladin
Moash,Skar,Words of Radiance,4,2,chapter_2,Kaladin
Moash,Syl,Words of Radiance,4,2,chapter_2,Kaladin
Moash,Teft,Words of Radiance,4,2,chapter_2,Kaladin
Rock,Sadeas,Words of Radiance,4,2,chapter_2,Kaladin
Rock,Sigzil,Words of Radiance,4,2,chapter_2,Kaladin
Rock,Skar,Words of Radiance,4,2,chapter_2,Kaladin
Rock,Syl,Words of Radiance,4,2,chapter_2,Kaladin
Rock,Teft,Words of Radiance,4,2,chapter_2,Kaladin
Sadeas,Sigzil,Words of Radiance,4,2,chapter_2,Kaladin
Sadeas,Skar,Words of Radiance,4,2,chapter_2,Kaladin
Sadeas,Syl,Words of Radiance,4,2,chapter_2,Kaladin
Sadeas,Teft,Words of Radiance,4,2,chapter_2,Kaladin
Sigzil,Skar,Words of Radiance,4,2,chapter_2,Kaladin
Sigzil,Syl,Words of Radiance,4,2,chapter_2,Kaladin
Sigzil,Teft,Words of Radiance,4,2,chapter_2,Kaladin
Skar,Syl,Words of Radiance,4,2,chapter_2,Kaladin
Skar,Teft,Words of Radiance,4,2,chapter_2,Kaladin
Syl,Teft,Words of Radiance,4,2,chapter_2,Kaladin
Jasnah,Navani,Words of Radiance,5,1,chapter_3,Shallan
Jasnah,Shallan,Words of Radiance,5,1,chapter_3,Shallan
Navani,Shallan,Words of Radiance,5,1,chapter_3,Shallan
Jasnah,Shallan,Words of Radiance,5,2,chapter_3,Shallan
Adolin,Dalinar,Words of Radiance,6,1,chapter_4,Dalinar
Adolin,Elhokar,Words of Radiance,6,1,chapter_4,Dalinar
Adolin,Gavilar,Words of Radiance,6,1,chapter_4,Dalinar
Adolin,Jasnah,Words of Radiance,6,1,chapter_4,Dalinar
Adolin,Kaladin,Words of Radiance,6,1,chapter_4,Dalinar
Adolin,Navani,Words of Radiance,6,1,chapter_4,Dalinar
Adolin,Renarin,Words of Radiance,6,1,chapter_4,Dalinar
Adolin,Sadeas,Words of Radiance,6,1,chapter_4,Dalinar
Dalinar,Elhokar,Words of Radiance,6,1,chapter_4,Dalinar
Dalinar,Gavilar,Words of Radiance,6,1,chapter_4,Dalinar
Dalinar,Jasnah,Words of Radiance,6,1,chapter_4,Dalinar
Dalinar,Kaladin,Words of Radiance,6,1,chapter_4,Dalinar
Dalinar,Navani,Words of Radiance,6,1,chapter_4,Dalinar
Dalinar,Renarin,Words of Radiance,6,1,chapter_4,Dalinar
Dalinar,Sadeas,Words of Radiance,6,1,chapter_4,Dalinar
Elhokar,Gavilar,Words of Radiance,6,1,chapter_4,Dalinar
Elhokar,Jasnah,Words of Radiance,6,1,chapter_4,Dalinar
Elhokar,Kaladin,Words of Radiance,6,1,chapter_4,Dalinar
Elhokar,Navani,Words of Radiance,6,1,chapter_4,Dalinar
Elhokar,Renarin,Words of Radiance,6,1,chapter_4,Dalinar
Elhokar,Sadeas,Words of Radiance,6,1,chapter_4,Dalinar
Gavilar,Jasnah,Words of Radiance,6,1,chapter_4,Dalinar
Gavilar,Kaladin,Words of Radiance,6,1,chapter_4,Dalinar
Gavilar,Navani,Words of Radiance,6,1,chapter_4,Dalinar
Gavilar,Renarin,Words of Radiance,6,1,chapter_4,Dalinar
Gavilar,Sadeas,Words of Radiance,6,1,chapter_4,Dalinar
Jasnah,Kaladin,Words of Radiance,6,1,chapter_4,Dalinar
Jasnah,Navani,Words of Radiance,6,1,chapter_4,Dalinar
Jasnah,Renarin,Words of Radiance,6,1,chapter_4,Dalinar
Jasnah,Sadeas,Words of Radiance,6,1,chapter_4,Dalinar
Kaladin,Navani,Words of Radiance,6,1,chapter_4,Dalinar
Kaladin,Renarin,Words of Radiance,6,1,chapter_4,Dalinar
Kaladin,Sadeas,Words of Radiance,6,1,chapter_4,Dalinar
Navani,Renarin,Words of Radiance,6,1,chapter_4,Dalinar
Navani,Sadeas,Words of Radiance,6,1,chapter_4,Dalinar
Renarin,Sadeas,Words of Radiance,6,1,chapter_4,Dalinar
Adolin,Dalinar,Words of Radiance,6,2,chapter_4,Dalinar
Adolin,Kaladin,Words of Radiance,6,2,chapter_4,Dalinar
Adolin,Navani,Words of Radiance,6,2,chapter_4,Dalinar
Dalinar,Kaladin,Words of Radiance,6,2,chapter_4,Dalinar
Dalinar,Navani,Words of Radiance,6,2,chapter_4,Dalinar
Kaladin,Navani,Words of Radiance,6,2,chapter_4,Dalinar
Beld,Dabbid,Words of Radiance,7,1,chapter_5,Kaladin
Beld,Dalinar,Words of Radiance,7,1,chapter_5,Kaladin
Beld,Drehy,Words of Radiance,7,1,chapter_5,Kaladin
Beld,Eth,Words of Radiance,7,1,chapter_5,Kaladin
Beld,Kaladin,Words of Radiance,7,1,chapter_5,Kaladin
Beld,Leyten,Words of Radiance,7,1,chapter_5,Kaladin
Beld,Lopen,Words of Radiance,7,1,chapter_5,Kaladin
Beld,Mart,Words of Radiance,7,1,chapter_5,Kaladin
Beld,Moash,Words of Radiance,7,1,chapter_5,Kaladin
Beld,Navani,Words of Radiance,7,1,chapter_5,Kaladin
Beld,Rock,Words of Radiance,7,1,chapter_5,Kaladin
Beld,Sadeas,Words of Radiance,7,1,chapter_5,Kaladin
Beld,Sigzil,Words of Radiance,7,1,chapter_5,Kaladin
Beld,Skar,Words of Radiance,7,1,chapter_5,Kaladin
Beld,Syl,Words of Radiance,7,1,chapter_5,Kaladin
Beld,Teft,Words of Radiance,7,1,chapter_5,Kaladin
Dabbid,Dalinar,Words of Radiance,7,1,chapter_5,Kaladin
Dabbid,Drehy,Words of Radiance,7,1,chapter_5,Kaladin
Dabbid,Eth,Words of Radiance,7,1,chapter_5,Kaladin
Dabbid,Kaladin,Words of Radiance,7,1,chapter_5,Kaladin
Dabbid,Leyten,Words of Radiance,7,1,chapter_5,Kaladin
Dabbid,Lopen,Words of Radiance,7,1,chapter_5,Kaladin
Dabbid,Mart,Words of Radiance,7,1,chapter_5,Kaladin
Dabbid,Moash,Words of Radiance,7,1,chapter_5,Kaladin
Dabbid,Navani,Words of Radiance,7,1,chapter_5,Kaladin
Dabbid,Rock,Words of Radiance,7,1,chapter_5,Kaladin
Dabbid,Sadeas,Words of Radiance,7,1,chapter_5,Kaladin
Dabbid,Sigzil,Words of Radiance,7,1,chapter_5,Kaladin
Dabbid,Skar,Words of Radiance,7,1,chapter_5,Kaladin
Dabbid,Syl,Words of Radiance,7,1,chapter_5,Kaladin
Dabbid,Teft,Words of Radiance,7,1,chapter_5,Kaladin
Dalinar,Drehy,Words of Radiance,7,1,chapter_5,Kaladin
Dalinar,Eth,Words of Radiance,7,1,chapter_5,Kaladin
Dalinar,Kaladin,Words of Radiance,7,1,chapter_5,Kaladin
Dalinar,Leyten,Words of Radiance,7,1,chapter_5,Kaladin
Dalinar,Lopen,Words of Radiance,7,1,chapter_5,Kaladin
Dalinar,Mart,Words of Radiance,7,1,chapter_5,Kaladin
Dalinar,Moash,Words of Radiance,7,1,chapter_5,Kaladin
Dalinar,Navani,Words of Radiance,7,1,chapter_5,Kaladin
Dalinar,Rock,Words of Radiance,7,1,chapter_5,Kaladin
Dalinar,Sadeas,Words of Radiance,7,1,chapter_5,Kaladin
Dalinar,Sigzil,Words of Radiance,7,1,chapter_5,Kaladin
Dalinar,Skar,Words of Radiance,7,1,chapter_5,Kaladin
Dalinar,Syl,Words of Radiance,7,1,chapter_5,Kaladin
Dalinar,Teft,Words of Radiance,7,1,chapter_5,Kaladin
Drehy,Eth,Words of Radiance,7,1,chapter_5,Kaladin
Drehy,Kaladin,Words of Radiance,7,1,chapter_5,Kaladin
Drehy,Leyten,Words of Radiance,7,1,chapter_5,Kaladin
Drehy,Lopen,Words of Radiance,7,1,chapter_5,Kaladin
Drehy,Mart,Words of Radiance,7,1,chapter_5,Kaladin
Drehy,Moash,Words of Radiance,7,1,chapter_5,Kaladin
Drehy,Navani,Words of Radiance,7,1,chapter_5,Kaladin
Drehy,Rock,Words of Radiance,7,1,chapter_5,Kaladin
Drehy,Sadeas,Words of Radiance,7,1,chapter_5,Kaladin
Drehy,Sigzil,Words of Radiance,7,1,chapter_5,Kaladin
Drehy,Skar,Words of Radiance,7,1,chapter_5,Kaladin
Drehy,Syl,Words of Radiance,7,1,chapter_5,Kaladin
Drehy,Teft,Words of Radiance,7,1,chapter_5,Kaladin
Eth,Kaladin,Words of Radiance,7,1,chapter_5,Kaladin
Eth,Leyten,Words of Radiance,7,1,chapter_5,Kaladin
Eth,Lopen,Words of Radiance,7,1,chapter_5,Kaladin
Eth,Mart,Words of Radiance,7,1,chapter_5,Kaladin
Eth,Moash,Words of Radiance,7,1,chapter_5,Kaladin
Eth,Navani,Words of Radiance,7,1,chapter_5,Kaladin
Eth,Rock,Words of Radiance,7,1,chapter_5,Kaladin
Eth,Sadeas,Words of Radiance,7,1,chapter_5,Kaladin
Eth,Sigzil,Words of Radiance,7,1,chapter_5,Kaladin
Eth,Skar,Words of Radiance,7,1,chapter_5,Kaladin
Eth,Syl,Words of Radiance,7,1,chapter_5,Kaladin
Eth,Teft,Words of Radiance,7,1,chapter_5,Kaladin
Kaladin,Leyten,Words of Radiance,7,1,chapter_5,Kaladin
Kaladin,Lopen,Words of Radiance,7,1,chapter_5,Kaladin
Kaladin,Mart,Words of Radiance,7,1,chapter_5,Kaladin
Kaladin,Moash,Words of Radiance,7,1,chapter_5,Kaladin
Kaladin,Navani,Words of Radiance,7,1,chapter_5,Kaladin
Kaladin,Rock,Words of Radiance,7,1,chapter_5,Kaladin
Kaladin,Sadeas,Words of Radiance,7,1,chapter_5,Kaladin
Kaladin,Sigzil,Words of Radiance,7,1,chapter_5,Kaladin
Kaladin,Skar,Words of Radiance,7,1,chapter_5,Kaladin
Kaladin,Syl,Words of Radiance,7,1,chapter_5,Kaladin
Kaladin,Teft,Words of Radiance,7,1,chapter_5,Kaladin
Leyten,Lopen,Words of Radiance,7,1,chapter_5,Kaladin
Leyten,Mart,Words of Radiance,7,1,chapter_5,Kaladin
Leyten,Moash,Words of Radiance,7,1,chapter_5,Kaladin
Leyten,Navani,Words of Radiance,7,1,chapter_5,Kaladin
Leyten,Rock,Words of Radiance,7,1,chapter_5,Kaladin
Leyten,Sadeas,Words of Radiance,7,1,chapter_5,Kaladin
Leyten,Sigzil,Words of Radiance,7,1,chapter_5,Kaladin
Leyten,Skar,Words of Radiance,7,1,chapter_5,Kaladin
Leyten,Syl,Words of Radiance,7,1,chapter_5,Kaladin
Leyten,Teft,Words of Radiance,7,1,chapter_5,Kaladin
Lopen,Mart,Words of Radiance,7,1,chapter_5,Kaladin
Lopen,Moash,Words of Radiance,7,1,chapter_5,Kaladin
Lopen,Navani,Words of Radiance,7,1,chapter_5,Kaladin
Lopen,Rock,Words of Radiance,7,1,chapter_5,Kaladin
Lopen,Sadeas,Words of Radiance,7,1,chapter_5,Kaladin
Lopen,Sigzil,Words of Radiance,7,1,chapter_5,Kaladin
Lopen,Skar,Words of Radiance,7,1,chapter_5,Kaladin
Lopen,Syl,Words of Radiance,7,1,chapter_5,Kaladin
Lopen,Teft,Words of Radiance,7,1,chapter_5,Kaladin
Mart,Moash,Words of Radiance,7,1,chapter_5,Kaladin
Mart,Navani,Words of Radiance,7,1,chapter_5,Kaladin
Mart,Rock,Words of Radiance,7,1,chapter_5,Kaladin
Mart,Sadeas,Words of Radiance,7,1,chapter_5,Kaladin
Mart,Sigzil,Words of Radiance,7,1,chapter_5,Kaladin
Mart,Skar,Words of Radiance,7,1,chapter_5,Kaladin
Mart,Syl,Words of Radiance,7,1,chapter_5,Kaladin
Mart,Teft,Words of Radiance,7,1,chapter_5,Kaladin
Moash,Navani,Words of Radiance,7,1,chapter_5,Kaladin
Moash,Rock,Words of Radiance,7,1,chapter_5,Kaladin
Moash,Sadeas,Words of Radiance,7,1,chapter_5,Kaladin
Moash,Sigzil,Words of Radiance,7,1,chapter_5,Kaladin
Moash,Skar,Words of Radiance,7,1,chapter_5,Kaladin
Moash,Syl,Words of Radiance,7,1,chapter_5,Kaladin
Moash,Teft,Words of Radiance,7,1,chapter_5,Kaladin
Navani,Rock,Words of Radiance,7,1,chapter_5,Kaladin
Navani,Sadeas,Words of Radiance,7,1,chapter_5,Kaladin
Navani,Sigzil,Words of Radiance,7,1,chapter_5,Kaladin
Navani,Skar,Words of Radiance,7,1,chapter_5,Kaladin
Navani,Syl,Words of Radiance,7,1,chapter_5,Kaladin
Navani,Teft,Words of Radiance,7,1,chapter_5,Kaladin
Rock,Sadeas,Words of Radiance,7,1,chapter_5,Kaladin
Rock,Sigzil,Words of Radiance,7,1,chapter_5,Kaladin
Rock,Skar,Words of Radiance,7,1,chapter_5,Kaladin
Rock,Syl,Words of Radiance,7,1,chapter_5,Kaladin
Rock,Teft,Words of Radiance,7,1,chapter_5,Kaladin
Sadeas,Sigzil,Words of Radiance,7,1,chapter_5,Kaladin
Sadeas,Skar,Words of Radiance,7,1,chapter_5,Kaladin
Sadeas,Syl,Words of Radiance,7,1,chapter_5,Kaladin
Sadeas,Teft,Words of Radiance,7,1,chapter_5,Kaladin
Sigzil,Skar,Words of Radiance,7,1,chapter_5,Kaladin
Sigzil,Syl,Words of Radiance,7,1,chapter_5,Kaladin
Sigzil,Teft,Words of Radiance,7,1,chapter_5,Kaladin
Skar,Syl,Words of Radiance,7,1,chapter_5,Kaladin
Skar,Teft,Words of Radiance,7,1,chapter_5,Kaladin
Syl,Teft,Words of Radiance,7,1,chapter_5,Kaladin
Aladar,Dalinar,Words of Radiance,7,2,chapter_5,Kaladin
Aladar,Ialai,Words of Radiance,7,2,chapter_5,Kaladin
Aladar,Ruthar,Words of Radiance,7,2,chapter_5,Kaladin
Aladar,Sadeas,Words of Radiance,7,2,chapter_5,Kaladin
Dalinar,Ialai,Words of Radiance,7,2,chapter_5,Kaladin
Dalinar,Ruthar,Words of Radiance,7,2,chapter_5,Kaladin
Dalinar,Sadeas,Words of Radiance,7,2,chapter_5,Kaladin
Ialai,Ruthar,Words of Radiance,7,2,chapter_5,Kaladin
Ialai,Sadeas,Words of Radiance,7,2,chapter_5,Kaladin
Ruthar,Sadeas,Words of Radiance,7,2,chapter_5,Kaladin
Adolin,Amaram,Words of Radiance,7,3,chapter_5,Kaladin
Adolin,Dalinar,Words of Radiance,7,3,chapter_5,Kaladin
Adolin,Drehy,Words of Radiance,7,3,chapter_5,Kaladin
Adolin,Elhokar,Words of Radiance,7,3,chapter_5,Kaladin
Adolin,Eth,Words of Radiance,7,3,chapter_5,Kaladin
Adolin,Gavilar,Words of Radiance,7,3,chapter_5,Kaladin
Adolin,Hatham,Words of Radiance,7,3,chapter_5,Kaladin
Adolin,Ishar,Words of Radiance,7,3,chapter_5,Kaladin
Adolin,Kaladin,Words of Radiance,7,3,chapter_5,Kaladin
Adolin,Khal,Words of Radiance,7,3,chapter_5,Kaladin
Adolin,Lirin,Words of Radiance,7,3,chapter_5,Kaladin
Adolin,Mart,Words of Radiance,7,3,chapter_5,Kaladin
Adolin,Moash,Words of Radiance,7,3,chapter_5,Kaladin
Adolin,Navani,Words of Radiance,7,3,chapter_5,Kaladin
Adolin,Renarin,Words of Radiance,7,3,chapter_5,Kaladin
Adolin,Sadeas,Words of Radiance,7,3,chapter_5,Kaladin
Adolin,Skar,Words of Radiance,7,3,chapter_5,Kaladin
Adolin,Syl,Words of Radiance,7,3,chapter_5,Kaladin
Adolin,Wit,Words of Radiance,7,3,chapter_5,Kaladin
Amaram,Dalinar,Words of Radiance,7,3,chapter_5,Kaladin
Amaram,Drehy,Words of Radiance,7,3,chapter_5,Kaladin
Amaram,Elhokar,Words of Radiance,7,3,chapter_5,Kaladin
Amaram,Eth,Words of Radiance,7,3,chapter_5,Kaladin
Amaram,Gavilar,Words of Radiance,7,3,chapter_5,Kaladin
Amaram,Hatham,Words of Radiance,7,3,chapter_5,Kaladin
Amaram,Ishar,Words of Radiance,7,3,chapter_5,Kaladin
Amaram,Kaladin,Words of Radiance,7,3,chapter_5,Kaladin
Amaram,Khal,Words of Radiance,7,3,chapter_5,Kaladin
Amaram,Lirin,Words of Radiance,7,3,chapter_5,Kaladin
Amaram,Mart,Words of Radiance,7,3,chapter_5,Kaladin
Amaram,Moash,Words of Radiance,7,3,chapter_5,Kaladin
Amaram,Navani,Words of Radiance,7,3,chapter_5,Kaladin
Amaram,Renarin,Words of Radiance,7,3,chapter_5,Kaladin
Amaram,Sadeas,Words of Radiance,7,3,chapter_5,Kaladin
Amaram,Skar,Words of Radiance,7,3,chapter_5,Kaladin
Amaram,Syl,Words of Radiance,7,3,chapter_5,Kaladin
Amaram,Wit,Words of Radiance,7,3,chapter_5,Kaladin
Dalinar,Drehy,Words of Radiance,7,3,chapter_5,Kaladin
Dalinar,Elhokar,Words of Radiance,7,3,chapter_5,Kaladin
Dalinar,Eth,Words of Radiance,7,3,chapter_5,Kaladin
Dalinar,Gavilar,Words of Radiance,7,3,chapter_5,Kaladin
Dalinar,Hatham,Words of Radiance,7,3,chapter_5,Kaladin
Dalinar,Ishar,Words of Radiance,7,3,chapter_5,Kaladin
Dalinar,Kaladin,Words of Radiance,7,3,chapter_5,Kaladin
Dalinar,Khal,Words of Radiance,7,3,chapter_5,Kaladin
Dalinar,Lirin,Words of Radiance,7,3,chapter_5,Kaladin
Dalinar,Mart,Words of Radiance,7,3,chapter_5,Kaladin
Dalinar,Moash,Words of Radiance,7,3,chapter_5,Kaladin
Dalinar,Navani,Words of Radiance,7,3,chapter_5,Kaladin
Dalinar,Renarin,Words of Radiance,7,3,chapter_5,Kaladin
Dalinar,Sadeas,Words of Radiance,7,3,chapter_5,Kaladin
Dalinar,Skar,Words of Radiance,7,3,chapter_5,Kaladin
Dalinar,Syl,Words of Radiance,7,3,chapter_5,Kaladin
Dalinar,Wit,Words of Radiance,7,3,chapter_5,Kaladin
Drehy,Elhokar,Words of Radiance,7,3,chapter_5,Kaladin
Drehy,Eth,Words of Radiance,7,3,chapter_5,Kaladin
Drehy,Gavilar,Words of Radiance,7,3,chapter_5,Kaladin
Drehy,Hatham,Words of Radiance,7,3,chapter_5,Kaladin
Drehy,Ishar,Words of Radiance,7,3,chapter_5,Kaladin
Drehy,Kaladin,Words of Radiance,7,3,chapter_5,Kaladin
Drehy,Khal,Words of Radiance,7,3,chapter_5,Kaladin
Drehy,Lirin,Words of Radiance,7,3,chapter_5,Kaladin
Drehy,Mart,Words of Radiance,7,3,chapter_5,Kaladin
Drehy,Moash,Words of Radiance,7,3,chapter_5,Kaladin
Drehy,Navani,Words of Radiance,7,3,chapter_5,Kaladin
Drehy,Renarin,Words of Radiance,7,3,chapter_5,Kaladin
Drehy,Sadeas,Words of Radiance,7,3,chapter_5,Kaladin
Drehy,Skar,Words of Radiance,7,3,chapter_5,Kaladin
Drehy,Syl,Words of Radiance,7,3,chapter_5,Kaladin
Drehy,Wit,Words of Radiance,7,3,chapter_5,Kaladin
Elhokar,Eth,Words of Radiance,7,3,chapter_5,Kaladin
Elhokar,Gavilar,Words of Radiance,7,3,chapter_5,Kaladin
Elhokar,Hatham,Words of Radiance,7,3,chapter_5,Kaladin
Elhokar,Ishar,Words of Radiance,7,3,chapter_5,Kaladin
Elhokar,Kaladin,Words of Radiance,7,3,chapter_5,Kaladin
Elhokar,Khal,Words of Radiance,7,3,chapter_5,Kaladin
Elhokar,Lirin,Words of Radiance,7,3,chapter_5,Kaladin
Elhokar,Mart,Words of Radiance,7,3,chapter_5,Kaladin
Elhokar,Moash,Words of Radiance,7,3,chapter_5,Kaladin
Elhokar,Navani,Words of Radiance,7,3,chapter_5,Kaladin
Elhokar,Renarin,Words of Radiance,7,3,chapter_5,Kaladin
Elhokar,Sadeas,Words of Radiance,7,3,chapter_5,Kaladin
Elhokar,Skar,Words of Radiance,7,3,chapter_5,Kaladin
Elhokar,Syl,Words of Radiance,7,3,chapter_5,Kaladin
Elhokar,Wit,Words of Radiance,7,3,chapter_5,Kaladin
Eth,Gavilar,Words of Radiance,7,3,chapter_5,Kaladin
Eth,Hatham,Words of Radiance,7,3,chapter_5,Kaladin
Eth,Ishar,Words of Radiance,7,3,chapter_5,Kaladin
Eth,Kaladin,Words of Radiance,7,3,chapter_5,Kaladin
Eth,Khal,Words of Radiance,7,3,chapter_5,Kaladin
Eth,Lirin,Words of Radiance,7,3,chapter_5,Kaladin
Eth,Mart,Words of Radiance,7,3,chapter_5,Kaladin
Eth,Moash,Words of Radiance,7,3,chapter_5,Kaladin
Eth,Navani,Words of Radiance,7,3,chapter_5,Kaladin
Eth,Renarin,Words of Radiance,7,3,chapter_5,Kaladin
Eth,Sadeas,Words of Radiance,7,3,chapter_5,Kaladin
Eth,Skar,Words of Radiance,7,3,chapter_5,Kaladin
Eth,Syl,Words of Radiance,7,3,chapter_5,Kaladin
Eth,Wit,Words of Radiance,7,3,chapter_5,Kaladin
Gavilar,Hatham,Words of Radiance,7,3,chapter_5,Kaladin
Gavilar,Ishar,Words of Radiance,7,3,chapter_5,Kaladin
Gavilar,Kaladin,Words of Radiance,7,3,chapter_5,Kaladin
Gavilar,Khal,Words of Radiance,7,3,chapter_5,Kaladin
Gavilar,Lirin,Words of Radiance,7,3,chapter_5,Kaladin
Gavilar,Mart,Words of Radiance,7,3,chapter_5,Kaladin
Gavilar,Moash,Words of Radiance,7,3,chapter_5,Kaladin
Gavilar,Navani,Words of Radiance,7,3,chapter_5,Kaladin
Gavilar,Renarin,Words of Radiance,7,3,chapter_5,Kaladin
Gavilar,Sadeas,Words of Radiance,7,3,chapter_5,Kaladin
Gavilar,Skar,Words of Radiance,7,3,chapter_5,Kaladin
Gavilar,Syl,Words of Radiance,7,3,chapter_5,Kaladin
Gavilar,Wit,Words of Radiance,7,3,chapter_5,Kaladin
Hatham,Ishar,Words of Radiance,7,3,chapter_5,Kaladin
Hatham,Kaladin,Words of Radiance,7,3,chapter_5,Kaladin
Hatham,Khal,Words of Radiance,7,3,chapter_5,Kaladin
Hatham,Lirin,Words of Radiance,7,3,chapter_5,Kaladin
Hatham,Mart,Words of Radiance,7,3,chapter_5,Kaladin
Hatham,Moash,Words of Radiance,7,3,chapter_5,Kaladin
Hatham,Navani,Words of Radiance,7,3,chapter_5,Kaladin
Hatham,Renarin,Words of Radiance,7,3,chapter_5,Kaladin
Hatham,Sadeas,Words of Radiance,7,3,chapter_5,Kaladin
Hatham,Skar,Words of Radiance,7,3,chapter_5,Kaladin
Hatham,Syl,Words of Radiance,7,3,chapter_5,Kaladin
Hatham,Wit,Words of Radiance,7,3,chapter_5,Kaladin
Ishar,Kaladin,Words of Radiance,7,3,chapter_5,Kaladin
Ishar,Khal,Words of Radiance,7,3,chapter_5,Kaladin
Ishar,Lirin,Words of Radiance,7,3,chapter_5,Kaladin
Ishar,Mart,Words of Radiance,7,3,chapter_5,Kaladin
Ishar,Moash,Words of Radiance,7,3,chapter_5,Kaladin
Ishar,Navani,Words of Radiance,7,3,chapter_5,Kaladin
Ishar,Renarin,Words of Radiance,7,3,chapter_5,Kaladin
Ishar,Sadeas,Words of Radiance,7,3,chapter_5,Kaladin
Ishar,Skar,Words of Radiance,7,3,chapter_5,Kaladin
Ishar,Syl,Words of Radiance,7,3,chapter_5,Kaladin
Ishar,Wit,Words of Radiance,7,3,chapter_5,Kaladin
Kaladin,Khal,Words of Radiance,7,3,chapter_5,Kaladin
Kaladin,Lirin,Words of Radiance,7,3,chapter_5,Kaladin
Kaladin,Mart,Words of Radiance,7,3,chapter_5,Kaladin
Kaladin,Moash,Words of Radiance,7,3,chapter_5,Kaladin
Kaladin,Navani,Words of Radiance,7,3,chapter_5,Kaladin
Kaladin,Renarin,Words of Radiance,7,3,chapter_5,Kaladin
Kaladin,Sadeas,Words of Radiance,7,3,chapter_5,Kaladin
Kaladin,Skar,Words of Radiance,7,3,chapter_5,Kaladin
Kaladin,Syl,Words of Radiance,7,3,chapter_5,Kaladin
Kaladin,Wit,Words of Radiance,7,3,chapter_5,Kaladin
Khal,Lirin,Words of Radiance,7,3,chapter_5,Kaladin
Khal,Mart,Words of Radiance,7,3,chapter_5,Kaladin
Khal,Moash,Words of Radiance,7,3,chapter_5,Kaladin
Khal,Navani,Words of Radiance,7,3,chapter_5,Kaladin
Khal,Renarin,Words of Radiance,7,3,chapter_5,Kaladin
Khal,Sadeas,Words of Radiance,7,3,chapter_5,Kaladin
Khal,Skar,Words of Radiance,7,3,chapter_5,Kaladin
Khal,Syl,Words of Radiance,7,3,chapter_5,Kaladin
Khal,Wit,Words of Radiance,7,3,chapter_5,Kaladin
Lirin,Mart,Words of Radiance,7,3,chapter_5,Kaladin
Lirin,Moash,Words of Radiance,7,3,chapter_5,Kaladin
Lirin,Navani,Words of Radiance,7,3,chapter_5,Kaladin
Lirin,Renarin,Words of Radiance,7,3,chapter_5,Kaladin
Lirin,Sadeas,Words of Radiance,7,3,chapter_5,Kaladin
Lirin,Skar,Words of Radiance,7,3,chapter_5,Kaladin
Lirin,Syl,Words of Radiance,7,3,chapter_5,Kaladin
Lirin,Wit,Words of Radiance,7,3,chapter_5,Kaladin
Mart,Moash,Words of Radiance,7,3,chapter_5,Kaladin
Mart,Navani,Words of Radiance,7,3,chapter_5,Kaladin
Mart,Renarin,Words of Radiance,7,3,chapter_5,Kaladin
Mart,Sadeas,Words of Radiance,7,3,chapter_5,Kaladin
Mart,Skar,Words of Radiance,7,3,chapter_5,Kaladin
Mart,Syl,Words of Radiance,7,3,chapter_5,Kaladin
Mart,Wit,Words of Radiance,7,3,chapter_5,Kaladin
Moash,Navani,Words of Radiance,7,3,chapter_5,Kaladin
Moash,Renarin,Words of Radiance,7,3,chapter_5,Kaladin
Moash,Sadeas,Words of Radiance,7,3,chapter_5,Kaladin
Moash,Skar,Words of Radiance,7,3,chapter_5,Kaladin
Moash,Syl,Words of Radiance,7,3,chapter_5,Kaladin
Moash,Wit,Words of Radiance,7,3,chapter_5,Kaladin
Navani,Renarin,Words of Radiance,7,3,chapter_5,Kaladin
Navani,Sadeas,Words of Radiance,7,3,chapter_5,Kaladin
Navani,Skar,Words of Radiance,7,3,chapter_5,Kaladin
Navani,Syl,Words of Radiance,7,3,chapter_5,Kaladin
Navani,Wit,Words of Radiance,7,3,chapter_5,Kaladin
Renarin,Sadeas,Words of Radiance,7,3,chapter_5,Kaladin
Renarin,Skar,Words of Radiance,7,3,chapter_5,Kaladin
Renarin,Syl,Words of Radiance,7,3,chapter_5,Kaladin
Renarin,Wit,Words of Radiance,7,3,chapter_5,Kaladin
Sadeas,Skar,Words of Radiance,7,3,chapter_5,Kaladin
Sadeas,Syl,Words of Radiance,7,3,chapter_5,Kaladin
Sadeas,Wit,Words of Radiance,7,3,chapter_5,Kaladin
Skar,Syl,Words of Radiance,7,3,chapter_5,Kaladin
Skar,Wit,Words of Radiance,7,3,chapter_5,Kaladin
Syl,Wit,Words of Radiance,7,3,chapter_5,Kaladin
Jasnah,Navani,Words of Radiance,8,1,chapter_6,Shallan
Jasnah,Pattern,Words of Radiance,8,1,chapter_6,Shallan
Jasnah,Shallan,Words of Radiance,8,1,chapter_6,Shallan
Navani,Pattern,Words of Radiance,8,1,chapter_6,Shallan
Navani,Shallan,Words of Radiance,8,1,chapter_6,Shallan
Pattern,Shallan,Words of Radiance,8,1,chapter_6,Shallan
Gavilar,Jasnah,Words of Radiance,9,1,chapter_7,Shallan
Gavilar,Kabsal,Words of Radiance,9,1,chapter_7,Shallan
Gavilar,Navani,Words of Radiance,9,1,chapter_7,Shallan
Gavilar,Pattern,Words of Radiance,9,1,chapter_7,Shallan
Gavilar,Shallan,Words of Radiance,9,1,chapter_7,Shallan
Jasnah,Kabsal,Words of Radiance,9,1,chapter_7,Shallan
Jasnah,Navani,Words of Radiance,9,1,chapter_7,Shallan
Jasnah,Pattern,Words of Radiance,9,1,chapter_7,Shallan
Jasnah,Shallan,Words of Radiance,9,1,chapter_7,Shallan
Kabsal,Navani,Words of Radiance,9,1,chapter_7,Shallan
Kabsal,Pattern,Words of Radiance,9,1,chapter_7,Shallan
Kabsal,Shallan,Words of Radiance,9,1,chapter_7,Shallan
Navani,Pattern,Words of Radiance,9,1,chapter_7,Shallan
Navani,Shallan,Words of Radiance,9,1,chapter_7,Shallan
Pattern,Shallan,Words of Radiance,9,1,chapter_7,Shallan
Adolin,Aladar,Words of Radiance,10,1,chapter_8,Dalinar
Adolin,Dalinar,Words of Radiance,10,1,chapter_8,Dalinar
Adolin,Elhokar,Words of Radiance,10,1,chapter_8,Dalinar
Adolin,Gavilar,Words of Radiance,10,1,chapter_8,Dalinar
Adolin,Jasnah,Words of Radiance,10,1,chapter_8,Dalinar
Adolin,Kaladin,Words of Radiance,10,1,chapter_8,Dalinar
Adolin,Khal,Words of Radiance,10,1,chapter_8,Dalinar
Adolin,Navani,Words of Radiance,10,1,chapter_8,Dalinar
Adolin,Roion,Words of Radiance,10,1,chapter_8,Dalinar
Adolin,Sadeas,Words of Radiance,10,1,chapter_8,Dalinar
Adolin,Yenev,Words of Radiance,10,1,chapter_8,Dalinar
Aladar,Dalinar,Words of Radiance,10,1,chapter_8,Dalinar
Aladar,Elhokar,Words of Radiance,10,1,chapter_8,Dalinar
Aladar,Gavilar,Words of Radiance,10,1,chapter_8,Dalinar
Aladar,Jasnah,Words of Radiance,10,1,chapter_8,Dalinar
Aladar,Kaladin,Words of Radiance,10,1,chapter_8,Dalinar
Aladar,Khal,Words of Radiance,10,1,chapter_8,Dalinar
Aladar,Navani,Words of Radiance,10,1,chapter_8,Dalinar
Aladar,Roion,Words of Radiance,10,1,chapter_8,Dalinar
Aladar,Sadeas,Words of Radiance,10,1,chapter_8,Dalinar
Aladar,Yenev,Words of Radiance,10,1,chapter_8,Dalinar
Dalinar,Elhokar,Words of Radiance,10,1,chapter_8,Dalinar
Dalinar,Gavilar,Words of Radiance,10,1,chapter_8,Dalinar
Dalinar,Jasnah,Words of Radiance,10,1,chapter_8,Dalinar
Dalinar,Kaladin,Words of Radiance,10,1,chapter_8,Dalinar
Dalinar,Khal,Words of Radiance,10,1,chapter_8,Dalinar
Dalinar,Navani,Words of Radiance,10,1,chapter_8,Dalinar
Dalinar,Roion,Words of Radiance,10,1,chapter_8,Dalinar
Dalinar,Sadeas,Words of Radiance,10,1,chapter_8,Dalinar
Dalinar,Yenev,Words of Radiance,10,1,chapter_8,Dalinar
Elhokar,Gavilar,Words of Radiance,10,1,chapter_8,Dalinar
Elhokar,Jasnah,Words of Radiance,10,1,chapter_8,Dalinar
Elhokar,Kaladin,Words of Radiance,10,1,chapter_8,Dalinar
Elhokar,Khal,Words of Radiance,10,1,chapter_8,Dalinar
Elhokar,Navani,Words of Radiance,10,1,chapter_8,Dalinar
Elhokar,Roion,Words of Radiance,10,1,chapter_8,Dalinar
Elhokar,Sadeas,Words of Radiance,10,1,chapter_8,Dalinar
Elhokar,Yenev,Words of Radiance,10,1,chapter_8,Dalinar
Gavilar,Jasnah,Words of Radiance,10,1,chapter_8,Dalinar
Gavilar,Kaladin,Words of Radiance,10,1,chapter_8,Dalinar
Gavilar,Khal,Words of Radiance,10,1,chapter_8,Dalinar
Gavilar,Navani,Words of Radiance,10,1,chapter_8,Dalinar
Gavilar,Roion,Words of Radiance,10,1,chapter_8,Dalinar
Gavilar,Sadeas,Words of Radiance,10,1,chapter_8,Dalinar
Gavilar,Yenev,Words of Radiance,10,1,chapter_8,Dalinar
Jasnah,Kaladin,Words of Radiance,10,1,chapter_8,Dalinar
Jasnah,Khal,Words of Radiance,10,1,chapter_8,Dalinar
Jasnah,Navani,Words of Radiance,10,1,chapter_8,Dalinar
Jasnah,Roion,Words of Radiance,10,1,chapter_8,Dalinar
Jasnah,Sadeas,Words of Radiance,10,1,chapter_8,Dalinar
Jasnah,Yenev,Words of Radiance,10,1,chapter_8,Dalinar
Kaladin,Khal,Words of Radiance,10,1,chapter_8,Dalinar
Kaladin,Navani,Words of Radiance,10,1,chapter_8,Dalinar
Kaladin,Roion,Words of Radiance,10,1,chapter_8,Dalinar
Kaladin,Sadeas,Words of Radiance,10,1,chapter_8,Dalinar
Kaladin,Yenev,Words of Radiance,10,1,chapter_8,Dalinar
Khal,Navani,Words of Radiance,10,1,chapter_8,Dalinar
Khal,Roion,Words of Radiance,10,1,chapter_8,Dalinar
Khal,Sadeas,Words of Radiance,10,1,chapter_8,Dalinar
Khal,Yenev,Words of Radiance,10,1,chapter_8,Dalinar
Navani,Roion,Words of Radiance,10,1,chapter_8,Dalinar
Navani,Sadeas,Words of Radiance,10,1,chapter_8,Dalinar
Navani,Yenev,Words of Radiance,10,1,chapter_8,Dalinar
Roion,Sadeas,Words of Radiance,10,1,chapter_8,Dalinar
Roion,Yenev,Words of Radiance,10,1,chapter_8,Dalinar
Sadeas,Yenev,Words of Radiance,10,1,chapter_8,Dalinar
Dalinar,Kaladin,Words of Radiance,11,1,chapter_9,Kaladin
Dalinar,Moash,Words of Radiance,11,1,chapter_9,Kaladin
Dalinar,Navani,Words of Radiance,11,1,chapter_9,Kaladin
Dalinar,Rock,Words of Radiance,11,1,chapter_9,Kaladin
Dalinar,Sadeas,Words of Radiance,11,1,chapter_9,Kaladin
Dalinar,Sigzil,Words of Radiance,11,1,chapter_9,Kaladin
Dalinar,Skar,Words of Radiance,11,1,chapter_9,Kaladin
Dalinar,Syl,Words of Radiance,11,1,chapter_9,Kaladin
Dalinar,Teft,Words of Radiance,11,1,chapter_9,Kaladin
Kaladin,Moash,Words of Radiance,11,1,chapter_9,Kaladin
Kaladin,Navani,Words of Radiance,11,1,chapter_9,Kaladin
Kaladin,Rock,Words of Radiance,11,1,chapter_9,Kaladin
Kaladin,Sadeas,Words of Radiance,11,1,chapter_9,Kaladin
Kaladin,Sigzil,Words of Radiance,11,1,chapter_9,Kaladin
Kaladin,Skar,Words of Radiance,11,1,chapter_9,Kaladin
Kaladin,Syl,Words of Radiance,11,1,chapter_9,Kaladin
Kaladin,Teft,Words of Radiance,11,1,chapter_9,Kaladin
Moash,Navani,Words of Radiance,11,1,chapter_9,Kaladin
Moash,Rock,Words of Radiance,11,1,chapter_9,Kaladin
Moash,Sadeas,Words of Radiance,11,1,chapter_9,Kaladin
Moash,Sigzil,Words of Radiance,11,1,chapter_9,Kaladin
Moash,Skar,Words of Radiance,11,1,chapter_9,Kaladin
Moash,Syl,Words of Radiance,11,1,chapter_9,Kaladin
Moash,Teft,Words of Radiance,11,1,chapter_9,Kaladin
Navani,Rock,Words of Radiance,11,1,chapter_9,Kaladin
Navani,Sadeas,Words of Radiance,11,1,chapter_9,Kaladin
Navani,Sigzil,Words of Radiance,11,1,chapter_9,Kaladin
Navani,Skar,Words of Radiance,11,1,chapter_9,Kaladin
Navani,Syl,Words of Radiance,11,1,chapter_9,Kaladin
Navani,Teft,Words of Radiance,11,1,chapter_9,Kaladin
Rock,Sadeas,Words of Radiance,11,1,chapter_9,Kaladin
Rock,Sigzil,Words of Radiance,11,1,chapter_9,Kaladin
Rock,Skar,Words of Radiance,11,1,chapter_9,Kaladin
Rock,Syl,Words of Radiance,11,1,chapter_9,Kaladin
Rock,Teft,Words of Radiance,11,1,chapter_9,Kaladin
Sadeas,Sigzil,Words of Radiance,11,1,chapter_9,Kaladin
Sadeas,Skar,Words of Radiance,11,1,chapter_9,Kaladin
Sadeas,Syl,Words of Radiance,11,1,chapter_9,Kaladin
Sadeas,Teft,Words of Radiance,11,1,chapter_9,Kaladin
Sigzil,Skar,Words of Radiance,11,1,chapter_9,Kaladin
Sigzil,Syl,Words of Radiance,11,1,chapter_9,Kaladin
Sigzil,Teft,Words of Radiance,11,1,chapter_9,Kaladin
Skar,Syl,Words of Radiance,11,1,chapter_9,Kaladin
Skar,Teft,Words of Radiance,11,1,chapter_9,Kaladin
Syl,Teft,Words of Radiance,11,1,chapter_9,Kaladin
Jasnah,Kabsal,Words of Radiance,13,1,chapter_11,Shallan
Jasnah,Navani,Words of Radiance,13,1,chapter_11,Shallan
Jasnah,Pattern,Words of Radiance,13,1,chapter_11,Shallan
Jasnah,Sadeas,Words of Radiance,13,1,chapter_11,Shallan
Jasnah,Shallan,Words of Radiance,13,1,chapter_11,Shallan
Kabsal,Navani,Words of Radiance,13,1,chapter_11,Shallan
Kabsal,Pattern,Words of Radiance,13,1,chapter_11,Shallan
Kabsal,Sadeas,Words of Radiance,13,1,chapter_11,Shallan
Kabsal,Shallan,Words of Radiance,13,1,chapter_11,Shallan
Navani,Pattern,Words of Radiance,13,1,chapter_11,Shallan
Navani,Sadeas,Words of Radiance,13,1,chapter_11,Shallan
Navani,Shallan,Words of Radiance,13,1,chapter_11,Shallan
Pattern,Sadeas,Words of Radiance,13,1,chapter_11,Shallan
Pattern,Shallan,Words of Radiance,13,1,chapter_11,Shallan
Sadeas,Shallan,Words of Radiance,13,1,chapter_11,Shallan
Jasnah,Pattern,Words of Radiance,13,2,chapter_11,Shallan
Jasnah,Shallan,Words of Radiance,13,2,chapter_11,Shallan
Pattern,Shallan,Words of Radiance,13,2,chapter_11,Shallan
Jasnah,Pattern,Words of Radiance,13,3,chapter_11,Shallan
Jasnah,Shallan,Words of Radiance,13,3,chapter_11,Shallan
Pattern,Shallan,Words of Radiance,13,3,chapter_11,Shallan
Kaladin,Lopen,Words of Radiance,14,1,chapter_12,Kaladin
Kaladin,Navani,Words of Radiance,14,1,chapter_12,Kaladin
Kaladin,Rock,Words of Radiance,14,1,chapter_12,Kaladin
Kaladin,Sadeas,Words of Radiance,14,1,chapter_12,Kaladin
Kaladin,Sigzil,Words of Radiance,14,1,chapter_12,Kaladin
Kaladin,Syl,Words of Radiance,14,1,chapter_12,Kaladin
Lopen,Navani,Words of Radiance,14,1,chapter_12,Kaladin
Lopen,Rock,Words of Radiance,14,1,chapter_12,Kaladin
Lopen,Sadeas,Words of Radiance,14,1,chapter_12,Kaladin
Lopen,Sigzil,Words of Radiance,14,1,chapter_12,Kaladin
Lopen,Syl,Words of Radiance,14,1,chapter_12,Kaladin
Navani,Rock,Words of Radiance,14,1,chapter_12,Kaladin
Navani,Sadeas,Words of Radiance,14,1,chapter_12,Kaladin
Navani,Sigzil,Words of Radiance,14,1,chapter_12,Kaladin
Navani,Syl,Words of Radiance,14,1,chapter_12,Kaladin
Rock,Sadeas,Words of Radiance,14,1,chapter_12,Kaladin
Rock,Sigzil,Words of Radiance,14,1,chapter_12,Kaladin
Rock,Syl,Words of Radiance,14,1,chapter_12,Kaladin
Sadeas,Sigzil,Words of Radiance,14,1,chapter_12,Kaladin
Sadeas,Syl,Words of Radiance,14,1,chapter_12,Kaladin
Sigzil,Syl,Words of Radiance,14,1,chapter_12,Kaladin
Amaram,Coreb,Words of Radiance,14,2,chapter_12,Kaladin
Amaram,Dalinar,Words of Radiance,14,2,chapter_12,Kaladin
Amaram,Drehy,Words of Radiance,14,2,chapter_12,Kaladin
Amaram,Kaladin,Words of Radiance,14,2,chapter_12,Kaladin
Amaram,Lopen,Words of Radiance,14,2,chapter_12,Kaladin
Amaram,Moash,Words of Radiance,14,2,chapter_12,Kaladin
Amaram,Rock,Words of Radiance,14,2,chapter_12,Kaladin
Amaram,Sadeas,Words of Radiance,14,2,chapter_12,Kaladin
Amaram,Sigzil,Words of Radiance,14,2,chapter_12,Kaladin
Amaram,Syl,Words of Radiance,14,2,chapter_12,Kaladin
Amaram,Teft,Words of Radiance,14,2,chapter_12,Kaladin
Coreb,Dalinar,Words of Radiance,14,2,chapter_12,Kaladin
Coreb,Drehy,Words of Radiance,14,2,chapter_12,Kaladin
Coreb,Kaladin,Words of Radiance,14,2,chapter_12,Kaladin
Coreb,Lopen,Words of Radiance,14,2,chapter_12,Kaladin
Coreb,Moash,Words of Radiance,14,2,chapter_12,Kaladin
Coreb,Rock,Words of Radiance,14,2,chapter_12,Kaladin
Coreb,Sadeas,Words of Radiance,14,2,chapter_12,Kaladin
Coreb,Sigzil,Words of Radiance,14,2,chapter_12,Kaladin
Coreb,Syl,Words of Radiance,14,2,chapter_12,Kaladin
Coreb,Teft,Words of Radiance,14,2,chapter_12,Kaladin
Dalinar,Drehy,Words of Radiance,14,2,chapter_12,Kaladin
Dalinar,Kaladin,Words of Radiance,14,2,chapter_12,Kaladin
Dalinar,Lopen,Words of Radiance,14,2,chapter_12,Kaladin
Dalinar,Moash,Words of Radiance,14,2,chapter_12,Kaladin
Dalinar,Rock,Words of Radiance,14,2,chapter_12,Kaladin
Dalinar,Sadeas,Words of Radiance,14,2,chapter_12,Kaladin
Dalinar,Sigzil,Words of Radiance,14,2,chapter_12,Kaladin
Dalinar,Syl,Words of Radiance,14,2,chapter_12,Kaladin
Dalinar,Teft,Words of Radiance,14,2,chapter_12,Kaladin
Drehy,Kaladin,Words of Radiance,14,2,chapter_12,Kaladin
Drehy,Lopen,Words of Radiance,14,2,chapter_12,Kaladin
Drehy,Moash,Words of Radiance,14,2,chapter_12,Kaladin
Drehy,Rock,Words of Radiance,14,2,chapter_12,Kaladin
Drehy,Sadeas,Words of Radiance,14,2,chapter_12,Kaladin
Drehy,Sigzil,Words of Radiance,14,2,chapter_12,Kaladin
Drehy,Syl,Words of Radiance,14,2,chapter_12,Kaladin
Drehy,Teft,Words of Radiance,14,2,chapter_12,Kaladin
Kaladin,Lopen,Words of Radiance,14,2,chapter_12,Kaladin
Kaladin,Moash,Words of Radiance,14,2,chapter_12,Kaladin
Kaladin,Rock,Words of Radiance,14,2,chapter_12,Kaladin
Kaladin,Sadeas,Words of Radiance,14,2,chapter_12,Kaladin
Kaladin,Sigzil,Words of Radiance,14,2,chapter_12,Kaladin
Kaladin,Syl,Words of Radiance,14,2,chapter_12,Kaladin
Kaladin,Teft,Words of Radiance,14,2,chapter_12,Kaladin
Lopen,Moash,Words of Radiance,14,2,chapter_12,Kaladin
Lopen,Rock,Words of Radiance,14,2,chapter_12,Kaladin
Lopen,Sadeas,Words of Radiance,14,2,chapter_12,Kaladin
Lopen,Sigzil,Words of Radiance,14,2,chapter_12,Kaladin
Lopen,Syl,Words of Radiance,14,2,chapter_12,Kaladin
Lopen,Teft,Words of Radiance,14,2,chapter_12,Kaladin
Moash,Rock,Words of Radiance,14,2,chapter_12,Kaladin
Moash,Sadeas,Words of Radiance,14,2,chapter_12,Kaladin
Moash,Sigzil,Words of Radiance,14,2,chapter_12,Kaladin
Moash,Syl,Words of Radiance,14,2,chapter_12,Kaladin
Moash,Teft,Words of Radiance,14,2,chapter_12,Kaladin
Rock,Sadeas,Words of Radiance,14,2,chapter_12,Kaladin
Rock,Sigzil,Words of Radiance,14,2,chapter_12,Kaladin
Rock,Syl,Words of Radiance,14,2,chapter_12,Kaladin
Rock,Teft,Words of Radiance,14,2,chapter_12,Kaladin
Sadeas,Sigzil,Words of Radiance,14,2,chapter_12,Kaladin
Sadeas,Syl,Words of Radiance,14,2,chapter_12,Kaladin
Sadeas,Teft,Words of Radiance,14,2,chapter_12,Kaladin
Sigzil,Syl,Words of Radiance,14,2,chapter_12,Kaladin
Sigzil,Teft,Words of Radiance,14,2,chapter_12,Kaladin
Syl,Teft,Words of Radiance,14,2,chapter_12,Kaladin
Dalinar,Eshonai,Words of Radiance,15,1,interlude_1,Eshonai
Dalinar,Gavilar,Words of Radiance,15,1,interlude_1,Eshonai
Eshonai,Gavilar,Words of Radiance,15,1,interlude_1,Eshonai
Kalak,Rysn,Words of Radiance,17,1,interlude_3,Rysn
Dalinar,Eshonai,Words of Radiance,18,1,interlude_4,Eshonai
Dalinar,Gavilar,Words of Radiance,18,1,interlude_4,Eshonai
Eshonai,Gavilar,Words of Radiance,18,1,interlude_4,Eshonai
Jasnah,Kabsal,Words of Radiance,20,1,chapter_13,Shallan
Jasnah,Pattern,Words of Radiance,20,1,chapter_13,Shallan
Jasnah,Shallan,Words of Radiance,20,1,chapter_13,Shallan
Kabsal,Pattern,Words of Radiance,20,1,chapter_13,Shallan
Kabsal,Shallan,Words of Radiance,20,1,chapter_13,Shallan
Pattern,Shallan,Words of Radiance,20,1,chapter_13,Shallan
Adolin,Battah,Words of Radiance,21,1,chapter_14,Adolin
Adolin,Dalinar,Words of Radiance,21,1,chapter_14,Adolin
Adolin,Jasnah,Words of Radiance,21,1,chapter_14,Adolin
Adolin,Navani,Words of Radiance,21,1,chapter_14,Adolin
Adolin,Pailiah,Words of Radiance,21,1,chapter_14,Adolin
Adolin,Renarin,Words of Radiance,21,1,chapter_14,Adolin
Adolin,Sadeas,Words of Radiance,21,1,chapter_14,Adolin
Adolin,Shallan,Words of Radiance,21,1,chapter_14,Adolin
Adolin,Thanadal,Words of Radiance,21,1,chapter_14,Adolin
Battah,Dalinar,Words of Radiance,21,1,chapter_14,Adolin
Battah,Jasnah,Words of Radiance,21,1,chapter_14,Adolin
Battah,Navani,Words of Radiance,21,1,chapter_14,Adolin
Battah,Pailiah,Words of Radiance,21,1,chapter_14,Adolin
Battah,Renarin,Words of Radiance,21,1,chapter_14,Adolin
Battah,Sadeas,Words of Radiance,21,1,chapter_14,Adolin
Battah,Shallan,Words of Radiance,21,1,chapter_14,Adolin
Battah,Thanadal,Words of Radiance,21,1,chapter_14,Adolin
Dalinar,Jasnah,Words of Radiance,21,1,chapter_14,Adolin
Dalinar,Navani,Words of Radiance,21,1,chapter_14,Adolin
Dalinar,Pailiah,Words of Radiance,21,1,chapter_14,Adolin
Dalinar,Renarin,Words of Radiance,21,1,chapter_14,Adolin
Dalinar,Sadeas,Words of Radiance,21,1,chapter_14,Adolin
Dalinar,Shallan,Words of Radiance,21,1,chapter_14,Adolin
Dalinar,Thanadal,Words of Radiance,21,1,chapter_14,Adolin
Jasnah,Navani,Words of Radiance,21,1,chapter_14,Adolin
Jasnah,Pailiah,Words of Radiance,21,1,chapter_14,Adolin
Jasnah,Renarin,Words of Radiance,21,1,chapter_14,Adolin
Jasnah,Sadeas,Words of Radiance,21,1,chapter_14,Adolin
Jasnah,Shallan,Words of Radiance,21,1,chapter_14,Adolin
Jasnah,Thanadal,Words of Radiance,21,1,chapter_14,Adolin
Navani,Pailiah,Words of Radiance,21,1,chapter_14,Adolin
Navani,Renarin,Words of Radiance,21,1,chapter_14,Adolin
Navani,Sadeas,Words of Radiance,21,1,chapter_14,Adolin
Navani,Shallan,Words of Radiance,21,1,chapter_14,Adolin
Navani,Thanadal,Words of Radiance,21,1,chapter_14,Adolin
Pailiah,Renarin,Words of Radiance,21,1,chapter_14,Adolin
Pailiah,Sadeas,Words of Radiance,21,1,chapter_14,Adolin
Pailiah,Shallan,Words of Radiance,21,1,chapter_14,Adolin
Pailiah,Thanadal,Words of Radiance,21,1,chapter_14,Adolin
Renarin,Sadeas,Words of Radiance,21,1,chapter_14,Adolin
Renarin,Shallan,Words of Radiance,21,1,chapter_14,Adolin
Renarin,Thanadal,Words of Radiance,21,1,chapter_14,Adolin
Sadeas,Shallan,Words of Radiance,21,1,chapter_14,Adolin
Sadeas,Thanadal,Words of Radiance,21,1,chapter_14,Adolin
Shallan,Thanadal,Words of Radiance,21,1,chapter_14,Adolin
Jasnah,Kabsal,Words of Radiance,22,1,chapter_15,Shallan
Jasnah,Pattern,Words of Radiance,22,1,chapter_15,Shallan
Jasnah,Shallan,Words of Radiance,22,1,chapter_15,Shallan
Kabsal,Pattern,Words of Radiance,22,1,chapter_15,Shallan
Kabsal,Shallan,Words of Radiance,22,1,chapter_15,Shallan
Pattern,Shallan,Words of Radiance,22,1,chapter_15,Shallan
Adolin,Amaram,Words of Radiance,23,1,chapter_16,Kaladin
Adolin,Dalinar,Words of Radiance,23,1,chapter_16,Kaladin
Adolin,Drehy,Words of Radiance,23,1,chapter_16,Kaladin
Adolin,Elhokar,Words of Radiance,23,1,chapter_16,Kaladin
Adolin,Kaladin,Words of Radiance,23,1,chapter_16,Kaladin
Adolin,Lopen,Words of Radiance,23,1,chapter_16,Kaladin
Adolin,Moash,Words of Radiance,23,1,chapter_16,Kaladin
Adolin,Navani,Words of Radiance,23,1,chapter_16,Kaladin
Adolin,Renarin,Words of Radiance,23,1,chapter_16,Kaladin
Adolin,Rock,Words of Radiance,23,1,chapter_16,Kaladin
Adolin,Sadeas,Words of Radiance,23,1,chapter_16,Kaladin
Adolin,Skar,Words of Radiance,23,1,chapter_16,Kaladin
Adolin,Syl,Words of Radiance,23,1,chapter_16,Kaladin
Adolin,Teft,Words of Radiance,23,1,chapter_16,Kaladin
Adolin,Tien,Words of Radiance,23,1,chapter_16,Kaladin
Adolin,Zahel,Words of Radiance,23,1,chapter_16,Kaladin
Amaram,Dalinar,Words of Radiance,23,1,chapter_16,Kaladin
Amaram,Drehy,Words of Radiance,23,1,chapter_16,Kaladin
Amaram,Elhokar,Words of Radiance,23,1,chapter_16,Kaladin
Amaram,Kaladin,Words of Radiance,23,1,chapter_16,Kaladin
Amaram,Lopen,Words of Radiance,23,1,chapter_16,Kaladin
Amaram,Moash,Words of Radiance,23,1,chapter_16,Kaladin
Amaram,Navani,Words of Radiance,23,1,chapter_16,Kaladin
Amaram,Renarin,Words of Radiance,23,1,chapter_16,Kaladin
Amaram,Rock,Words of Radiance,23,1,chapter_16,Kaladin
Amaram,Sadeas,Words of Radiance,23,1,chapter_16,Kaladin
Amaram,Skar,Words of Radiance,23,1,chapter_16,Kaladin
Amaram,Syl,Words of Radiance,23,1,chapter_16,Kaladin
Amaram,Teft,Words of Radiance,23,1,chapter_16,Kaladin
Amaram,Tien,Words of Radiance,23,1,chapter_16,Kaladin
Amaram,Zahel,Words of Radiance,23,1,chapter_16,Kaladin
Dalinar,Drehy,Words of Radiance,23,1,chapter_16,Kaladin
Dalinar,Elhokar,Words of Radiance,23,1,chapter_16,Kaladin
Dalinar,Kaladin,Words of Radiance,23,1,chapter_16,Kaladin
Dalinar,Lopen,Words of Radiance,23,1,chapter_16,Kaladin
Dalinar,Moash,Words of Radiance,23,1,chapter_16,Kaladin
Dalinar,Navani,Words of Radiance,23,1,chapter_16,Kaladin
Dalinar,Renarin,Words of Radiance,23,1,chapter_16,Kaladin
Dalinar,Rock,Words of Radiance,23,1,chapter_16,Kaladin
Dalinar,Sadeas,Words of Radiance,23,1,chapter_16,Kaladin
Dalinar,Skar,Words of Radiance,23,1,chapter_16,Kaladin
Dalinar,Syl,Words of Radiance,23,1,chapter_16,Kaladin
Dalinar,Teft,Words of Radiance,23,1,chapter_16,Kaladin
Dalinar,Tien,Words of Radiance,23,1,chapter_16,Kaladin
Dalinar,Zahel,Words of Radiance,23,1,chapter_16,Kaladin
Drehy,Elhokar,Words of Radiance,23,1,chapter_16,Kaladin
Drehy,Kaladin,Words of Radiance,23,1,chapter_16,Kaladin
Drehy,Lopen,Words of Radiance,23,1,chapter_16,Kaladin
Drehy,Moash,Words of Radiance,23,1,chapter_16,Kaladin
Drehy,Navani,Words of Radiance,23,1,chapter_16,Kaladin
Drehy,Renarin,Words of Radiance,23,1,chapter_16,Kaladin
Drehy,Rock,Words of Radiance,23,1,chapter_16,Kaladin
Drehy,Sadeas,Words of Radiance,23,1,chapter_16,Kaladin
Drehy,Skar,Words of Radiance,23,1,chapter_16,Kaladin
Drehy,Syl,Words of Radiance,23,1,chapter_16,Kaladin
Drehy,Teft,Words of Radiance,23,1,chapter_16,Kaladin
Drehy,Tien,Words of Radiance,23,1,chapter_16,Kaladin
Drehy,Zahel,Words of Radiance,23,1,chapter_16,Kaladin
Elhokar,Kaladin,Words of Radiance,23,1,chapter_16,Kaladin
Elhokar,Lopen,Words of Radiance,23,1,chapter_16,Kaladin
Elhokar,Moash,Words of Radiance,23,1,chapter_16,Kaladin
Elhokar,Navani,Words of Radiance,23,1,chapter_16,Kaladin
Elhokar,Renarin,Words of Radiance,23,1,chapter_16,Kaladin
Elhokar,Rock,Words of Radiance,23,1,chapter_16,Kaladin
Elhokar,Sadeas,Words of Radiance,23,1,chapter_16,Kaladin
Elhokar,Skar,Words of Radiance,23,1,chapter_16,Kaladin
Elhokar,Syl,Words of Radiance,23,1,chapter_16,Kaladin
Elhokar,Teft,Words of Radiance,23,1,chapter_16,Kaladin
Elhokar,Tien,Words of Radiance,23,1,chapter_16,Kaladin
Elhokar,Zahel,Words of Radiance,23,1,chapter_16,Kaladin
Kaladin,Lopen,Words of Radiance,23,1,chapter_16,Kaladin
Kaladin,Moash,Words of Radiance,23,1,chapter_16,Kaladin
Kaladin,Navani,Words of Radiance,23,1,chapter_16,Kaladin
Kaladin,Renarin,Words of Radiance,23,1,chapter_16,Kaladin
Kaladin,Rock,Words of Radiance,23,1,chapter_16,Kaladin
Kaladin,Sadeas,Words of Radiance,23,1,chapter_16,Kaladin
Kaladin,Skar,Words of Radiance,23,1,chapter_16,Kaladin
Kaladin,Syl,Words of Radiance,23,1,chapter_16,Kaladin
Kaladin,Teft,Words of Radiance,23,1,chapter_16,Kaladin
Kaladin,Tien,Words of Radiance,23,1,chapter_16,Kaladin
Kaladin,Zahel,Words of Radiance,23,1,chapter_16,Kaladin
Lopen,Moash,Words of Radiance,23,1,chapter_16,Kaladin
Lopen,Navani,Words of Radiance,23,1,chapter_16,Kaladin
Lopen,Renarin,Words of Radiance,23,1,chapter_16,Kaladin
Lopen,Rock,Words of Radiance,23,1,chapter_16,Kaladin
Lopen,Sadeas,Words of Radiance,23,1,chapter_16,Kaladin
Lopen,Skar,Words of Radiance,23,1,chapter_16,Kaladin
Lopen,Syl,Words of Radiance,23,1,chapter_16,Kaladin
Lopen,Teft,Words of Radiance,23,1,chapter_16,Kaladin
Lopen,Tien,Words of Radiance,23,1,chapter_16,Kaladin
Lopen,Zahel,Words of Radiance,23,1,chapter_16,Kaladin
Moash,Navani,Words of Radiance,23,1,chapter_16,Kaladin
Moash,Renarin,Words of Radiance,23,1,chapter_16,Kaladin
Moash,Rock,Words of Radiance,23,1,chapter_16,Kaladin
Moash,Sadeas,Words of Radiance,23,1,chapter_16,Kaladin
Moash,Skar,Words of Radiance,23,1,chapter_16,Kaladin
Moash,Syl,Words of Radiance,23,1,chapter_16,Kaladin
Moash,Teft,Words of Radiance,23,1,chapter_16,Kaladin
Moash,Tien,Words of Radiance,23,1,chapter_16,Kaladin
Moash,Zahel,Words of Radiance,23,1,chapter_16,Kaladin
Navani,Renarin,Words of Radiance,23,1,chapter_16,Kaladin
Navani,Rock,Words of Radiance,23,1,chapter_16,Kaladin
Navani,Sadeas,Words of Radiance,23,1,chapter_16,Kaladin
Navani,Skar,Words of Radiance,23,1,chapter_16,Kaladin
Navani,Syl,Words of Radiance,23,1,chapter_16,Kaladin
Navani,Teft,Words of Radiance,23,1,chapter_16,Kaladin
Navani,Tien,Words of Radiance,23,1,chapter_16,Kaladin
Navani,Zahel,Words of Radiance,23,1,chapter_16,Kaladin
Renarin,Rock,Words of Radiance,23,1,chapter_16,Kaladin
Renarin,Sadeas,Words of Radiance,23,1,chapter_16,Kaladin
Renarin,Skar,Words of Radiance,23,1,chapter_16,Kaladin
Renarin,Syl,Words of Radiance,23,1,chapter_16,Kaladin
Renarin,Teft,Words of Radiance,23,1,chapter_16,Kaladin
Renarin,Tien,Words of Radiance,23,1,chapter_16,Kaladin
Renarin,Zahel,Words of Radiance,23,1,chapter_16,Kaladin
Rock,Sadeas,Words of Radiance,23,1,chapter_16,Kaladin
Rock,Skar,Words of Radiance,23,1,chapter_16,Kaladin
Rock,Syl,Words of Radiance,23,1,chapter_16,Kaladin
Rock,Teft,Words of Radiance,23,1,chapter_16,Kaladin
Rock,Tien,Words of Radiance,23,1,chapter_16,Kaladin
Rock,Zahel,Words of Radiance,23,1,chapter_16,Kaladin
Sadeas,Skar,Words of Radiance,23,1,chapter_16,Kaladin
Sadeas,Syl,Words of Radiance,23,1,chapter_16,Kaladin
Sadeas,Teft,Words of Radiance,23,1,chapter_16,Kaladin
Sadeas,Tien,Words of Radiance,23,1,chapter_16,Kaladin
Sadeas,Zahel,Words of Radiance,23,1,chapter_16,Kaladin
Skar,Syl,Words of Radiance,23,1,chapter_16,Kaladin
Skar,Teft,Words of Radiance,23,1,chapter_16,Kaladin
Skar,Tien,Words of Radiance,23,1,chapter_16,Kaladin
Skar,Zahel,Words of Radiance,23,1,chapter_16,Kaladin
Syl,Teft,Words of Radiance,23,1,chapter_16,Kaladin
Syl,Tien,Words of Radiance,23,1,chapter_16,Kaladin
Syl,Zahel,Words of Radiance,23,1,chapter_16,Kaladin
Teft,Tien,Words of Radiance,23,1,chapter_16,Kaladin
Teft,Zahel,Words of Radiance,23,1,chapter_16,Kaladin
Tien,Zahel,Words of Radiance,23,1,chapter_16,Kaladin
Jasnah,Pattern,Words of Radiance,24,1,chapter_17,Shallan
Jasnah,Shallan,Words of Radiance,24,1,chapter_17,Shallan
Pattern,Shallan,Words of Radiance,24,1,chapter_17,Shallan
Adolin,Amaram,Words of Radiance,25,1,chapter_18,Kaladin
Adolin,Dalinar,Words of Radiance,25,1,chapter_18,Kaladin
Adolin,Drehy,Words of Radiance,25,1,chapter_18,Kaladin
Adolin,Kaladin,Words of Radiance,25,1,chapter_18,Kaladin
Adolin,Lopen,Words of Radiance,25,1,chapter_18,Kaladin
Adolin,Moash,Words of Radiance,25,1,chapter_18,Kaladin
Adolin,Renarin,Words of Radiance,25,1,chapter_18,Kaladin
Adolin,Rock,Words of Radiance,25,1,chapter_18,Kaladin
Adolin,Sadeas,Words of Radiance,25,1,chapter_18,Kaladin
Adolin,Sigzil,Words of Radiance,25,1,chapter_18,Kaladin
Adolin,Skar,Words of Radiance,25,1,chapter_18,Kaladin
Adolin,Syl,Words of Radiance,25,1,chapter_18,Kaladin
Adolin,Teft,Words of Radiance,25,1,chapter_18,Kaladin
Adolin,Zahel,Words of Radiance,25,1,chapter_18,Kaladin
Amaram,Dalinar,Words of Radiance,25,1,chapter_18,Kaladin
Amaram,Drehy,Words of Radiance,25,1,chapter_18,Kaladin
Amaram,Kaladin,Words of Radiance,25,1,chapter_18,Kaladin
Amaram,Lopen,Words of Radiance,25,1,chapter_18,Kaladin
Amaram,Moash,Words of Radiance,25,1,chapter_18,Kaladin
Amaram,Renarin,Words of Radiance,25,1,chapter_18,Kaladin
Amaram,Rock,Words of Radiance,25,1,chapter_18,Kaladin
Amaram,Sadeas,Words of Radiance,25,1,chapter_18,Kaladin
Amaram,Sigzil,Words of Radiance,25,1,chapter_18,Kaladin
Amaram,Skar,Words of Radiance,25,1,chapter_18,Kaladin
Amaram,Syl,Words of Radiance,25,1,chapter_18,Kaladin
Amaram,Teft,Words of Radiance,25,1,chapter_18,Kaladin
Amaram,Zahel,Words of Radiance,25,1,chapter_18,Kaladin
Dalinar,Drehy,Words of Radiance,25,1,chapter_18,Kaladin
Dalinar,Kaladin,Words of Radiance,25,1,chapter_18,Kaladin
Dalinar,Lopen,Words of Radiance,25,1,chapter_18,Kaladin
Dalinar,Moash,Words of Radiance,25,1,chapter_18,Kaladin
Dalinar,Renarin,Words of Radiance,25,1,chapter_18,Kaladin
Dalinar,Rock,Words of Radiance,25,1,chapter_18,Kaladin
Dalinar,Sadeas,Words of Radiance,25,1,chapter_18,Kaladin
Dalinar,Sigzil,Words of Radiance,25,1,chapter_18,Kaladin
Dalinar,Skar,Words of Radiance,25,1,chapter_18,Kaladin
Dalinar,Syl,Words of Radiance,25,1,chapter_18,Kaladin
Dalinar,Teft,Words of Radiance,25,1,chapter_18,Kaladin
Dalinar,Zahel,Words of Radiance,25,1,chapter_18,Kaladin
Drehy,Kaladin,Words of Radiance,25,1,chapter_18,Kaladin
Drehy,Lopen,Words of Radiance,25,1,chapter_18,Kaladin
Drehy,Moash,Words of Radiance,25,1,chapter_18,Kaladin
Drehy,Renarin,Words of Radiance,25,1,chapter_18,Kaladin
Drehy,Rock,Words of Radiance,25,1,chapter_18,Kaladin
Drehy,Sadeas,Words of Radiance,25,1,chapter_18,Kaladin
Drehy,Sigzil,Words of Radiance,25,1,chapter_18,Kaladin
Drehy,Skar,Words of Radiance,25,1,chapter_18,Kaladin
Drehy,Syl,Words of Radiance,25,1,chapter_18,Kaladin
Drehy,Teft,Words of Radiance,25,1,chapter_18,Kaladin
Drehy,Zahel,Words of Radiance,25,1,chapter_18,Kaladin
Kaladin,Lopen,Words of Radiance,25,1,chapter_18,Kaladin
Kaladin,Moash,Words of Radiance,25,1,chapter_18,Kaladin
Kaladin,Renarin,Words of Radiance,25,1,chapter_18,Kaladin
Kaladin,Rock,Words of Radiance,25,1,chapter_18,Kaladin
Kaladin,Sadeas,Words of Radiance,25,1,chapter_18,Kaladin
Kaladin,Sigzil,Words of Radiance,25,1,chapter_18,Kaladin
Kaladin,Skar,Words of Radiance,25,1,chapter_18,Kaladin
Kaladin,Syl,Words of Radiance,25,1,chapter_18,Kaladin
Kaladin,Teft,Words of Radiance,25,1,chapter_18,Kaladin
Kaladin,Zahel,Words of Radiance,25,1,chapter_18,Kaladin
Lopen,Moash,Words of Radiance,25,1,chapter_18,Kaladin
Lopen,Renarin,Words of Radiance,25,1,chapter_18,Kaladin
Lopen,Rock,Words of Radiance,25,1,chapter_18,Kaladin
Lopen,Sadeas,Words of Radiance,25,1,chapter_18,Kaladin
Lopen,Sigzil,Words of Radiance,25,1,chapter_18,Kaladin
Lopen,Skar,Words of Radiance,25,1,chapter_18,Kaladin
Lopen,Syl,Words of Radiance,25,1,chapter_18,Kaladin
Lopen,Teft,Words of Radiance,25,1,chapter_18,Kaladin
Lopen,Zahel,Words of Radiance,25,1,chapter_18,Kaladin
Moash,Renarin,Words of Radiance,25,1,chapter_18,Kaladin
Moash,Rock,Words of Radiance,25,1,chapter_18,Kaladin
Moash,Sadeas,Words of Radiance,25,1,chapter_18,Kaladin
Moash,Sigzil,Words of Radiance,25,1,chapter_18,Kaladin
Moash,Skar,Words of Radiance,25,1,chapter_18,Kaladin
Moash,Syl,Words of Radiance,25,1,chapter_18,Kaladin
Moash,Teft,Words of Radiance,25,1,chapter_18,Kaladin
Moash,Zahel,Words of Radiance,25,1,chapter_18,Kaladin
Renarin,Rock,Words of Radiance,25,1,chapter_18,Kaladin
Renarin,Sadeas,Words of Radiance,25,1,chapter_18,Kaladin
Renarin,Sigzil,Words of Radiance,25,1,chapter_18,Kaladin
Renarin,Skar,Words of Radiance,25,1,chapter_18,Kaladin
Renarin,Syl,Words of Radiance,25,1,chapter_18,Kaladin
Renarin,Teft,Words of Radiance,25,1,chapter_18,Kaladin
Renarin,Zahel,Words of Radiance,25,1,chapter_18,Kaladin
Rock,Sadeas,Words of Radiance,25,1,chapter_18,Kaladin
Rock,Sigzil,Words of Radiance,25,1,chapter_18,Kaladin
Rock,Skar,Words of Radiance,25,1,chapter_18,Kaladin
Rock,Syl,Words of Radiance,25,1,chapter_18,Kaladin
Rock,Teft,Words of Radiance,25,1,chapter_18,Kaladin
Rock,Zahel,Words of Radiance,25,1,chapter_18,Kaladin
Sadeas,Sigzil,Words of Radiance,25,1,chapter_18,Kaladin
Sadeas,Skar,Words of Radiance,25,1,chapter_18,Kaladin
Sadeas,Syl,Words of Radiance,25,1,chapter_18,Kaladin
Sadeas,Teft,Words of Radiance,25,1,chapter_18,Kaladin
Sadeas,Zahel,Words of Radiance,25,1,chapter_18,Kaladin
Sigzil,Skar,Words of Radiance,25,1,chapter_18,Kaladin
Sigzil,Syl,Words of Radiance,25,1,chapter_18,Kaladin
Sigzil,Teft,Words of Radiance,25,1,chapter_18,Kaladin
Sigzil,Zahel,Words of Radiance,25,1,chapter_18,Kaladin
Skar,Syl,Words of Radiance,25,1,chapter_18,Kaladin
Skar,Teft,Words of Radiance,25,1,chapter_18,Kaladin
Skar,Zahel,Words of Radiance,25,1,chapter_18,Kaladin
Syl,Teft,Words of Radiance,25,1,chapter_18,Kaladin
Syl,Zahel,Words of Radiance,25,1,chapter_18,Kaladin
Teft,Zahel,Words of Radiance,25,1,chapter_18,Kaladin
Balat,Helaran,Words of Radiance,26,1,chapter_19,Shallan
Balat,Nan,Words of Radiance,26,1,chapter_19,Shallan
Balat,Shallan,Words of Radiance,26,1,chapter_19,Shallan
Helaran,Nan,Words of Radiance,26,1,chapter_19,Shallan
Helaran,Shallan,Words of Radiance,26,1,chapter_19,Shallan
Nan,Shallan,Words of Radiance,26,1,chapter_19,Shallan
Gaz,Kalak,Words of Radiance,27,1,chapter_20,Shallan
Gaz,Pattern,Words of Radiance,27,1,chapter_20,Shallan
Gaz,Shallan,Words of Radiance,27,1,chapter_20,Shallan
Gaz,Vathah,Words of Radiance,27,1,chapter_20,Shallan
Kalak,Pattern,Words of Radiance,27,1,chapter_20,Shallan
Kalak,Shallan,Words of Radiance,27,1,chapter_20,Shallan
Kalak,Vathah,Words of Radiance,27,1,chapter_20,Shallan
Pattern,Shallan,Words of Radiance,27,1,chapter_20,Shallan
Pattern,Vathah,Words of Radiance,27,1,chapter_20,Shallan
Shallan,Vathah,Words of Radiance,27,1,chapter_20,Shallan
Pattern,Shallan,Words of Radiance,28,1,chapter_21,Shallan
Pattern,Tyn,Words of Radiance,28,1,chapter_21,Shallan
Pattern,Vathah,Words of Radiance,28,1,chapter_21,Shallan
Shallan,Tyn,Words of Radiance,28,1,chapter_21,Shallan
Shallan,Vathah,Words of Radiance,28,1,chapter_21,Shallan
Tyn,Vathah,Words of Radiance,28,1,chapter_21,Shallan
Adolin,Amaram,Words of Radiance,29,1,chapter_22,Kaladin
Adolin,Bisig,Words of Radiance,29,1,chapter_22,Kaladin
Adolin,Dalinar,Words of Radiance,29,1,chapter_22,Kaladin
Adolin,Elhokar,Words of Radiance,29,1,chapter_22,Kaladin
Adolin,Kaladin,Words of Radiance,29,1,chapter_22,Kaladin
Adolin,Leyten,Words of Radiance,29,1,chapter_22,Kaladin
Adolin,Lopen,Words of Radiance,29,1,chapter_22,Kaladin
Adolin,Mart,Words of Radiance,29,1,chapter_22,Kaladin
Adolin,Moash,Words of Radiance,29,1,chapter_22,Kaladin
Adolin,Natam,Words of Radiance,29,1,chapter_22,Kaladin
Adolin,Navani,Words of Radiance,29,1,chapter_22,Kaladin
Adolin,Renarin,Words of Radiance,29,1,chapter_22,Kaladin
Adolin,Rock,Words of Radiance,29,1,chapter_22,Kaladin
Adolin,Roion,Words of Radiance,29,1,chapter_22,Kaladin
Adolin,Sadeas,Words of Radiance,29,1,chapter_22,Kaladin
Adolin,Skar,Words of Radiance,29,1,chapter_22,Kaladin
Adolin,Syl,Words of Radiance,29,1,chapter_22,Kaladin
Adolin,Teft,Words of Radiance,29,1,chapter_22,Kaladin
Amaram,Bisig,Words of Radiance,29,1,chapter_22,Kaladin
Amaram,Dalinar,Words of Radiance,29,1,chapter_22,Kaladin
Amaram,Elhokar,Words of Radiance,29,1,chapter_22,Kaladin
Amaram,Kaladin,Words of Radiance,29,1,chapter_22,Kaladin
Amaram,Leyten,Words of Radiance,29,1,chapter_22,Kaladin
Amaram,Lopen,Words of Radiance,29,1,chapter_22,Kaladin
Amaram,Mart,Words of Radiance,29,1,chapter_22,Kaladin
Amaram,Moash,Words of Radiance,29,1,chapter_22,Kaladin
Amaram,Natam,Words of Radiance,29,1,chapter_22,Kaladin
Amaram,Navani,Words of Radiance,29,1,chapter_22,Kaladin
Amaram,Renarin,Words of Radiance,29,1,chapter_22,Kaladin
Amaram,Rock,Words of Radiance,29,1,chapter_22,Kaladin
Amaram,Roion,Words of Radiance,29,1,chapter_22,Kaladin
Amaram,Sadeas,Words of Radiance,29,1,chapter_22,Kaladin
Amaram,Skar,Words of Radiance,29,1,chapter_22,Kaladin
Amaram,Syl,Words of Radiance,29,1,chapter_22,Kaladin
Amaram,Teft,Words of Radiance,29,1,chapter_22,Kaladin
Bisig,Dalinar,Words of Radiance,29,1,chapter_22,Kaladin
Bisig,Elhokar,Words of Radiance,29,1,chapter_22,Kaladin
Bisig,Kaladin,Words of Radiance,29,1,chapter_22,Kaladin
Bisig,Leyten,Words of Radiance,29,1,chapter_22,Kaladin
Bisig,Lopen,Words of Radiance,29,1,chapter_22,Kaladin
Bisig,Mart,Words of Radiance,29,1,chapter_22,Kaladin
Bisig,Moash,Words of Radiance,29,1,chapter_22,Kaladin
Bisig,Natam,Words of Radiance,29,1,chapter_22,Kaladin
Bisig,Navani,Words of Radiance,29,1,chapter_22,Kaladin
Bisig,Renarin,Words of Radiance,29,1,chapter_22,Kaladin
Bisig,Rock,Words of Radiance,29,1,chapter_22,Kaladin
Bisig,Roion,Words of Radiance,29,1,chapter_22,Kaladin
Bisig,Sadeas,Words of Radiance,29,1,chapter_22,Kaladin
Bisig,Skar,Words of Radiance,29,1,chapter_22,Kaladin
Bisig,Syl,Words of Radiance,29,1,chapter_22,Kaladin
Bisig,Teft,Words of Radiance,29,1,chapter_22,Kaladin
Dalinar,Elhokar,Words of Radiance,29,1,chapter_22,Kaladin
Dalinar,Kaladin,Words of Radiance,29,1,chapter_22,Kaladin
Dalinar,Leyten,Words of Radiance,29,1,chapter_22,Kaladin
Dalinar,Lopen,Words of Radiance,29,1,chapter_22,Kaladin
Dalinar,Mart,Words of Radiance,29,1,chapter_22,Kaladin
Dalinar,Moash,Words of Radiance,29,1,chapter_22,Kaladin
Dalinar,Natam,Words of Radiance,29,1,chapter_22,Kaladin
Dalinar,Navani,Words of Radiance,29,1,chapter_22,Kaladin
Dalinar,Renarin,Words of Radiance,29,1,chapter_22,Kaladin
Dalinar,Rock,Words of Radiance,29,1,chapter_22,Kaladin
Dalinar,Roion,Words of Radiance,29,1,chapter_22,Kaladin
Dalinar,Sadeas,Words of Radiance,29,1,chapter_22,Kaladin
Dalinar,Skar,Words of Radiance,29,1,chapter_22,Kaladin
Dalinar,Syl,Words of Radiance,29,1,chapter_22,Kaladin
Dalinar,Teft,Words of Radiance,29,1,chapter_22,Kaladin
Elhokar,Kaladin,Words of Radiance,29,1,chapter_22,Kaladin
Elhokar,Leyten,Words of Radiance,29,1,chapter_22,Kaladin
Elhokar,Lopen,Words of Radiance,29,1,chapter_22,Kaladin
Elhokar,Mart,Words of Radiance,29,1,chapter_22,Kaladin
Elhokar,Moash,Words of Radiance,29,1,chapter_22,Kaladin
Elhokar,Natam,Words of Radiance,29,1,chapter_22,Kaladin
Elhokar,Navani,Words of Radiance,29,1,chapter_22,Kaladin
Elhokar,Renarin,Words of Radiance,29,1,chapter_22,Kaladin
Elhokar,Rock,Words of Radiance,29,1,chapter_22,Kaladin
Elhokar,Roion,Words of Radiance,29,1,chapter_22,Kaladin
Elhokar,Sadeas,Words of Radiance,29,1,chapter_22,Kaladin
Elhokar,Skar,Words of Radiance,29,1,chapter_22,Kaladin
Elhokar,Syl,Words of Radiance,29,1,chapter_22,Kaladin
Elhokar,Teft,Words of Radiance,29,1,chapter_22,Kaladin
Kaladin,Leyten,Words of Radiance,29,1,chapter_22,Kaladin
Kaladin,Lopen,Words of Radiance,29,1,chapter_22,Kaladin
Kaladin,Mart,Words of Radiance,29,1,chapter_22,Kaladin
Kaladin,Moash,Words of Radiance,29,1,chapter_22,Kaladin
Kaladin,Natam,Words of Radiance,29,1,chapter_22,Kaladin
Kaladin,Navani,Words of Radiance,29,1,chapter_22,Kaladin
Kaladin,Renarin,Words of Radiance,29,1,chapter_22,Kaladin
Kaladin,Rock,Words of Radiance,29,1,chapter_22,Kaladin
Kaladin,Roion,Words of Radiance,29,1,chapter_22,Kaladin
Kaladin,Sadeas,Words of Radiance,29,1,chapter_22,Kaladin
Kaladin,Skar,Words of Radiance,29,1,chapter_22,Kaladin
Kaladin,Syl,Words of Radiance,29,1,chapter_22,Kaladin
Kaladin,Teft,Words of Radiance,29,1,chapter_22,Kaladin
Leyten,Lopen,Words of Radiance,29,1,chapter_22,Kaladin
Leyten,Mart,Words of Radiance,29,1,chapter_22,Kaladin
Leyten,Moash,Words of Radiance,29,1,chapter_22,Kaladin
Leyten,Natam,Words of Radiance,29,1,chapter_22,Kaladin
Leyten,Navani,Words of Radiance,29,1,chapter_22,Kaladin
Leyten,Renarin,Words of Radiance,29,1,chapter_22,Kaladin
Leyten,Rock,Words of Radiance,29,1,chapter_22,Kaladin
Leyten,Roion,Words of Radiance,29,1,chapter_22,Kaladin
Leyten,Sadeas,Words of Radiance,29,1,chapter_22,Kaladin
Leyten,Skar,Words of Radiance,29,1,chapter_22,Kaladin
Leyten,Syl,Words of Radiance,29,1,chapter_22,Kaladin
Leyten,Teft,Words of Radiance,29,1,chapter_22,Kaladin
Lopen,Mart,Words of Radiance,29,1,chapter_22,Kaladin
Lopen,Moash,Words of Radiance,29,1,chapter_22,Kaladin
Lopen,Natam,Words of Radiance,29,1,chapter_22,Kaladin
Lopen,Navani,Words of Radiance,29,1,chapter_22,Kaladin
Lopen,Renarin,Words of Radiance,29,1,chapter_22,Kaladin
Lopen,Rock,Words of Radiance,29,1,chapter_22,Kaladin
Lopen,Roion,Words of Radiance,29,1,chapter_22,Kaladin
Lopen,Sadeas,Words of Radiance,29,1,chapter_22,Kaladin
Lopen,Skar,Words of Radiance,29,1,chapter_22,Kaladin
Lopen,Syl,Words of Radiance,29,1,chapter_22,Kaladin
Lopen,Teft,Words of Radiance,29,1,chapter_22,Kaladin
Mart,Moash,Words of Radiance,29,1,chapter_22,Kaladin
Mart,Natam,Words of Radiance,29,1,chapter_22,Kaladin
Mart,Navani,Words of Radiance,29,1,chapter_22,Kaladin
Mart,Renarin,Words of Radiance,29,1,chapter_22,Kaladin
Mart,Rock,Words of Radiance,29,1,chapter_22,Kaladin
Mart,Roion,Words of Radiance,29,1,chapter_22,Kaladin
Mart,Sadeas,Words of Radiance,29,1,chapter_22,Kaladin
Mart,Skar,Words of Radiance,29,1,chapter_22,Kaladin
Mart,Syl,Words of Radiance,29,1,chapter_22,Kaladin
Mart,Teft,Words of Radiance,29,1,chapter_22,Kaladin
Moash,Natam,Words of Radiance,29,1,chapter_22,Kaladin
Moash,Navani,Words of Radiance,29,1,chapter_22,Kaladin
Moash,Renarin,Words of Radiance,29,1,chapter_22,Kaladin
Moash,Rock,Words of Radiance,29,1,chapter_22,Kaladin
Moash,Roion,Words of Radiance,29,1,chapter_22,Kaladin
Moash,Sadeas,Words of Radiance,29,1,chapter_22,Kaladin
Moash,Skar,Words of Radiance,29,1,chapter_22,Kaladin
Moash,Syl,Words of Radiance,29,1,chapter_22,Kaladin
Moash,Teft,Words of Radiance,29,1,chapter_22,Kaladin
Natam,Navani,Words of Radiance,29,1,chapter_22,Kaladin
Natam,Renarin,Words of Radiance,29,1,chapter_22,Kaladin
Natam,Rock,Words of Radiance,29,1,chapter_22,Kaladin
Natam,Roion,Words of Radiance,29,1,chapter_22,Kaladin
Natam,Sadeas,Words of Radiance,29,1,chapter_22,Kaladin
Natam,Skar,Words of Radiance,29,1,chapter_22,Kaladin
Natam,Syl,Words of Radiance,29,1,chapter_22,Kaladin
Natam,Teft,Words of Radiance,29,1,chapter_22,Kaladin
Navani,Renarin,Words of Radiance,29,1,chapter_22,Kaladin
Navani,Rock,Words of Radiance,29,1,chapter_22,Kaladin
Navani,Roion,Words of Radiance,29,1,chapter_22,Kaladin
Navani,Sadeas,Words of Radiance,29,1,chapter_22,Kaladin
Navani,Skar,Words of Radiance,29,1,chapter_22,Kaladin
Navani,Syl,Words of Radiance,29,1,chapter_22,Kaladin
Navani,Teft,Words of Radiance,29,1,chapter_22,Kaladin
Renarin,Rock,Words of Radiance,29,1,chapter_22,Kaladin
Renarin,Roion,Words of Radiance,29,1,chapter_22,Kaladin
Renarin,Sadeas,Words of Radiance,29,1,chapter_22,Kaladin
Renarin,Skar,Words of Radiance,29,1,chapter_22,Kaladin
Renarin,Syl,Words of Radiance,29,1,chapter_22,Kaladin
Renarin,Teft,Words of Radiance,29,1,chapter_22,Kaladin
Rock,Roion,Words of Radiance,29,1,chapter_22,Kaladin
Rock,Sadeas,Words of Radiance,29,1,chapter_22,Kaladin
Rock,Skar,Words of Radiance,29,1,chapter_22,Kaladin
Rock,Syl,Words of Radiance,29,1,chapter_22,Kaladin
Rock,Teft,Words of Radiance,29,1,chapter_22,Kaladin
Roion,Sadeas,Words of Radiance,29,1,chapter_22,Kaladin
Roion,Skar,Words of Radiance,29,1,chapter_22,Kaladin
Roion,Syl,Words of Radiance,29,1,chapter_22,Kaladin
Roion,Teft,Words of Radiance,29,1,chapter_22,Kaladin
Sadeas,Skar,Words of Radiance,29,1,chapter_22,Kaladin
Sadeas,Syl,Words of Radiance,29,1,chapter_22,Kaladin
Sadeas,Teft,Words of Radiance,29,1,chapter_22,Kaladin
Skar,Syl,Words of Radiance,29,1,chapter_22,Kaladin
Skar,Teft,Words of Radiance,29,1,chapter_22,Kaladin
Syl,Teft,Words of Radiance,29,1,chapter_22,Kaladin
Dalinar,Elhokar,Words of Radiance,30,1,chapter_23,Kaladin
Dalinar,Kaladin,Words of Radiance,30,1,chapter_23,Kaladin
Dalinar,Leyten,Words of Radiance,30,1,chapter_23,Kaladin
Dalinar,Moash,Words of Radiance,30,1,chapter_23,Kaladin
Dalinar,Navani,Words of Radiance,30,1,chapter_23,Kaladin
Dalinar,Sadeas,Words of Radiance,30,1,chapter_23,Kaladin
Dalinar,Syl,Words of Radiance,30,1,chapter_23,Kaladin
Elhokar,Kaladin,Words of Radiance,30,1,chapter_23,Kaladin
Elhokar,Leyten,Words of Radiance,30,1,chapter_23,Kaladin
Elhokar,Moash,Words of Radiance,30,1,chapter_23,Kaladin
Elhokar,Navani,Words of Radiance,30,1,chapter_23,Kaladin
Elhokar,Sadeas,Words of Radiance,30,1,chapter_23,Kaladin
Elhokar,Syl,Words of Radiance,30,1,chapter_23,Kaladin
Kaladin,Leyten,Words of Radiance,30,1,chapter_23,Kaladin
Kaladin,Moash,Words of Radiance,30,1,chapter_23,Kaladin
Kaladin,Navani,Words of Radiance,30,1,chapter_23,Kaladin
Kaladin,Sadeas,Words of Radiance,30,1,chapter_23,Kaladin
Kaladin,Syl,Words of Radiance,30,1,chapter_23,Kaladin
Leyten,Moash,Words of Radiance,30,1,chapter_23,Kaladin
Leyten,Navani,Words of Radiance,30,1,chapter_23,Kaladin
Leyten,Sadeas,Words of Radiance,30,1,chapter_23,Kaladin
Leyten,Syl,Words of Radiance,30,1,chapter_23,Kaladin
Moash,Navani,Words of Radiance,30,1,chapter_23,Kaladin
Moash,Sadeas,Words of Radiance,30,1,chapter_23,Kaladin
Moash,Syl,Words of Radiance,30,1,chapter_23,Kaladin
Navani,Sadeas,Words of Radiance,30,1,chapter_23,Kaladin
Navani,Syl,Words of Radiance,30,1,chapter_23,Kaladin
Sadeas,Syl,Words of Radiance,30,1,chapter_23,Kaladin
Adolin,Aladar,Words of Radiance,31,1,chapter_24,Shallan
Adolin,Bethab,Words of Radiance,31,1,chapter_24,Shallan
Adolin,Dalinar,Words of Radiance,31,1,chapter_24,Shallan
Adolin,Gaz,Words of Radiance,31,1,chapter_24,Shallan
Adolin,Hatham,Words of Radiance,31,1,chapter_24,Shallan
Adolin,Jasnah,Words of Radiance,31,1,chapter_24,Shallan
Adolin,Navani,Words of Radiance,31,1,chapter_24,Shallan
Adolin,Pattern,Words of Radiance,31,1,chapter_24,Shallan
Adolin,Sadeas,Words of Radiance,31,1,chapter_24,Shallan
Adolin,Sebarial,Words of Radiance,31,1,chapter_24,Shallan
Adolin,Shallan,Words of Radiance,31,1,chapter_24,Shallan
Adolin,Thanadal,Words of Radiance,31,1,chapter_24,Shallan
Adolin,Tyn,Words of Radiance,31,1,chapter_24,Shallan
Adolin,Vamah,Words of Radiance,31,1,chapter_24,Shallan
Adolin,Vathah,Words of Radiance,31,1,chapter_24,Shallan
Aladar,Bethab,Words of Radiance,31,1,chapter_24,Shallan
Aladar,Dalinar,Words of Radiance,31,1,chapter_24,Shallan
Aladar,Gaz,Words of Radiance,31,1,chapter_24,Shallan
Aladar,Hatham,Words of Radiance,31,1,chapter_24,Shallan
Aladar,Jasnah,Words of Radiance,31,1,chapter_24,Shallan
Aladar,Navani,Words of Radiance,31,1,chapter_24,Shallan
Aladar,Pattern,Words of Radiance,31,1,chapter_24,Shallan
Aladar,Sadeas,Words of Radiance,31,1,chapter_24,Shallan
Aladar,Sebarial,Words of Radiance,31,1,chapter_24,Shallan
Aladar,Shallan,Words of Radiance,31,1,chapter_24,Shallan
Aladar,Thanadal,Words of Radiance,31,1,chapter_24,Shallan
Aladar,Tyn,Words of Radiance,31,1,chapter_24,Shallan
Aladar,Vamah,Words of Radiance,31,1,chapter_24,Shallan
Aladar,Vathah,Words of Radiance,31,1,chapter_24,Shallan
Bethab,Dalinar,Words of Radiance,31,1,chapter_24,Shallan
Bethab,Gaz,Words of Radiance,31,1,chapter_24,Shallan
Bethab,Hatham,Words of Radiance,31,1,chapter_24,Shallan
Bethab,Jasnah,Words of Radiance,31,1,chapter_24,Shallan
Bethab,Navani,Words of Radiance,31,1,chapter_24,Shallan
Bethab,Pattern,Words of Radiance,31,1,chapter_24,Shallan
Bethab,Sadeas,Words of Radiance,31,1,chapter_24,Shallan
Bethab,Sebarial,Words of Radiance,31,1,chapter_24,Shallan
Bethab,Shallan,Words of Radiance,31,1,chapter_24,Shallan
Bethab,Thanadal,Words of Radiance,31,1,chapter_24,Shallan
Bethab,Tyn,Words of Radiance,31,1,chapter_24,Shallan
Bethab,Vamah,Words of Radiance,31,1,chapter_24,Shallan
Bethab,Vathah,Words of Radiance,31,1,chapter_24,Shallan
Dalinar,Gaz,Words of Radiance,31,1,chapter_24,Shallan
Dalinar,Hatham,Words of Radiance,31,1,chapter_24,Shallan
Dalinar,Jasnah,Words of Radiance,31,1,chapter_24,Shallan
Dalinar,Navani,Words of Radiance,31,1,chapter_24,Shallan
Dalinar,Pattern,Words of Radiance,31,1,chapter_24,Shallan
Dalinar,Sadeas,Words of Radiance,31,1,chapter_24,Shallan
Dalinar,Sebarial,Words of Radiance,31,1,chapter_24,Shallan
Dalinar,Shallan,Words of Radiance,31,1,chapter_24,Shallan
Dalinar,Thanadal,Words of Radiance,31,1,chapter_24,Shallan
Dalinar,Tyn,Words of Radiance,31,1,chapter_24,Shallan
Dalinar,Vamah,Words of Radiance,31,1,chapter_24,Shallan
Dalinar,Vathah,Words of Radiance,31,1,chapter_24,Shallan
Gaz,Hatham,Words of Radiance,31,1,chapter_24,Shallan
Gaz,Jasnah,Words of Radiance,31,1,chapter_24,Shallan
Gaz,Navani,Words of Radiance,31,1,chapter_24,Shallan
Gaz,Pattern,Words of Radiance,31,1,chapter_24,Shallan
Gaz,Sadeas,Words of Radiance,31,1,chapter_24,Shallan
Gaz,Sebarial,Words of Radiance,31,1,chapter_24,Shallan
Gaz,Shallan,Words of Radiance,31,1,chapter_24,Shallan
Gaz,Thanadal,Words of Radiance,31,1,chapter_24,Shallan
Gaz,Tyn,Words of Radiance,31,1,chapter_24,Shallan
Gaz,Vamah,Words of Radiance,31,1,chapter_24,Shallan
Gaz,Vathah,Words of Radiance,31,1,chapter_24,Shallan
Hatham,Jasnah,Words of Radiance,31,1,chapter_24,Shallan
Hatham,Navani,Words of Radiance,31,1,chapter_24,Shallan
Hatham,Pattern,Words of Radiance,31,1,chapter_24,Shallan
Hatham,Sadeas,Words of Radiance,31,1,chapter_24,Shallan
Hatham,Sebarial,Words of Radiance,31,1,chapter_24,Shallan
Hatham,Shallan,Words of Radiance,31,1,chapter_24,Shallan
Hatham,Thanadal,Words of Radiance,31,1,chapter_24,Shallan
Hatham,Tyn,Words of Radiance,31,1,chapter_24,Shallan
Hatham,Vamah,Words of Radiance,31,1,chapter_24,Shallan
Hatham,Vathah,Words of Radiance,31,1,chapter_24,Shallan
Jasnah,Navani,Words of Radiance,31,1,chapter_24,Shallan
Jasnah,Pattern,Words of Radiance,31,1,chapter_24,Shallan
Jasnah,Sadeas,Words of Radiance,31,1,chapter_24,Shallan
Jasnah,Sebarial,Words of Radiance,31,1,chapter_24,Shallan
Jasnah,Shallan,Words of Radiance,31,1,chapter_24,Shallan
Jasnah,Thanadal,Words of Radiance,31,1,chapter_24,Shallan
Jasnah,Tyn,Words of Radiance,31,1,chapter_24,Shallan
Jasnah,Vamah,Words of Radiance,31,1,chapter_24,Shallan
Jasnah,Vathah,Words of Radiance,31,1,chapter_24,Shallan
Navani,Pattern,Words of Radiance,31,1,chapter_24,Shallan
Navani,Sadeas,Words of Radiance,31,1,chapter_24,Shallan
Navani,Sebarial,Words of Radiance,31,1,chapter_24,Shallan
Navani,Shallan,Words of Radiance,31,1,chapter_24,Shallan
Navani,Thanadal,Words of Radiance,31,1,chapter_24,Shallan
Navani,Tyn,Words of Radiance,31,1,chapter_24,Shallan
Navani,Vamah,Words of Radiance,31,1,chapter_24,Shallan
Navani,Vathah,Words of Radiance,31,1,chapter_24,Shallan
Pattern,Sadeas,Words of Radiance,31,1,chapter_24,Shallan
Pattern,Sebarial,Words of Radiance,31,1,chapter_24,Shallan
Pattern,Shallan,Words of Radiance,31,1,chapter_24,Shallan
Pattern,Thanadal,Words of Radiance,31,1,chapter_24,Shallan
Pattern,Tyn,Words of Radiance,31,1,chapter_24,Shallan
Pattern,Vamah,Words of Radiance,31,1,chapter_24,Shallan
Pattern,Vathah,Words of Radiance,31,1,chapter_24,Shallan
Sadeas,Sebarial,Words of Radiance,31,1,chapter_24,Shallan
Sadeas,Shallan,Words of Radiance,31,1,chapter_24,Shallan
Sadeas,Thanadal,Words of Radiance,31,1,chapter_24,Shallan
Sadeas,Tyn,Words of Radiance,31,1,chapter_24,Shallan
Sadeas,Vamah,Words of Radiance,31,1,chapter_24,Shallan
Sadeas,Vathah,Words of Radiance,31,1,chapter_24,Shallan
Sebarial,Shallan,Words of Radiance,31,1,chapter_24,Shallan
Sebarial,Thanadal,Words of Radiance,31,1,chapter_24,Shallan
Sebarial,Tyn,Words of Radiance,31,1,chapter_24,Shallan
Sebarial,Vamah,Words of Radiance,31,1,chapter_24,Shallan
Sebarial,Vathah,Words of Radiance,31,1,chapter_24,Shallan
Shallan,Thanadal,Words of Radiance,31,1,chapter_24,Shallan
Shallan,Tyn,Words of Radiance,31,1,chapter_24,Shallan
Shallan,Vamah,Words of Radiance,31,1,chapter_24,Shallan
Shallan,Vathah,Words of Radiance,31,1,chapter_24,Shallan
Thanadal,Tyn,Words of Radiance,31,1,chapter_24,Shallan
Thanadal,Vamah,Words of Radiance,31,1,chapter_24,Shallan
Thanadal,Vathah,Words of Radiance,31,1,chapter_24,Shallan
Tyn,Vamah,Words of Radiance,31,1,chapter_24,Shallan
Tyn,Vathah,Words of Radiance,31,1,chapter_24,Shallan
Vamah,Vathah,Words of Radiance,31,1,chapter_24,Shallan
Adolin,Amaram,Words of Radiance,32,1,chapter_25,Kaladin
Adolin,Dalinar,Words of Radiance,32,1,chapter_25,Kaladin
Adolin,Kaladin,Words of Radiance,32,1,chapter_25,Kaladin
Adolin,Moash,Words of Radiance,32,1,chapter_25,Kaladin
Adolin,Natam,Words of Radiance,32,1,chapter_25,Kaladin
Adolin,Renarin,Words of Radiance,32,1,chapter_25,Kaladin
Adolin,Syl,Words of Radiance,32,1,chapter_25,Kaladin
Adolin,Zahel,Words of Radiance,32,1,chapter_25,Kaladin
Amaram,Dalinar,Words of Radiance,32,1,chapter_25,Kaladin
Amaram,Kaladin,Words of Radiance,32,1,chapter_25,Kaladin
Amaram,Moash,Words of Radiance,32,1,chapter_25,Kaladin
Amaram,Natam,Words of Radiance,32,1,chapter_25,Kaladin
Amaram,Renarin,Words of Radiance,32,1,chapter_25,Kaladin
Amaram,Syl,Words of Radiance,32,1,chapter_25,Kaladin
Amaram,Zahel,Words of Radiance,32,1,chapter_25,Kaladin
Dalinar,Kaladin,Words of Radiance,32,1,chapter_25,Kaladin
Dalinar,Moash,Words of Radiance,32,1,chapter_25,Kaladin
Dalinar,Natam,Words of Radiance,32,1,chapter_25,Kaladin
Dalinar,Renarin,Words of Radiance,32,1,chapter_25,Kaladin
Dalinar,Syl,Words of Radiance,32,1,chapter_25,Kaladin
Dalinar,Zahel,Words of Radiance,32,1,chapter_25,Kaladin
Kaladin,Moash,Words of Radiance,32,1,chapter_25,Kaladin
Kaladin,Natam,Words of Radiance,32,1,chapter_25,Kaladin
Kaladin,Renarin,Words of Radiance,32,1,chapter_25,Kaladin
Kaladin,Syl,Words of Radiance,32,1,chapter_25,Kaladin
Kaladin,Zahel,Words of Radiance,32,1,chapter_25,Kaladin
Moash,Natam,Words of Radiance,32,1,chapter_25,Kaladin
Moash,Renarin,Words of Radiance,32,1,chapter_25,Kaladin
Moash,Syl,Words of Radiance,32,1,chapter_25,Kaladin
Moash,Zahel,Words of Radiance,32,1,chapter_25,Kaladin
Natam,Renarin,Words of Radiance,32,1,chapter_25,Kaladin
Natam,Syl,Words of Radiance,32,1,chapter_25,Kaladin
Natam,Zahel,Words of Radiance,32,1,chapter_25,Kaladin
Renarin,Syl,Words of Radiance,32,1,chapter_25,Kaladin
Renarin,Zahel,Words of Radiance,32,1,chapter_25,Kaladin
Syl,Zahel,Words of Radiance,32,1,chapter_25,Kaladin
Adolin,Dalinar,Words of Radiance,33,1,chapter_26,Adolin
Adolin,Jakamav,Words of Radiance,33,1,chapter_26,Adolin
Adolin,Renarin,Words of Radiance,33,1,chapter_26,Adolin
Adolin,Roion,Words of Radiance,33,1,chapter_26,Adolin
Adolin,Sadeas,Words of Radiance,33,1,chapter_26,Adolin
Dalinar,Jakamav,Words of Radiance,33,1,chapter_26,Adolin
Dalinar,Renarin,Words of Radiance,33,1,chapter_26,Adolin
Dalinar,Roion,Words of Radiance,33,1,chapter_26,Adolin
Dalinar,Sadeas,Words of Radiance,33,1,chapter_26,Adolin
Jakamav,Renarin,Words of Radiance,33,1,chapter_26,Adolin
Jakamav,Roion,Words of Radiance,33,1,chapter_26,Adolin
Jakamav,Sadeas,Words of Radiance,33,1,chapter_26,Adolin
Renarin,Roion,Words of Radiance,33,1,chapter_26,Adolin
Renarin,Sadeas,Words of Radiance,33,1,chapter_26,Adolin
Roion,Sadeas,Words of Radiance,33,1,chapter_26,Adolin
Adolin,Jakamav,Words of Radiance,33,2,chapter_26,Adolin
Adolin,Jasnah,Words of Radiance,33,2,chapter_26,Adolin
Adolin,Navani,Words of Radiance,33,2,chapter_26,Adolin
Adolin,Renarin,Words of Radiance,33,2,chapter_26,Adolin
Adolin,Roion,Words of Radiance,33,2,chapter_26,Adolin
Adolin,Ruthar,Words of Radiance,33,2,chapter_26,Adolin
Adolin,Sadeas,Words of Radiance,33,2,chapter_26,Adolin
Adolin,Zahel,Words of Radiance,33,2,chapter_26,Adolin
Jakamav,Jasnah,Words of Radiance,33,2,chapter_26,Adolin
Jakamav,Navani,Words of Radiance,33,2,chapter_26,Adolin
Jakamav,Renarin,Words of Radiance,33,2,chapter_26,Adolin
Jakamav,Roion,Words of Radiance,33,2,chapter_26,Adolin
Jakamav,Ruthar,Words of Radiance,33,2,chapter_26,Adolin
Jakamav,Sadeas,Words of Radiance,33,2,chapter_26,Adolin
Jakamav,Zahel,Words of Radiance,33,2,chapter_26,Adolin
Jasnah,Navani,Words of Radiance,33,2,chapter_26,Adolin
Jasnah,Renarin,Words of Radiance,33,2,chapter_26,Adolin
Jasnah,Roion,Words of Radiance,33,2,chapter_26,Adolin
Jasnah,Ruthar,Words of Radiance,33,2,chapter_26,Adolin
Jasnah,Sadeas,Words of Radiance,33,2,chapter_26,Adolin
Jasnah,Zahel,Words of Radiance,33,2,chapter_26,Adolin
Navani,Renarin,Words of Radiance,33,2,chapter_26,Adolin
Navani,Roion,Words of Radiance,33,2,chapter_26,Adolin
Navani,Ruthar,Words of Radiance,33,2,chapter_26,Adolin
Navani,Sadeas,Words of Radiance,33,2,chapter_26,Adolin
Navani,Zahel,Words of Radiance,33,2,chapter_26,Adolin
Renarin,Roion,Words of Radiance,33,2,chapter_26,Adolin
Renarin,Ruthar,Words of Radiance,33,2,chapter_26,Adolin
Renarin,Sadeas,Words of Radiance,33,2,chapter_26,Adolin
Renarin,Zahel,Words of Radiance,33,2,chapter_26,Adolin
Roion,Ruthar,Words of Radiance,33,2,chapter_26,Adolin
Roion,Sadeas,Words of Radiance,33,2,chapter_26,Adolin
Roion,Zahel,Words of Radiance,33,2,chapter_26,Adolin
Ruthar,Sadeas,Words of Radiance,33,2,chapter_26,Adolin
Ruthar,Zahel,Words of Radiance,33,2,chapter_26,Adolin
Sadeas,Zahel,Words of Radiance,33,2,chapter_26,Adolin
Balat,Helaran,Words of Radiance,34,1,chapter_27,Shallan
Balat,Jushu,Words of Radiance,34,1,chapter_27,Shallan
Balat,Shallan,Words of Radiance,34,1,chapter_27,Shallan
Helaran,Jushu,Words of Radiance,34,1,chapter_27,Shallan
Helaran,Shallan,Words of Radiance,34,1,chapter_27,Shallan
Jushu,Shallan,Words of Radiance,34,1,chapter_27,Shallan
Dalinar,Jasnah,Words of Radiance,35,1,chapter_28,Shallan
Dalinar,Kaladin,Words of Radiance,35,1,chapter_28,Shallan
Dalinar,Rock,Words of Radiance,35,1,chapter_28,Shallan
Dalinar,Shallan,Words of Radiance,35,1,chapter_28,Shallan
Dalinar,Tyn,Words of Radiance,35,1,chapter_28,Shallan
Dalinar,Vathah,Words of Radiance,35,1,chapter_28,Shallan
Jasnah,Kaladin,Words of Radiance,35,1,chapter_28,Shallan
Jasnah,Rock,Words of Radiance,35,1,chapter_28,Shallan
Jasnah,Shallan,Words of Radiance,35,1,chapter_28,Shallan
Jasnah,Tyn,Words of Radiance,35,1,chapter_28,Shallan
Jasnah,Vathah,Words of Radiance,35,1,chapter_28,Shallan
Kaladin,Rock,Words of Radiance,35,1,chapter_28,Shallan
Kaladin,Shallan,Words of Radiance,35,1,chapter_28,Shallan
Kaladin,Tyn,Words of Radiance,35,1,chapter_28,Shallan
Kaladin,Vathah,Words of Radiance,35,1,chapter_28,Shallan
Rock,Shallan,Words of Radiance,35,1,chapter_28,Shallan
Rock,Tyn,Words of Radiance,35,1,chapter_28,Shallan
Rock,Vathah,Words of Radiance,35,1,chapter_28,Shallan
Shallan,Tyn,Words of Radiance,35,1,chapter_28,Shallan
Shallan,Vathah,Words of Radiance,35,1,chapter_28,Shallan
Tyn,Vathah,Words of Radiance,35,1,chapter_28,Shallan
Adolin,Amaram,Words of Radiance,36,1,chapter_29,Sadeas
Adolin,Dalinar,Words of Radiance,36,1,chapter_29,Sadeas
Adolin,Hatham,Words of Radiance,36,1,chapter_29,Sadeas
Adolin,Roion,Words of Radiance,36,1,chapter_29,Sadeas
Adolin,Sadeas,Words of Radiance,36,1,chapter_29,Sadeas
Amaram,Dalinar,Words of Radiance,36,1,chapter_29,Sadeas
Amaram,Hatham,Words of Radiance,36,1,chapter_29,Sadeas
Amaram,Roion,Words of Radiance,36,1,chapter_29,Sadeas
Amaram,Sadeas,Words of Radiance,36,1,chapter_29,Sadeas
Dalinar,Hatham,Words of Radiance,36,1,chapter_29,Sadeas
Dalinar,Roion,Words of Radiance,36,1,chapter_29,Sadeas
Dalinar,Sadeas,Words of Radiance,36,1,chapter_29,Sadeas
Hatham,Roion,Words of Radiance,36,1,chapter_29,Sadeas
Hatham,Sadeas,Words of Radiance,36,1,chapter_29,Sadeas
Roion,Sadeas,Words of Radiance,36,1,chapter_29,Sadeas
Adolin,Aladar,Words of Radiance,36,2,chapter_29,Sadeas
Adolin,Dalinar,Words of Radiance,36,2,chapter_29,Sadeas
Adolin,Elhokar,Words of Radiance,36,2,chapter_29,Sadeas
Adolin,Gavilar,Words of Radiance,36,2,chapter_29,Sadeas
Adolin,Hatham,Words of Radiance,36,2,chapter_29,Sadeas
Adolin,Ialai,Words of Radiance,36,2,chapter_29,Sadeas
Adolin,Roion,Words of Radiance,36,2,chapter_29,Sadeas
Adolin,Ruthar,Words of Radiance,36,2,chapter_29,Sadeas
Adolin,Sadeas,Words of Radiance,36,2,chapter_29,Sadeas
Adolin,Thanadal,Words of Radiance,36,2,chapter_29,Sadeas
Aladar,Dalinar,Words of Radiance,36,2,chapter_29,Sadeas
Aladar,Elhokar,Words of Radiance,36,2,chapter_29,Sadeas
Aladar,Gavilar,Words of Radiance,36,2,chapter_29,Sadeas
Aladar,Hatham,Words of Radiance,36,2,chapter_29,Sadeas
Aladar,Ialai,Words of Radiance,36,2,chapter_29,Sadeas
Aladar,Roion,Words of Radiance,36,2,chapter_29,Sadeas
Aladar,Ruthar,Words of Radiance,36,2,chapter_29,Sadeas
Aladar,Sadeas,Words of Radiance,36,2,chapter_29,Sadeas
Aladar,Thanadal,Words of Radiance,36,2,chapter_29,Sadeas
Dalinar,Elhokar,Words of Radiance,36,2,chapter_29,Sadeas
Dalinar,Gavilar,Words of Radiance,36,2,chapter_29,Sadeas
Dalinar,Hatham,Words of Radiance,36,2,chapter_29,Sadeas
Dalinar,Ialai,Words of Radiance,36,2,chapter_29,Sadeas
Dalinar,Roion,Words of Radiance,36,2,chapter_29,Sadeas
Dalinar,Ruthar,Words of Radiance,36,2,chapter_29,Sadeas
Dalinar,Sadeas,Words of Radiance,36,2,chapter_29,Sadeas
Dalinar,Thanadal,Words of Radiance,36,2,chapter_29,Sadeas
Elhokar,Gavilar,Words of Radiance,36,2,chapter_29,Sadeas
Elhokar,Hatham,Words of Radiance,36,2,chapter_29,Sadeas
Elhokar,Ialai,Words of Radiance,36,2,chapter_29,Sadeas
Elhokar,Roion,Words of Radiance,36,2,chapter_29,Sadeas
Elhokar,Ruthar,Words of Radiance,36,2,chapter_29,Sadeas
Elhokar,Sadeas,Words of Radiance,36,2,chapter_29,Sadeas
Elhokar,Thanadal,Words of Radiance,36,2,chapter_29,Sadeas
Gavilar,Hatham,Words of Radiance,36,2,chapter_29,Sadeas
Gavilar,Ialai,Words of Radiance,36,2,chapter_29,Sadeas
Gavilar,Roion,Words of Radiance,36,2,chapter_29,Sadeas
Gavilar,Ruthar,Words of Radiance,36,2,chapter_29,Sadeas
Gavilar,Sadeas,Words of Radiance,36,2,chapter_29,Sadeas
Gavilar,Thanadal,Words of Radiance,36,2,chapter_29,Sadeas
Hatham,Ialai,Words of Radiance,36,2,chapter_29,Sadeas
Hatham,Roion,Words of Radiance,36,2,chapter_29,Sadeas
Hatham,Ruthar,Words of Radiance,36,2,chapter_29,Sadeas
Hatham,Sadeas,Words of Radiance,36,2,chapter_29,Sadeas
Hatham,Thanadal,Words of Radiance,36,2,chapter_29,Sadeas
Ialai,Roion,Words of Radiance,36,2,chapter_29,Sadeas
Ialai,Ruthar,Words of Radiance,36,2,chapter_29,Sadeas
Ialai,Sadeas,Words of Radiance,36,2,chapter_29,Sadeas
Ialai,Thanadal,Words of Radiance,36,2,chapter_29,Sadeas
Roion,Ruthar,Words of Radiance,36,2,chapter_29,Sadeas
Roion,Sadeas,Words of Radiance,36,2,chapter_29,Sadeas
Roion,Thanadal,Words of Radiance,36,2,chapter_29,Sadeas
Ruthar,Sadeas,Words of Radiance,36,2,chapter_29,Sadeas
Ruthar,Thanadal,Words of Radiance,36,2,chapter_29,Sadeas
Sadeas,Thanadal,Words of Radiance,36,2,chapter_29,Sadeas
Adolin,Ash,Words of Radiance,37,1,chapter_30,Shallan
Adolin,Dalinar,Words of Radiance,37,1,chapter_30,Shallan
Adolin,Gaz,Words of Radiance,37,1,chapter_30,Shallan
Adolin,Jasnah,Words of Radiance,37,1,chapter_30,Shallan
Adolin,Pattern,Words of Radiance,37,1,chapter_30,Shallan
Adolin,Renarin,Words of Radiance,37,1,chapter_30,Shallan
Adolin,Shalash,Words of Radiance,37,1,chapter_30,Shallan
Adolin,Shallan,Words of Radiance,37,1,chapter_30,Shallan
Adolin,Tyn,Words of Radiance,37,1,chapter_30,Shallan
Adolin,Vathah,Words of Radiance,37,1,chapter_30,Shallan
Ash,Dalinar,Words of Radiance,37,1,chapter_30,Shallan
Ash,Gaz,Words of Radiance,37,1,chapter_30,Shallan
Ash,Jasnah,Words of Radiance,37,1,chapter_30,Shallan
Ash,Pattern,Words of Radiance,37,1,chapter_30,Shallan
Ash,Renarin,Words of Radiance,37,1,chapter_30,Shallan
Ash,Shalash,Words of Radiance,37,1,chapter_30,Shallan
Ash,Shallan,Words of Radiance,37,1,chapter_30,Shallan
Ash,Tyn,Words of Radiance,37,1,chapter_30,Shallan
Ash,Vathah,Words of Radiance,37,1,chapter_30,Shallan
Dalinar,Gaz,Words of Radiance,37,1,chapter_30,Shallan
Dalinar,Jasnah,Words of Radiance,37,1,chapter_30,Shallan
Dalinar,Pattern,Words of Radiance,37,1,chapter_30,Shallan
Dalinar,Renarin,Words of Radiance,37,1,chapter_30,Shallan
Dalinar,Shalash,Words of Radiance,37,1,chapter_30,Shallan
Dalinar,Shallan,Words of Radiance,37,1,chapter_30,Shallan
Dalinar,Tyn,Words of Radiance,37,1,chapter_30,Shallan
Dalinar,Vathah,Words of Radiance,37,1,chapter_30,Shallan
Gaz,Jasnah,Words of Radiance,37,1,chapter_30,Shallan
Gaz,Pattern,Words of Radiance,37,1,chapter_30,Shallan
Gaz,Renarin,Words of Radiance,37,1,chapter_30,Shallan
Gaz,Shalash,Words of Radiance,37,1,chapter_30,Shallan
Gaz,Shallan,Words of Radiance,37,1,chapter_30,Shallan
Gaz,Tyn,Words of Radiance,37,1,chapter_30,Shallan
Gaz,Vathah,Words of Radiance,37,1,chapter_30,Shallan
Jasnah,Pattern,Words of Radiance,37,1,chapter_30,Shallan
Jasnah,Renarin,Words of Radiance,37,1,chapter_30,Shallan
Jasnah,Shalash,Words of Radiance,37,1,chapter_30,Shallan
Jasnah,Shallan,Words of Radiance,37,1,chapter_30,Shallan
Jasnah,Tyn,Words of Radiance,37,1,chapter_30,Shallan
Jasnah,Vathah,Words of Radiance,37,1,chapter_30,Shallan
Pattern,Renarin,Words of Radiance,37,1,chapter_30,Shallan
Pattern,Shalash,Words of Radiance,37,1,chapter_30,Shallan
Pattern,Shallan,Words of Radiance,37,1,chapter_30,Shallan
Pattern,Tyn,Words of Radiance,37,1,chapter_30,Shallan
Pattern,Vathah,Words of Radiance,37,1,chapter_30,Shallan
Renarin,Shalash,Words of Radiance,37,1,chapter_30,Shallan
Renarin,Shallan,Words of Radiance,37,1,chapter_30,Shallan
Renarin,Tyn,Words of Radiance,37,1,chapter_30,Shallan
Renarin,Vathah,Words of Radiance,37,1,chapter_30,Shallan
Shalash,Shallan,Words of Radiance,37,1,chapter_30,Shallan
Shalash,Tyn,Words of Radiance,37,1,chapter_30,Shallan
Shalash,Vathah,Words of Radiance,37,1,chapter_30,Shallan
Shallan,Tyn,Words of Radiance,37,1,chapter_30,Shallan
Shallan,Vathah,Words of Radiance,37,1,chapter_30,Shallan
Tyn,Vathah,Words of Radiance,37,1,chapter_30,Shallan
Dalinar,Kaladin,Words of Radiance,38,1,chapter_31,Shallan
Dalinar,Leyten,Words of Radiance,38,1,chapter_31,Shallan
Dalinar,Rock,Words of Radiance,38,1,chapter_31,Shallan
Dalinar,Sadeas,Words of Radiance,38,1,chapter_31,Shallan
Dalinar,Sigzil,Words of Radiance,38,1,chapter_31,Shallan
Dalinar,Talenel,Words of Radiance,38,1,chapter_31,Shallan
Dalinar,Teft,Words of Radiance,38,1,chapter_31,Shallan
Kaladin,Leyten,Words of Radiance,38,1,chapter_31,Shallan
Kaladin,Rock,Words of Radiance,38,1,chapter_31,Shallan
Kaladin,Sadeas,Words of Radiance,38,1,chapter_31,Shallan
Kaladin,Sigzil,Words of Radiance,38,1,chapter_31,Shallan
Kaladin,Talenel,Words of Radiance,38,1,chapter_31,Shallan
Kaladin,Teft,Words of Radiance,38,1,chapter_31,Shallan
Leyten,Rock,Words of Radiance,38,1,chapter_31,Shallan
Leyten,Sadeas,Words of Radiance,38,1,chapter_31,Shallan
Leyten,Sigzil,Words of Radiance,38,1,chapter_31,Shallan
Leyten,Talenel,Words of Radiance,38,1,chapter_31,Shallan
Leyten,Teft,Words of Radiance,38,1,chapter_31,Shallan
Rock,Sadeas,Words of Radiance,38,1,chapter_31,Shallan
Rock,Sigzil,Words of Radiance,38,1,chapter_31,Shallan
Rock,Talenel,Words of Radiance,38,1,chapter_31,Shallan
Rock,Teft,Words of Radiance,38,1,chapter_31,Shallan
Sadeas,Sigzil,Words of Radiance,38,1,chapter_31,Shallan
Sadeas,Talenel,Words of Radiance,38,1,chapter_31,Shallan
Sadeas,Teft,Words of Radiance,38,1,chapter_31,Shallan
Sigzil,Talenel,Words of Radiance,38,1,chapter_31,Shallan
Sigzil,Teft,Words of Radiance,38,1,chapter_31,Shallan
Talenel,Teft,Words of Radiance,38,1,chapter_31,Shallan
Shallan,Tyn,Words of Radiance,38,2,chapter_31,Shallan
Shallan,Valam,Words of Radiance,38,2,chapter_31,Shallan
Tyn,Valam,Words of Radiance,38,2,chapter_31,Shallan
Adolin,Dalinar,Words of Radiance,39,1,chapter_32,Kaladin
Adolin,Kaladin,Words of Radiance,39,1,chapter_32,Kaladin
Adolin,Navani,Words of Radiance,39,1,chapter_32,Kaladin
Adolin,Renarin,Words of Radiance,39,1,chapter_32,Kaladin
Adolin,Syl,Words of Radiance,39,1,chapter_32,Kaladin
Dalinar,Kaladin,Words of Radiance,39,1,chapter_32,Kaladin
Dalinar,Navani,Words of Radiance,39,1,chapter_32,Kaladin
Dalinar,Renarin,Words of Radiance,39,1,chapter_32,Kaladin
Dalinar,Syl,Words of Radiance,39,1,chapter_32,Kaladin
Kaladin,Navani,Words of Radiance,39,1,chapter_32,Kaladin
Kaladin,Renarin,Words of Radiance,39,1,chapter_32,Kaladin
Kaladin,Syl,Words of Radiance,39,1,chapter_32,Kaladin
Navani,Renarin,Words of Radiance,39,1,chapter_32,Kaladin
Navani,Syl,Words of Radiance,39,1,chapter_32,Kaladin
Renarin,Syl,Words of Radiance,39,1,chapter_32,Kaladin
Pattern,Shallan,Words of Radiance,39,2,chapter_32,Kaladin
Pattern,Tyn,Words of Radiance,39,2,chapter_32,Kaladin
Shallan,Tyn,Words of Radiance,39,2,chapter_32,Kaladin
Adolin,Beld,Words of Radiance,39,3,chapter_32,Kaladin
Adolin,Dalinar,Words of Radiance,39,3,chapter_32,Kaladin
Adolin,Elhokar,Words of Radiance,39,3,chapter_32,Kaladin
Adolin,Eth,Words of Radiance,39,3,chapter_32,Kaladin
Adolin,Hobber,Words of Radiance,39,3,chapter_32,Kaladin
Adolin,Kaladin,Words of Radiance,39,3,chapter_32,Kaladin
Adolin,Mart,Words of Radiance,39,3,chapter_32,Kaladin
Adolin,Moash,Words of Radiance,39,3,chapter_32,Kaladin
Adolin,Navani,Words of Radiance,39,3,chapter_32,Kaladin
Adolin,Renarin,Words of Radiance,39,3,chapter_32,Kaladin
Adolin,Syl,Words of Radiance,39,3,chapter_32,Kaladin
Beld,Dalinar,Words of Radiance,39,3,chapter_32,Kaladin
Beld,Elhokar,Words of Radiance,39,3,chapter_32,Kaladin
Beld,Eth,Words of Radiance,39,3,chapter_32,Kaladin
Beld,Hobber,Words of Radiance,39,3,chapter_32,Kaladin
Beld,Kaladin,Words of Radiance,39,3,chapter_32,Kaladin
Beld,Mart,Words of Radiance,39,3,chapter_32,Kaladin
Beld,Moash,Words of Radiance,39,3,chapter_32,Kaladin
Beld,Navani,Words of Radiance,39,3,chapter_32,Kaladin
Beld,Renarin,Words of Radiance,39,3,chapter_32,Kaladin
Beld,Syl,Words of Radiance,39,3,chapter_32,Kaladin
Dalinar,Elhokar,Words of Radiance,39,3,chapter_32,Kaladin
Dalinar,Eth,Words of Radiance,39,3,chapter_32,Kaladin
Dalinar,Hobber,Words of Radiance,39,3,chapter_32,Kaladin
Dalinar,Kaladin,Words of Radiance,39,3,chapter_32,Kaladin
Dalinar,Mart,Words of Radiance,39,3,chapter_32,Kaladin
Dalinar,Moash,Words of Radiance,39,3,chapter_32,Kaladin
Dalinar,Navani,Words of Radiance,39,3,chapter_32,Kaladin
Dalinar,Renarin,Words of Radiance,39,3,chapter_32,Kaladin
Dalinar,Syl,Words of Radiance,39,3,chapter_32,Kaladin
Elhokar,Eth,Words of Radiance,39,3,chapter_32,Kaladin
Elhokar,Hobber,Words of Radiance,39,3,chapter_32,Kaladin
Elhokar,Kaladin,Words of Radiance,39,3,chapter_32,Kaladin
Elhokar,Mart,Words of Radiance,39,3,chapter_32,Kaladin
Elhokar,Moash,Words of Radiance,39,3,chapter_32,Kaladin
Elhokar,Navani,Words of Radiance,39,3,chapter_32,Kaladin
Elhokar,Renarin,Words of Radiance,39,3,chapter_32,Kaladin
Elhokar,Syl,Words of Radiance,39,3,chapter_32,Kaladin
Eth,Hobber,Words of Radiance,39,3,chapter_32,Kaladin
Eth,Kaladin,Words of Radiance,39,3,chapter_32,Kaladin
Eth,Mart,Words of Radiance,39,3,chapter_32,Kaladin
Eth,Moash,Words of Radiance,39,3,chapter_32,Kaladin
Eth,Navani,Words of Radiance,39,3,chapter_32,Kaladin
Eth,Renarin,Words of Radiance,39,3,chapter_32,Kaladin
Eth,Syl,Words of Radiance,39,3,chapter_32,Kaladin
Hobber,Kaladin,Words of Radiance,39,3,chapter_32,Kaladin
Hobber,Mart,Words of Radiance,39,3,chapter_32,Kaladin
Hobber,Moash,Words of Radiance,39,3,chapter_32,Kaladin
Hobber,Navani,Words of Radiance,39,3,chapter_32,Kaladin
Hobber,Renarin,Words of Radiance,39,3,chapter_32,Kaladin
Hobber,Syl,Words of Radiance,39,3,chapter_32,Kaladin
Kaladin,Mart,Words of Radiance,39,3,chapter_32,Kaladin
Kaladin,Moash,Words of Radiance,39,3,chapter_32,Kaladin
Kaladin,Navani,Words of Radiance,39,3,chapter_32,Kaladin
Kaladin,Renarin,Words of Radiance,39,3,chapter_32,Kaladin
Kaladin,Syl,Words of Radiance,39,3,chapter_32,Kaladin
Mart,Moash,Words of Radiance,39,3,chapter_32,Kaladin
Mart,Navani,Words of Radiance,39,3,chapter_32,Kaladin
Mart,Renarin,Words of Radiance,39,3,chapter_32,Kaladin
Mart,Syl,Words of Radiance,39,3,chapter_32,Kaladin
Moash,Navani,Words of Radiance,39,3,chapter_32,Kaladin
Moash,Renarin,Words of Radiance,39,3,chapter_32,Kaladin
Moash,Syl,Words of Radiance,39,3,chapter_32,Kaladin
Navani,Renarin,Words of Radiance,39,3,chapter_32,Kaladin
Navani,Syl,Words of Radiance,39,3,chapter_32,Kaladin
Renarin,Syl,Words of Radiance,39,3,chapter_32,Kaladin
Kaladin,Szeth,Words of Radiance,40,1,chapter_33,Kaladin
Adolin,Dalinar,Words of Radiance,40,2,chapter_33,Kaladin
Adolin,Elhokar,Words of Radiance,40,2,chapter_33,Kaladin
Adolin,Eth,Words of Radiance,40,2,chapter_33,Kaladin
Adolin,Kaladin,Words of Radiance,40,2,chapter_33,Kaladin
Adolin,Mart,Words of Radiance,40,2,chapter_33,Kaladin
Adolin,Moash,Words of Radiance,40,2,chapter_33,Kaladin
Adolin,Navani,Words of Radiance,40,2,chapter_33,Kaladin
Adolin,Renarin,Words of Radiance,40,2,chapter_33,Kaladin
Adolin,Syl,Words of Radiance,40,2,chapter_33,Kaladin
Adolin,Szeth,Words of Radiance,40,2,chapter_33,Kaladin
Dalinar,Elhokar,Words of Radiance,40,2,chapter_33,Kaladin
Dalinar,Eth,Words of Radiance,40,2,chapter_33,Kaladin
Dalinar,Kaladin,Words of Radiance,40,2,chapter_33,Kaladin
Dalinar,Mart,Words of Radiance,40,2,chapter_33,Kaladin
Dalinar,Moash,Words of Radiance,40,2,chapter_33,Kaladin
Dalinar,Navani,Words of Radiance,40,2,chapter_33,Kaladin
Dalinar,Renarin,Words of Radiance,40,2,chapter_33,Kaladin
Dalinar,Syl,Words of Radiance,40,2,chapter_33,Kaladin
Dalinar,Szeth,Words of Radiance,40,2,chapter_33,Kaladin
Elhokar,Eth,Words of Radiance,40,2,chapter_33,Kaladin
Elhokar,Kaladin,Words of Radiance,40,2,chapter_33,Kaladin
Elhokar,Mart,Words of Radiance,40,2,chapter_33,Kaladin
Elhokar,Moash,Words of Radiance,40,2,chapter_33,Kaladin
Elhokar,Navani,Words of Radiance,40,2,chapter_33,Kaladin
Elhokar,Renarin,Words of Radiance,40,2,chapter_33,Kaladin
Elhokar,Syl,Words of Radiance,40,2,chapter_33,Kaladin
Elhokar,Szeth,Words of Radiance,40,2,chapter_33,Kaladin
Eth,Kaladin,Words of Radiance,40,2,chapter_33,Kaladin
Eth,Mart,Words of Radiance,40,2,chapter_33,Kaladin
Eth,Moash,Words of Radiance,40,2,chapter_33,Kaladin
Eth,Navani,Words of Radiance,40,2,chapter_33,Kaladin
Eth,Renarin,Words of Radiance,40,2,chapter_33,Kaladin
Eth,Syl,Words of Radiance,40,2,chapter_33,Kaladin
Eth,Szeth,Words of Radiance,40,2,chapter_33,Kaladin
Kaladin,Mart,Words of Radiance,40,2,chapter_33,Kaladin
Kaladin,Moash,Words of Radiance,40,2,chapter_33,Kaladin
Kaladin,Navani,Words of Radiance,40,2,chapter_33,Kaladin
Kaladin,Renarin,Words of Radiance,40,2,chapter_33,Kaladin
Kaladin,Syl,Words of Radiance,40,2,chapter_33,Kaladin
Kaladin,Szeth,Words of Radiance,40,2,chapter_33,Kaladin
Mart,Moash,Words of Radiance,40,2,chapter_33,Kaladin
Mart,Navani,Words of Radiance,40,2,chapter_33,Kaladin
Mart,Renarin,Words of Radiance,40,2,chapter_33,Kaladin
Mart,Syl,Words of Radiance,40,2,chapter_33,Kaladin
Mart,Szeth,Words of Radiance,40,2,chapter_33,Kaladin
Moash,Navani,Words of Radiance,40,2,chapter_33,Kaladin
Moash,Renarin,Words of Radiance,40,2,chapter_33,Kaladin
Moash,Syl,Words of Radiance,40,2,chapter_33,Kaladin
Moash,Szeth,Words of Radiance,40,2,chapter_33,Kaladin
Navani,Renarin,Words of Radiance,40,2,chapter_33,Kaladin
Navani,Syl,Words of Radiance,40,2,chapter_33,Kaladin
Navani,Szeth,Words of Radiance,40,2,chapter_33,Kaladin
Renarin,Syl,Words of Radiance,40,2,chapter_33,Kaladin
Renarin,Szeth,Words of Radiance,40,2,chapter_33,Kaladin
Syl,Szeth,Words of Radiance,40,2,chapter_33,Kaladin
Adolin,Elhokar,Words of Radiance,40,3,chapter_33,Kaladin
Adolin,Kaladin,Words of Radiance,40,3,chapter_33,Kaladin
Adolin,Navani,Words of Radiance,40,3,chapter_33,Kaladin
Adolin,Renarin,Words of Radiance,40,3,chapter_33,Kaladin
Elhokar,Kaladin,Words of Radiance,40,3,chapter_33,Kaladin
Elhokar,Navani,Words of Radiance,40,3,chapter_33,Kaladin
Elhokar,Renarin,Words of Radiance,40,3,chapter_33,Kaladin
Kaladin,Navani,Words of Radiance,40,3,chapter_33,Kaladin
Kaladin,Renarin,Words of Radiance,40,3,chapter_33,Kaladin
Navani,Renarin,Words of Radiance,40,3,chapter_33,Kaladin
Beld,Dalinar,Words of Radiance,40,4,chapter_33,Kaladin
Beld,Hobber,Words of Radiance,40,4,chapter_33,Kaladin
Beld,Kaladin,Words of Radiance,40,4,chapter_33,Kaladin
Beld,Rock,Words of Radiance,40,4,chapter_33,Kaladin
Beld,Syl,Words of Radiance,40,4,chapter_33,Kaladin
Dalinar,Hobber,Words of Radiance,40,4,chapter_33,Kaladin
Dalinar,Kaladin,Words of Radiance,40,4,chapter_33,Kaladin
Dalinar,Rock,Words of Radiance,40,4,chapter_33,Kaladin
Dalinar,Syl,Words of Radiance,40,4,chapter_33,Kaladin
Hobber,Kaladin,Words of Radiance,40,4,chapter_33,Kaladin
Hobber,Rock,Words of Radiance,40,4,chapter_33,Kaladin
Hobber,Syl,Words of Radiance,40,4,chapter_33,Kaladin
Kaladin,Rock,Words of Radiance,40,4,chapter_33,Kaladin
Kaladin,Syl,Words of Radiance,40,4,chapter_33,Kaladin
Rock,Syl,Words of Radiance,40,4,chapter_33,Kaladin
Dalinar,Gaz,Words of Radiance,41,1,chapter_34,Shallan
Dalinar,Jasnah,Words of Radiance,41,1,chapter_34,Shallan
Dalinar,Pattern,Words of Radiance,41,1,chapter_34,Shallan
Dalinar,Sadeas,Words of Radiance,41,1,chapter_34,Shallan
Dalinar,Shallan,Words of Radiance,41,1,chapter_34,Shallan
Dalinar,Tyn,Words of Radiance,41,1,chapter_34,Shallan
Dalinar,Valam,Words of Radiance,41,1,chapter_34,Shallan
Dalinar,Vathah,Words of Radiance,41,1,chapter_34,Shallan
Gaz,Jasnah,Words of Radiance,41,1,chapter_34,Shallan
Gaz,Pattern,Words of Radiance,41,1,chapter_34,Shallan
Gaz,Sadeas,Words of Radiance,41,1,chapter_34,Shallan
Gaz,Shallan,Words of Radiance,41,1,chapter_34,Shallan
Gaz,Tyn,Words of Radiance,41,1,chapter_34,Shallan
Gaz,Valam,Words of Radiance,41,1,chapter_34,Shallan
Gaz,Vathah,Words of Radiance,41,1,chapter_34,Shallan
Jasnah,Pattern,Words of Radiance,41,1,chapter_34,Shallan
Jasnah,Sadeas,Words of Radiance,41,1,chapter_34,Shallan
Jasnah,Shallan,Words of Radiance,41,1,chapter_34,Shallan
Jasnah,Tyn,Words of Radiance,41,1,chapter_34,Shallan
Jasnah,Valam,Words of Radiance,41,1,chapter_34,Shallan
Jasnah,Vathah,Words of Radiance,41,1,chapter_34,Shallan
Pattern,Sadeas,Words of Radiance,41,1,chapter_34,Shallan
Pattern,Shallan,Words of Radiance,41,1,chapter_34,Shallan
Pattern,Tyn,Words of Radiance,41,1,chapter_34,Shallan
Pattern,Valam,Words of Radiance,41,1,chapter_34,Shallan
Pattern,Vathah,Words of Radiance,41,1,chapter_34,Shallan
Sadeas,Shallan,Words of Radiance,41,1,chapter_34,Shallan
Sadeas,Tyn,Words of Radiance,41,1,chapter_34,Shallan
Sadeas,Valam,Words of Radiance,41,1,chapter_34,Shallan
Sadeas,Vathah,Words of Radiance,41,1,chapter_34,Shallan
Shallan,Tyn,Words of Radiance,41,1,chapter_34,Shallan
Shallan,Valam,Words of Radiance,41,1,chapter_34,Shallan
Shallan,Vathah,Words of Radiance,41,1,chapter_34,Shallan
Tyn,Valam,Words of Radiance,41,1,chapter_34,Shallan
Tyn,Vathah,Words of Radiance,41,1,chapter_34,Shallan
Valam,Vathah,Words of Radiance,41,1,chapter_34,Shallan
Kaladin,Zahel,Words of Radiance,43,1,interlude_6,Zahel
Elhokar,Ishar,Words of Radiance,44,1,interlude_7,Talk
Elhokar,Jezrien,Words of Radiance,44,1,interlude_7,Talk
Elhokar,Kalak,Words of Radiance,44,1,interlude_7,Talk
Elhokar,Talenel,Words of Radiance,44,1,interlude_7,Talk
Elhokar,Vedel,Words of Radiance,44,1,interlude_7,Talk
Elhokar,Wit,Words of Radiance,44,1,interlude_7,Talk
Ishar,Jezrien,Words of Radiance,44,1,interlude_7,Talk
Ishar,Kalak,Words of Radiance,44,1,interlude_7,Talk
Ishar,Talenel,Words of Radiance,44,1,interlude_7,Talk
Ishar,Vedel,Words of Radiance,44,1,interlude_7,Talk
Ishar,Wit,Words of Radiance,44,1,interlude_7,Talk
Jezrien,Kalak,Words of Radiance,44,1,interlude_7,Talk
Jezrien,Talenel,Words of Radiance,44,1,interlude_7,Talk
Jezrien,Vedel,Words of Radiance,44,1,interlude_7,Talk
Jezrien,Wit,Words of Radiance,44,1,interlude_7,Talk
Kalak,Talenel,Words of Radiance,44,1,interlude_7,Talk
Kalak,Vedel,Words of Radiance,44,1,interlude_7,Talk
Kalak,Wit,Words of Radiance,44,1,interlude_7,Talk
Talenel,Vedel,Words of Radiance,44,1,interlude_7,Talk
Talenel,Wit,Words of Radiance,44,1,interlude_7,Talk
Vedel,Wit,Words of Radiance,44,1,interlude_7,Talk
Adolin,Dalinar,Words of Radiance,47,1,chapter_35,Adolin
Adolin,Kaladin,Words of Radiance,47,1,chapter_35,Adolin
Adolin,Renarin,Words of Radiance,47,1,chapter_35,Adolin
Adolin,Zahel,Words of Radiance,47,1,chapter_35,Adolin
Dalinar,Kaladin,Words of Radiance,47,1,chapter_35,Adolin
Dalinar,Renarin,Words of Radiance,47,1,chapter_35,Adolin
Dalinar,Zahel,Words of Radiance,47,1,chapter_35,Adolin
Kaladin,Renarin,Words of Radiance,47,1,chapter_35,Adolin
Kaladin,Zahel,Words of Radiance,47,1,chapter_35,Adolin
Renarin,Zahel,Words of Radiance,47,1,chapter_35,Adolin
Adolin,Dalinar,Words of Radiance,47,2,chapter_35,Adolin
Adolin,Elhokar,Words of Radiance,47,2,chapter_35,Adolin
Adolin,Gavilar,Words of Radiance,47,2,chapter_35,Adolin
Adolin,Jasnah,Words of Radiance,47,2,chapter_35,Adolin
Adolin,Navani,Words of Radiance,47,2,chapter_35,Adolin
Dalinar,Elhokar,Words of Radiance,47,2,chapter_35,Adolin
Dalinar,Gavilar,Words of Radiance,47,2,chapter_35,Adolin
Dalinar,Jasnah,Words of Radiance,47,2,chapter_35,Adolin
Dalinar,Navani,Words of Radiance,47,2,chapter_35,Adolin
Elhokar,Gavilar,Words of Radiance,47,2,chapter_35,Adolin
Elhokar,Jasnah,Words of Radiance,47,2,chapter_35,Adolin
Elhokar,Navani,Words of Radiance,47,2,chapter_35,Adolin
Gavilar,Jasnah,Words of Radiance,47,2,chapter_35,Adolin
Gavilar,Navani,Words of Radiance,47,2,chapter_35,Adolin
Jasnah,Navani,Words of Radiance,47,2,chapter_35,Adolin
Jasnah,Kabsal,Words of Radiance,48,1,chapter_36,Shallan
Jasnah,Pattern,Words of Radiance,48,1,chapter_36,Shallan
Jasnah,Shallan,Words of Radiance,48,1,chapter_36,Shallan
Jasnah,Tyn,Words of Radiance,48,1,chapter_36,Shallan
Jasnah,Vathah,Words of Radiance,48,1,chapter_36,Shallan
Kabsal,Pattern,Words of Radiance,48,1,chapter_36,Shallan
Kabsal,Shallan,Words of Radiance,48,1,chapter_36,Shallan
Kabsal,Tyn,Words of Radiance,48,1,chapter_36,Shallan
Kabsal,Vathah,Words of Radiance,48,1,chapter_36,Shallan
Pattern,Shallan,Words of Radiance,48,1,chapter_36,Shallan
Pattern,Tyn,Words of Radiance,48,1,chapter_36,Shallan
Pattern,Vathah,Words of Radiance,48,1,chapter_36,Shallan
Shallan,Tyn,Words of Radiance,48,1,chapter_36,Shallan
Shallan,Vathah,Words of Radiance,48,1,chapter_36,Shallan
Tyn,Vathah,Words of Radiance,48,1,chapter_36,Shallan
Adolin,Aladar,Words of Radiance,48,2,chapter_36,Shallan
Adolin,Dalinar,Words of Radiance,48,2,chapter_36,Shallan
Adolin,Elhokar,Words of Radiance,48,2,chapter_36,Shallan
Adolin,Gaz,Words of Radiance,48,2,chapter_36,Shallan
Adolin,Helaran,Words of Radiance,48,2,chapter_36,Shallan
Adolin,Jasnah,Words of Radiance,48,2,chapter_36,Shallan
Adolin,Kaladin,Words of Radiance,48,2,chapter_36,Shallan
Adolin,Navani,Words of Radiance,48,2,chapter_36,Shallan
Adolin,Pattern,Words of Radiance,48,2,chapter_36,Shallan
Adolin,Ruthar,Words of Radiance,48,2,chapter_36,Shallan
Adolin,Sadeas,Words of Radiance,48,2,chapter_36,Shallan
Adolin,Shallan,Words of Radiance,48,2,chapter_36,Shallan
Adolin,Thanadal,Words of Radiance,48,2,chapter_36,Shallan
Adolin,Tyn,Words of Radiance,48,2,chapter_36,Shallan
Adolin,Vathah,Words of Radiance,48,2,chapter_36,Shallan
Aladar,Dalinar,Words of Radiance,48,2,chapter_36,Shallan
Aladar,Elhokar,Words of Radiance,48,2,chapter_36,Shallan
Aladar,Gaz,Words of Radiance,48,2,chapter_36,Shallan
Aladar,Helaran,Words of Radiance,48,2,chapter_36,Shallan
Aladar,Jasnah,Words of Radiance,48,2,chapter_36,Shallan
Aladar,Kaladin,Words of Radiance,48,2,chapter_36,Shallan
Aladar,Navani,Words of Radiance,48,2,chapter_36,Shallan
Aladar,Pattern,Words of Radiance,48,2,chapter_36,Shallan
Aladar,Ruthar,Words of Radiance,48,2,chapter_36,Shallan
Aladar,Sadeas,Words of Radiance,48,2,chapter_36,Shallan
Aladar,Shallan,Words of Radiance,48,2,chapter_36,Shallan
Aladar,Thanadal,Words of Radiance,48,2,chapter_36,Shallan
Aladar,Tyn,Words of Radiance,48,2,chapter_36,Shallan
Aladar,Vathah,Words of Radiance,48,2,chapter_36,Shallan
Dalinar,Elhokar,Words of Radiance,48,2,chapter_36,Shallan
Dalinar,Gaz,Words of Radiance,48,2,chapter_36,Shallan
Dalinar,Helaran,Words of Radiance,48,2,chapter_36,Shallan
Dalinar,Jasnah,Words of Radiance,48,2,chapter_36,Shallan
Dalinar,Kaladin,Words of Radiance,48,2,chapter_36,Shallan
Dalinar,Navani,Words of Radiance,48,2,chapter_36,Shallan
Dalinar,Pattern,Words of Radiance,48,2,chapter_36,Shallan
Dalinar,Ruthar,Words of Radiance,48,2,chapter_36,Shallan
Dalinar,Sadeas,Words of Radiance,48,2,chapter_36,Shallan
Dalinar,Shallan,Words of Radiance,48,2,chapter_36,Shallan
Dalinar,Thanadal,Words of Radiance,48,2,chapter_36,Shallan
Dalinar,Tyn,Words of Radiance,48,2,chapter_36,Shallan
Dalinar,Vathah,Words of Radiance,48,2,chapter_36,Shallan
Elhokar,Gaz,Words of Radiance,48,2,chapter_36,Shallan
Elhokar,Helaran,Words of Radiance,48,2,chapter_36,Shallan
Elhokar,Jasnah,Words of Radiance,48,2,chapter_36,Shallan
Elhokar,Kaladin,Words of Radiance,48,2,chapter_36,Shallan
Elhokar,Navani,Words of Radiance,48,2,chapter_36,Shallan
Elhokar,Pattern,Words of Radiance,48,2,chapter_36,Shallan
Elhokar,Ruthar,Words of Radiance,48,2,chapter_36,Shallan
Elhokar,Sadeas,Words of Radiance,48,2,chapter_36,Shallan
Elhokar,Shallan,Words of Radiance,48,2,chapter_36,Shallan
Elhokar,Thanadal,Words of Radiance,48,2,chapter_36,Shallan
Elhokar,Tyn,Words of Radiance,48,2,chapter_36,Shallan
Elhokar,Vathah,Words of Radiance,48,2,chapter_36,Shallan
Gaz,Helaran,Words of Radiance,48,2,chapter_36,Shallan
Gaz,Jasnah,Words of Radiance,48,2,chapter_36,Shallan
Gaz,Kaladin,Words of Radiance,48,2,chapter_36,Shallan
Gaz,Navani,Words of Radiance,48,2,chapter_36,Shallan
Gaz,Pattern,Words of Radiance,48,2,chapter_36,Shallan
Gaz,Ruthar,Words of Radiance,48,2,chapter_36,Shallan
Gaz,Sadeas,Words of Radiance,48,2,chapter_36,Shallan
Gaz,Shallan,Words of Radiance,48,2,chapter_36,Shallan
Gaz,Thanadal,Words of Radiance,48,2,chapter_36,Shallan
Gaz,Tyn,Words of Radiance,48,2,chapter_36,Shallan
Gaz,Vathah,Words of Radiance,48,2,chapter_36,Shallan
Helaran,Jasnah,Words of Radiance,48,2,chapter_36,Shallan
Helaran,Kaladin,Words of Radiance,48,2,chapter_36,Shallan
Helaran,Navani,Words of Radiance,48,2,chapter_36,Shallan
Helaran,Pattern,Words of Radiance,48,2,chapter_36,Shallan
Helaran,Ruthar,Words of Radiance,48,2,chapter_36,Shallan
Helaran,Sadeas,Words of Radiance,48,2,chapter_36,Shallan
Helaran,Shallan,Words of Radiance,48,2,chapter_36,Shallan
Helaran,Thanadal,Words of Radiance,48,2,chapter_36,Shallan
Helaran,Tyn,Words of Radiance,48,2,chapter_36,Shallan
Helaran,Vathah,Words of Radiance,48,2,chapter_36,Shallan
Jasnah,Kaladin,Words of Radiance,48,2,chapter_36,Shallan
Jasnah,Navani,Words of Radiance,48,2,chapter_36,Shallan
Jasnah,Pattern,Words of Radiance,48,2,chapter_36,Shallan
Jasnah,Ruthar,Words of Radiance,48,2,chapter_36,Shallan
Jasnah,Sadeas,Words of Radiance,48,2,chapter_36,Shallan
Jasnah,Shallan,Words of Radiance,48,2,chapter_36,Shallan
Jasnah,Thanadal,Words of Radiance,48,2,chapter_36,Shallan
Jasnah,Tyn,Words of Radiance,48,2,chapter_36,Shallan
Jasnah,Vathah,Words of Radiance,48,2,chapter_36,Shallan
Kaladin,Navani,Words of Radiance,48,2,chapter_36,Shallan
Kaladin,Pattern,Words of Radiance,48,2,chapter_36,Shallan
Kaladin,Ruthar,Words of Radiance,48,2,chapter_36,Shallan
Kaladin,Sadeas,Words of Radiance,48,2,chapter_36,Shallan
Kaladin,Shallan,Words of Radiance,48,2,chapter_36,Shallan
Kaladin,Thanadal,Words of Radiance,48,2,chapter_36,Shallan
Kaladin,Tyn,Words of Radiance,48,2,chapter_36,Shallan
Kaladin,Vathah,Words of Radiance,48,2,chapter_36,Shallan
Navani,Pattern,Words of Radiance,48,2,chapter_36,Shallan
Navani,Ruthar,Words of Radiance,48,2,chapter_36,Shallan
Navani,Sadeas,Words of Radiance,48,2,chapter_36,Shallan
Navani,Shallan,Words of Radiance,48,2,chapter_36,Shallan
Navani,Thanadal,Words of Radiance,48,2,chapter_36,Shallan
Navani,Tyn,Words of Radiance,48,2,chapter_36,Shallan
Navani,Vathah,Words of Radiance,48,2,chapter_36,Shallan
Pattern,Ruthar,Words of Radiance,48,2,chapter_36,Shallan
Pattern,Sadeas,Words of Radiance,48,2,chapter_36,Shallan
Pattern,Shallan,Words of Radiance,48,2,chapter_36,Shallan
Pattern,Thanadal,Words of Radiance,48,2,chapter_36,Shallan
Pattern,Tyn,Words of Radiance,48,2,chapter_36,Shallan
Pattern,Vathah,Words of Radiance,48,2,chapter_36,Shallan
Ruthar,Sadeas,Words of Radiance,48,2,chapter_36,Shallan
Ruthar,Shallan,Words of Radiance,48,2,chapter_36,Shallan
Ruthar,Thanadal,Words of Radiance,48,2,chapter_36,Shallan
Ruthar,Tyn,Words of Radiance,48,2,chapter_36,Shallan
Ruthar,Vathah,Words of Radiance,48,2,chapter_36,Shallan
Sadeas,Shallan,Words of Radiance,48,2,chapter_36,Shallan
Sadeas,Thanadal,Words of Radiance,48,2,chapter_36,Shallan
Sadeas,Tyn,Words of Radiance,48,2,chapter_36,Shallan
Sadeas,Vathah,Words of Radiance,48,2,chapter_36,Shallan
Shallan,Thanadal,Words of Radiance,48,2,chapter_36,Shallan
Shallan,Tyn,Words of Radiance,48,2,chapter_36,Shallan
Shallan,Vathah,Words of Radiance,48,2,chapter_36,Shallan
Thanadal,Tyn,Words of Radiance,48,2,chapter_36,Shallan
Thanadal,Vathah,Words of Radiance,48,2,chapter_36,Shallan
Tyn,Vathah,Words of Radiance,48,2,chapter_36,Shallan
Adolin,Amaram,Words of Radiance,49,1,chapter_37,Adolin
Adolin,Ash,Words of Radiance,49,1,chapter_37,Adolin
Adolin,Dalinar,Words of Radiance,49,1,chapter_37,Adolin
Adolin,Jakamav,Words of Radiance,49,1,chapter_37,Adolin
Adolin,Jasnah,Words of Radiance,49,1,chapter_37,Adolin
Adolin,Khal,Words of Radiance,49,1,chapter_37,Adolin
Adolin,Navani,Words of Radiance,49,1,chapter_37,Adolin
Adolin,Ruthar,Words of Radiance,49,1,chapter_37,Adolin
Adolin,Sadeas,Words of Radiance,49,1,chapter_37,Adolin
Adolin,Talenel,Words of Radiance,49,1,chapter_37,Adolin
Amaram,Ash,Words of Radiance,49,1,chapter_37,Adolin
Amaram,Dalinar,Words of Radiance,49,1,chapter_37,Adolin
Amaram,Jakamav,Words of Radiance,49,1,chapter_37,Adolin
Amaram,Jasnah,Words of Radiance,49,1,chapter_37,Adolin
Amaram,Khal,Words of Radiance,49,1,chapter_37,Adolin
Amaram,Navani,Words of Radiance,49,1,chapter_37,Adolin
Amaram,Ruthar,Words of Radiance,49,1,chapter_37,Adolin
Amaram,Sadeas,Words of Radiance,49,1,chapter_37,Adolin
Amaram,Talenel,Words of Radiance,49,1,chapter_37,Adolin
Ash,Dalinar,Words of Radiance,49,1,chapter_37,Adolin
Ash,Jakamav,Words of Radiance,49,1,chapter_37,Adolin
Ash,Jasnah,Words of Radiance,49,1,chapter_37,Adolin
Ash,Khal,Words of Radiance,49,1,chapter_37,Adolin
Ash,Navani,Words of Radiance,49,1,chapter_37,Adolin
Ash,Ruthar,Words of Radiance,49,1,chapter_37,Adolin
Ash,Sadeas,Words of Radiance,49,1,chapter_37,Adolin
Ash,Talenel,Words of Radiance,49,1,chapter_37,Adolin
Dalinar,Jakamav,Words of Radiance,49,1,chapter_37,Adolin
Dalinar,Jasnah,Words of Radiance,49,1,chapter_37,Adolin
Dalinar,Khal,Words of Radiance,49,1,chapter_37,Adolin
Dalinar,Navani,Words of Radiance,49,1,chapter_37,Adolin
Dalinar,Ruthar,Words of Radiance,49,1,chapter_37,Adolin
Dalinar,Sadeas,Words of Radiance,49,1,chapter_37,Adolin
Dalinar,Talenel,Words of Radiance,49,1,chapter_37,Adolin
Jakamav,Jasnah,Words of Radiance,49,1,chapter_37,Adolin
Jakamav,Khal,Words of Radiance,49,1,chapter_37,Adolin
Jakamav,Navani,Words of Radiance,49,1,chapter_37,Adolin
Jakamav,Ruthar,Words of Radiance,49,1,chapter_37,Adolin
Jakamav,Sadeas,Words of Radiance,49,1,chapter_37,Adolin
Jakamav,Talenel,Words of Radiance,49,1,chapter_37,Adolin
Jasnah,Khal,Words of Radiance,49,1,chapter_37,Adolin
Jasnah,Navani,Words of Radiance,49,1,chapter_37,Adolin
Jasnah,Ruthar,Words of Radiance,49,1,chapter_37,Adolin
Jasnah,Sadeas,Words of Radiance,49,1,chapter_37,Adolin
Jasnah,Talenel,Words of Radiance,49,1,chapter_37,Adolin
Khal,Navani,Words of Radiance,49,1,chapter_37,Adolin
Khal,Ruthar,Words of Radiance,49,1,chapter_37,Adolin
Khal,Sadeas,Words of Radiance,49,1,chapter_37,Adolin
Khal,Talenel,Words of Radiance,49,1,chapter_37,Adolin
Navani,Ruthar,Words of Radiance,49,1,chapter_37,Adolin
Navani,Sadeas,Words of Radiance,49,1,chapter_37,Adolin
Navani,Talenel,Words of Radiance,49,1,chapter_37,Adolin
Ruthar,Sadeas,Words of Radiance,49,1,chapter_37,Adolin
Ruthar,Talenel,Words of Radiance,49,1,chapter_37,Adolin
Sadeas,Talenel,Words of Radiance,49,1,chapter_37,Adolin
Adolin,Aladar,Words of Radiance,50,1,chapter_38,Shallan
Adolin,Ash,Words of Radiance,50,1,chapter_38,Shallan
Adolin,Dalinar,Words of Radiance,50,1,chapter_38,Shallan
Adolin,Elhokar,Words of Radiance,50,1,chapter_38,Shallan
Adolin,Gavilar,Words of Radiance,50,1,chapter_38,Shallan
Adolin,Gaz,Words of Radiance,50,1,chapter_38,Shallan
Adolin,Hatham,Words of Radiance,50,1,chapter_38,Shallan
Adolin,Ialai,Words of Radiance,50,1,chapter_38,Shallan
Adolin,Jasnah,Words of Radiance,50,1,chapter_38,Shallan
Adolin,Navani,Words of Radiance,50,1,chapter_38,Shallan
Adolin,Pattern,Words of Radiance,50,1,chapter_38,Shallan
Adolin,Roion,Words of Radiance,50,1,chapter_38,Shallan
Adolin,Ruthar,Words of Radiance,50,1,chapter_38,Shallan
Adolin,Sadeas,Words of Radiance,50,1,chapter_38,Shallan
Adolin,Sebarial,Words of Radiance,50,1,chapter_38,Shallan
Adolin,Shallan,Words of Radiance,50,1,chapter_38,Shallan
Adolin,Tyn,Words of Radiance,50,1,chapter_38,Shallan
Adolin,Vamah,Words of Radiance,50,1,chapter_38,Shallan
Adolin,Vathah,Words of Radiance,50,1,chapter_38,Shallan
Aladar,Ash,Words of Radiance,50,1,chapter_38,Shallan
Aladar,Dalinar,Words of Radiance,50,1,chapter_38,Shallan
Aladar,Elhokar,Words of Radiance,50,1,chapter_38,Shallan
Aladar,Gavilar,Words of Radiance,50,1,chapter_38,Shallan
Aladar,Gaz,Words of Radiance,50,1,chapter_38,Shallan
Aladar,Hatham,Words of Radiance,50,1,chapter_38,Shallan
Aladar,Ialai,Words of Radiance,50,1,chapter_38,Shallan
Aladar,Jasnah,Words of Radiance,50,1,chapter_38,Shallan
Aladar,Navani,Words of Radiance,50,1,chapter_38,Shallan
Aladar,Pattern,Words of Radiance,50,1,chapter_38,Shallan
Aladar,Roion,Words of Radiance,50,1,chapter_38,Shallan
Aladar,Ruthar,Words of Radiance,50,1,chapter_38,Shallan
Aladar,Sadeas,Words of Radiance,50,1,chapter_38,Shallan
Aladar,Sebarial,Words of Radiance,50,1,chapter_38,Shallan
Aladar,Shallan,Words of Radiance,50,1,chapter_38,Shallan
Aladar,Tyn,Words of Radiance,50,1,chapter_38,Shallan
Aladar,Vamah,Words of Radiance,50,1,chapter_38,Shallan
Aladar,Vathah,Words of Radiance,50,1,chapter_38,Shallan
Ash,Dalinar,Words of Radiance,50,1,chapter_38,Shallan
Ash,Elhokar,Words of Radiance,50,1,chapter_38,Shallan
Ash,Gavilar,Words of Radiance,50,1,chapter_38,Shallan
Ash,Gaz,Words of Radiance,50,1,chapter_38,Shallan
Ash,Hatham,Words of Radiance,50,1,chapter_38,Shallan
Ash,Ialai,Words of Radiance,50,1,chapter_38,Shallan
Ash,Jasnah,Words of Radiance,50,1,chapter_38,Shallan
Ash,Navani,Words of Radiance,50,1,chapter_38,Shallan
Ash,Pattern,Words of Radiance,50,1,chapter_38,Shallan
Ash,Roion,Words of Radiance,50,1,chapter_38,Shallan
Ash,Ruthar,Words of Radiance,50,1,chapter_38,Shallan
Ash,Sadeas,Words of Radiance,50,1,chapter_38,Shallan
Ash,Sebarial,Words of Radiance,50,1,chapter_38,Shallan
Ash,Shallan,Words of Radiance,50,1,chapter_38,Shallan
Ash,Tyn,Words of Radiance,50,1,chapter_38,Shallan
Ash,Vamah,Words of Radiance,50,1,chapter_38,Shallan
Ash,Vathah,Words of Radiance,50,1,chapter_38,Shallan
Dalinar,Elhokar,Words of Radiance,50,1,chapter_38,Shallan
Dalinar,Gavilar,Words of Radiance,50,1,chapter_38,Shallan
Dalinar,Gaz,Words of Radiance,50,1,chapter_38,Shallan
Dalinar,Hatham,Words of Radiance,50,1,chapter_38,Shallan
Dalinar,Ialai,Words of Radiance,50,1,chapter_38,Shallan
Dalinar,Jasnah,Words of Radiance,50,1,chapter_38,Shallan
Dalinar,Navani,Words of Radiance,50,1,chapter_38,Shallan
Dalinar,Pattern,Words of Radiance,50,1,chapter_38,Shallan
Dalinar,Roion,Words of Radiance,50,1,chapter_38,Shallan
Dalinar,Ruthar,Words of Radiance,50,1,chapter_38,Shallan
Dalinar,Sadeas,Words of Radiance,50,1,chapter_38,Shallan
Dalinar,Sebarial,Words of Radiance,50,1,chapter_38,Shallan
Dalinar,Shallan,Words of Radiance,50,1,chapter_38,Shallan
Dalinar,Tyn,Words of Radiance,50,1,chapter_38,Shallan
Dalinar,Vamah,Words of Radiance,50,1,chapter_38,Shallan
Dalinar,Vathah,Words of Radiance,50,1,chapter_38,Shallan
Elhokar,Gavilar,Words of Radiance,50,1,chapter_38,Shallan
Elhokar,Gaz,Words of Radiance,50,1,chapter_38,Shallan
Elhokar,Hatham,Words of Radiance,50,1,chapter_38,Shallan
Elhokar,Ialai,Words of Radiance,50,1,chapter_38,Shallan
Elhokar,Jasnah,Words of Radiance,50,1,chapter_38,Shallan
Elhokar,Navani,Words of Radiance,50,1,chapter_38,Shallan
Elhokar,Pattern,Words of Radiance,50,1,chapter_38,Shallan
Elhokar,Roion,Words of Radiance,50,1,chapter_38,Shallan
Elhokar,Ruthar,Words of Radiance,50,1,chapter_38,Shallan
Elhokar,Sadeas,Words of Radiance,50,1,chapter_38,Shallan
Elhokar,Sebarial,Words of Radiance,50,1,chapter_38,Shallan
Elhokar,Shallan,Words of Radiance,50,1,chapter_38,Shallan
Elhokar,Tyn,Words of Radiance,50,1,chapter_38,Shallan
Elhokar,Vamah,Words of Radiance,50,1,chapter_38,Shallan
Elhokar,Vathah,Words of Radiance,50,1,chapter_38,Shallan
Gavilar,Gaz,Words of Radiance,50,1,chapter_38,Shallan
Gavilar,Hatham,Words of Radiance,50,1,chapter_38,Shallan
Gavilar,Ialai,Words of Radiance,50,1,chapter_38,Shallan
Gavilar,Jasnah,Words of Radiance,50,1,chapter_38,Shallan
Gavilar,Navani,Words of Radiance,50,1,chapter_38,Shallan
Gavilar,Pattern,Words of Radiance,50,1,chapter_38,Shallan
Gavilar,Roion,Words of Radiance,50,1,chapter_38,Shallan
Gavilar,Ruthar,Words of Radiance,50,1,chapter_38,Shallan
Gavilar,Sadeas,Words of Radiance,50,1,chapter_38,Shallan
Gavilar,Sebarial,Words of Radiance,50,1,chapter_38,Shallan
Gavilar,Shallan,Words of Radiance,50,1,chapter_38,Shallan
Gavilar,Tyn,Words of Radiance,50,1,chapter_38,Shallan
Gavilar,Vamah,Words of Radiance,50,1,chapter_38,Shallan
Gavilar,Vathah,Words of Radiance,50,1,chapter_38,Shallan
Gaz,Hatham,Words of Radiance,50,1,chapter_38,Shallan
Gaz,Ialai,Words of Radiance,50,1,chapter_38,Shallan
Gaz,Jasnah,Words of Radiance,50,1,chapter_38,Shallan
Gaz,Navani,Words of Radiance,50,1,chapter_38,Shallan
Gaz,Pattern,Words of Radiance,50,1,chapter_38,Shallan
Gaz,Roion,Words of Radiance,50,1,chapter_38,Shallan
Gaz,Ruthar,Words of Radiance,50,1,chapter_38,Shallan
Gaz,Sadeas,Words of Radiance,50,1,chapter_38,Shallan
Gaz,Sebarial,Words of Radiance,50,1,chapter_38,Shallan
Gaz,Shallan,Words of Radiance,50,1,chapter_38,Shallan
Gaz,Tyn,Words of Radiance,50,1,chapter_38,Shallan
Gaz,Vamah,Words of Radiance,50,1,chapter_38,Shallan
Gaz,Vathah,Words of Radiance,50,1,chapter_38,Shallan
Hatham,Ialai,Words of Radiance,50,1,chapter_38,Shallan
Hatham,Jasnah,Words of Radiance,50,1,chapter_38,Shallan
Hatham,Navani,Words of Radiance,50,1,chapter_38,Shallan
Hatham,Pattern,Words of Radiance,50,1,chapter_38,Shallan
Hatham,Roion,Words of Radiance,50,1,chapter_38,Shallan
Hatham,Ruthar,Words of Radiance,50,1,chapter_38,Shallan
Hatham,Sadeas,Words of Radiance,50,1,chapter_38,Shallan
Hatham,Sebarial,Words of Radiance,50,1,chapter_38,Shallan
Hatham,Shallan,Words of Radiance,50,1,chapter_38,Shallan
Hatham,Tyn,Words of Radiance,50,1,chapter_38,Shallan
Hatham,Vamah,Words of Radiance,50,1,chapter_38,Shallan
Hatham,Vathah,Words of Radiance,50,1,chapter_38,Shallan
Ialai,Jasnah,Words of Radiance,50,1,chapter_38,Shallan
Ialai,Navani,Words of Radiance,50,1,chapter_38,Shallan
Ialai,Pattern,Words of Radiance,50,1,chapter_38,Shallan
Ialai,Roion,Words of Radiance,50,1,chapter_38,Shallan
Ialai,Ruthar,Words of Radiance,50,1,chapter_38,Shallan
Ialai,Sadeas,Words of Radiance,50,1,chapter_38,Shallan
Ialai,Sebarial,Words of Radiance,50,1,chapter_38,Shallan
Ialai,Shallan,Words of Radiance,50,1,chapter_38,Shallan
Ialai,Tyn,Words of Radiance,50,1,chapter_38,Shallan
Ialai,Vamah,Words of Radiance,50,1,chapter_38,Shallan
Ialai,Vathah,Words of Radiance,50,1,chapter_38,Shallan
Jasnah,Navani,Words of Radiance,50,1,chapter_38,Shallan
Jasnah,Pattern,Words of Radiance,50,1,chapter_38,Shallan
Jasnah,Roion,Words of Radiance,50,1,chapter_38,Shallan
Jasnah,Ruthar,Words of Radiance,50,1,chapter_38,Shallan
Jasnah,Sadeas,Words of Radiance,50,1,chapter_38,Shallan
Jasnah,Sebarial,Words of Radiance,50,1,chapter_38,Shallan
Jasnah,Shallan,Words of Radiance,50,1,chapter_38,Shallan
Jasnah,Tyn,Words of Radiance,50,1,chapter_38,Shallan
Jasnah,Vamah,Words of Radiance,50,1,chapter_38,Shallan
Jasnah,Vathah,Words of Radiance,50,1,chapter_38,Shallan
Navani,Pattern,Words of Radiance,50,1,chapter_38,Shallan
Navani,Roion,Words of Radiance,50,1,chapter_38,Shallan
Navani,Ruthar,Words of Radiance,50,1,chapter_38,Shallan
Navani,Sadeas,Words of Radiance,50,1,chapter_38,Shallan
Navani,Sebarial,Words of Radiance,50,1,chapter_38,Shallan
Navani,Shallan,Words of Radiance,50,1,chapter_38,Shallan
Navani,Tyn,Words of Radiance,50,1,chapter_38,Shallan
Navani,Vamah,Words of Radiance,50,1,chapter_38,Shallan
Navani,Vathah,Words of Radiance,50,1,chapter_38,Shallan
Pattern,Roion,Words of Radiance,50,1,chapter_38,Shallan
Pattern,Ruthar,Words of Radiance,50,1,chapter_38,Shallan
Pattern,Sadeas,Words of Radiance,50,1,chapter_38,Shallan
Pattern,Sebarial,Words of Radiance,50,1,chapter_38,Shallan
Pattern,Shallan,Words of Radiance,50,1,chapter_38,Shallan
Pattern,Tyn,Words of Radiance,50,1,chapter_38,Shallan
Pattern,Vamah,Words of Radiance,50,1,chapter_38,Shallan
Pattern,Vathah,Words of Radiance,50,1,chapter_38,Shallan
Roion,Ruthar,Words of Radiance,50,1,chapter_38,Shallan
Roion,Sadeas,Words of Radiance,50,1,chapter_38,Shallan
Roion,Sebarial,Words of Radiance,50,1,chapter_38,Shallan
Roion,Shallan,Words of Radiance,50,1,chapter_38,Shallan
Roion,Tyn,Words of Radiance,50,1,chapter_38,Shallan
Roion,Vamah,Words of Radiance,50,1,chapter_38,Shallan
Roion,Vathah,Words of Radiance,50,1,chapter_38,Shallan
Ruthar,Sadeas,Words of Radiance,50,1,chapter_38,Shallan
Ruthar,Sebarial,Words of Radiance,50,1,chapter_38,Shallan
Ruthar,Shallan,Words of Radiance,50,1,chapter_38,Shallan
Ruthar,Tyn,Words of Radiance,50,1,chapter_38,Shallan
Ruthar,Vamah,Words of Radiance,50,1,chapter_38,Shallan
Ruthar,Vathah,Words of Radiance,50,1,chapter_38,Shallan
Sadeas,Sebarial,Words of Radiance,50,1,chapter_38,Shallan
Sadeas,Shallan,Words of Radiance,50,1,chapter_38,Shallan
Sadeas,Tyn,Words of Radiance,50,1,chapter_38,Shallan
Sadeas,Vamah,Words of Radiance,50,1,chapter_38,Shallan
Sadeas,Vathah,Words of Radiance,50,1,chapter_38,Shallan
Sebarial,Shallan,Words of Radiance,50,1,chapter_38,Shallan
Sebarial,Tyn,Words of Radiance,50,1,chapter_38,Shallan
Sebarial,Vamah,Words of Radiance,50,1,chapter_38,Shallan
Sebarial,Vathah,Words of Radiance,50,1,chapter_38,Shallan
Shallan,Tyn,Words of Radiance,50,1,chapter_38,Shallan
Shallan,Vamah,Words of Radiance,50,1,chapter_38,Shallan
Shallan,Vathah,Words of Radiance,50,1,chapter_38,Shallan
Tyn,Vamah,Words of Radiance,50,1,chapter_38,Shallan
Tyn,Vathah,Words of Radiance,50,1,chapter_38,Shallan
Vamah,Vathah,Words of Radiance,50,1,chapter_38,Shallan
Balat,Helaran,Words of Radiance,51,1,chapter_39,Shallan
Balat,Jasnah,Words of Radiance,51,1,chapter_39,Shallan
Balat,Jushu,Words of Radiance,51,1,chapter_39,Shallan
Balat,Nan,Words of Radiance,51,1,chapter_39,Shallan
Balat,Redin,Words of Radiance,51,1,chapter_39,Shallan
Balat,Shallan,Words of Radiance,51,1,chapter_39,Shallan
Balat,Valam,Words of Radiance,51,1,chapter_39,Shallan
Balat,Wikim,Words of Radiance,51,1,chapter_39,Shallan
Helaran,Jasnah,Words of Radiance,51,1,chapter_39,Shallan
Helaran,Jushu,Words of Radiance,51,1,chapter_39,Shallan
Helaran,Nan,Words of Radiance,51,1,chapter_39,Shallan
Helaran,Redin,Words of Radiance,51,1,chapter_39,Shallan
Helaran,Shallan,Words of Radiance,51,1,chapter_39,Shallan
Helaran,Valam,Words of Radiance,51,1,chapter_39,Shallan
Helaran,Wikim,Words of Radiance,51,1,chapter_39,Shallan
Jasnah,Jushu,Words of Radiance,51,1,chapter_39,Shallan
Jasnah,Nan,Words of Radiance,51,1,chapter_39,Shallan
Jasnah,Redin,Words of Radiance,51,1,chapter_39,Shallan
Jasnah,Shallan,Words of Radiance,51,1,chapter_39,Shallan
Jasnah,Valam,Words of Radiance,51,1,chapter_39,Shallan
Jasnah,Wikim,Words of Radiance,51,1,chapter_39,Shallan
Jushu,Nan,Words of Radiance,51,1,chapter_39,Shallan
Jushu,Redin,Words of Radiance,51,1,chapter_39,Shallan
Jushu,Shallan,Words of Radiance,51,1,chapter_39,Shallan
Jushu,Valam,Words of Radiance,51,1,chapter_39,Shallan
Jushu,Wikim,Words of Radiance,51,1,chapter_39,Shallan
Nan,Redin,Words of Radiance,51,1,chapter_39,Shallan
Nan,Shallan,Words of Radiance,51,1,chapter_39,Shallan
Nan,Valam,Words of Radiance,51,1,chapter_39,Shallan
Nan,Wikim,Words of Radiance,51,1,chapter_39,Shallan
Redin,Shallan,Words of Radiance,51,1,chapter_39,Shallan
Redin,Valam,Words of Radiance,51,1,chapter_39,Shallan
Redin,Wikim,Words of Radiance,51,1,chapter_39,Shallan
Shallan,Valam,Words of Radiance,51,1,chapter_39,Shallan
Shallan,Wikim,Words of Radiance,51,1,chapter_39,Shallan
Valam,Wikim,Words of Radiance,51,1,chapter_39,Shallan
Adolin,Dalinar,Words of Radiance,52,1,chapter_40,Shallan
Adolin,Jasnah,Words of Radiance,52,1,chapter_40,Shallan
Adolin,Navani,Words of Radiance,52,1,chapter_40,Shallan
Adolin,Pattern,Words of Radiance,52,1,chapter_40,Shallan
Adolin,Ruthar,Words of Radiance,52,1,chapter_40,Shallan
Adolin,Sebarial,Words of Radiance,52,1,chapter_40,Shallan
Adolin,Shallan,Words of Radiance,52,1,chapter_40,Shallan
Dalinar,Jasnah,Words of Radiance,52,1,chapter_40,Shallan
Dalinar,Navani,Words of Radiance,52,1,chapter_40,Shallan
Dalinar,Pattern,Words of Radiance,52,1,chapter_40,Shallan
Dalinar,Ruthar,Words of Radiance,52,1,chapter_40,Shallan
Dalinar,Sebarial,Words of Radiance,52,1,chapter_40,Shallan
Dalinar,Shallan,Words of Radiance,52,1,chapter_40,Shallan
Jasnah,Navani,Words of Radiance,52,1,chapter_40,Shallan
Jasnah,Pattern,Words of Radiance,52,1,chapter_40,Shallan
Jasnah,Ruthar,Words of Radiance,52,1,chapter_40,Shallan
Jasnah,Sebarial,Words of Radiance,52,1,chapter_40,Shallan
Jasnah,Shallan,Words of Radiance,52,1,chapter_40,Shallan
Navani,Pattern,Words of Radiance,52,1,chapter_40,Shallan
Navani,Ruthar,Words of Radiance,52,1,chapter_40,Shallan
Navani,Sebarial,Words of Radiance,52,1,chapter_40,Shallan
Navani,Shallan,Words of Radiance,52,1,chapter_40,Shallan
Pattern,Ruthar,Words of Radiance,52,1,chapter_40,Shallan
Pattern,Sebarial,Words of Radiance,52,1,chapter_40,Shallan
Pattern,Shallan,Words of Radiance,52,1,chapter_40,Shallan
Ruthar,Sebarial,Words of Radiance,52,1,chapter_40,Shallan
Ruthar,Shallan,Words of Radiance,52,1,chapter_40,Shallan
Sebarial,Shallan,Words of Radiance,52,1,chapter_40,Shallan
Adolin,Amaram,Words of Radiance,53,1,chapter_41,Kaladin
Adolin,Dalinar,Words of Radiance,53,1,chapter_41,Kaladin
Adolin,Elhokar,Words of Radiance,53,1,chapter_41,Kaladin
Adolin,Gavilar,Words of Radiance,53,1,chapter_41,Kaladin
Adolin,Gaz,Words of Radiance,53,1,chapter_41,Kaladin
Adolin,Kaladin,Words of Radiance,53,1,chapter_41,Kaladin
Adolin,Lopen,Words of Radiance,53,1,chapter_41,Kaladin
Adolin,Moash,Words of Radiance,53,1,chapter_41,Kaladin
Adolin,Rock,Words of Radiance,53,1,chapter_41,Kaladin
Adolin,Roshone,Words of Radiance,53,1,chapter_41,Kaladin
Adolin,Sadeas,Words of Radiance,53,1,chapter_41,Kaladin
Adolin,Sigzil,Words of Radiance,53,1,chapter_41,Kaladin
Adolin,Syl,Words of Radiance,53,1,chapter_41,Kaladin
Adolin,Teft,Words of Radiance,53,1,chapter_41,Kaladin
Adolin,Tien,Words of Radiance,53,1,chapter_41,Kaladin
Amaram,Dalinar,Words of Radiance,53,1,chapter_41,Kaladin
Amaram,Elhokar,Words of Radiance,53,1,chapter_41,Kaladin
Amaram,Gavilar,Words of Radiance,53,1,chapter_41,Kaladin
Amaram,Gaz,Words of Radiance,53,1,chapter_41,Kaladin
Amaram,Kaladin,Words of Radiance,53,1,chapter_41,Kaladin
Amaram,Lopen,Words of Radiance,53,1,chapter_41,Kaladin
Amaram,Moash,Words of Radiance,53,1,chapter_41,Kaladin
Amaram,Rock,Words of Radiance,53,1,chapter_41,Kaladin
Amaram,Roshone,Words of Radiance,53,1,chapter_41,Kaladin
Amaram,Sadeas,Words of Radiance,53,1,chapter_41,Kaladin
Amaram,Sigzil,Words of Radiance,53,1,chapter_41,Kaladin
Amaram,Syl,Words of Radiance,53,1,chapter_41,Kaladin
Amaram,Teft,Words of Radiance,53,1,chapter_41,Kaladin
Amaram,Tien,Words of Radiance,53,1,chapter_41,Kaladin
Dalinar,Elhokar,Words of Radiance,53,1,chapter_41,Kaladin
Dalinar,Gavilar,Words of Radiance,53,1,chapter_41,Kaladin
Dalinar,Gaz,Words of Radiance,53,1,chapter_41,Kaladin
Dalinar,Kaladin,Words of Radiance,53,1,chapter_41,Kaladin
Dalinar,Lopen,Words of Radiance,53,1,chapter_41,Kaladin
Dalinar,Moash,Words of Radiance,53,1,chapter_41,Kaladin
Dalinar,Rock,Words of Radiance,53,1,chapter_41,Kaladin
Dalinar,Roshone,Words of Radiance,53,1,chapter_41,Kaladin
Dalinar,Sadeas,Words of Radiance,53,1,chapter_41,Kaladin
Dalinar,Sigzil,Words of Radiance,53,1,chapter_41,Kaladin
Dalinar,Syl,Words of Radiance,53,1,chapter_41,Kaladin
Dalinar,Teft,Words of Radiance,53,1,chapter_41,Kaladin
Dalinar,Tien,Words of Radiance,53,1,chapter_41,Kaladin
Elhokar,Gavilar,Words of Radiance,53,1,chapter_41,Kaladin
Elhokar,Gaz,Words of Radiance,53,1,chapter_41,Kaladin
Elhokar,Kaladin,Words of Radiance,53,1,chapter_41,Kaladin
Elhokar,Lopen,Words of Radiance,53,1,chapter_41,Kaladin
Elhokar,Moash,Words of Radiance,53,1,chapter_41,Kaladin
Elhokar,Rock,Words of Radiance,53,1,chapter_41,Kaladin
Elhokar,Roshone,Words of Radiance,53,1,chapter_41,Kaladin
Elhokar,Sadeas,Words of Radiance,53,1,chapter_41,Kaladin
Elhokar,Sigzil,Words of Radiance,53,1,chapter_41,Kaladin
Elhokar,Syl,Words of Radiance,53,1,chapter_41,Kaladin
Elhokar,Teft,Words of Radiance,53,1,chapter_41,Kaladin
Elhokar,Tien,Words of Radiance,53,1,chapter_41,Kaladin
Gavilar,Gaz,Words of Radiance,53,1,chapter_41,Kaladin
Gavilar,Kaladin,Words of Radiance,53,1,chapter_41,Kaladin
Gavilar,Lopen,Words of Radiance,53,1,chapter_41,Kaladin
Gavilar,Moash,Words of Radiance,53,1,chapter_41,Kaladin
Gavilar,Rock,Words of Radiance,53,1,chapter_41,Kaladin
Gavilar,Roshone,Words of Radiance,53,1,chapter_41,Kaladin
Gavilar,Sadeas,Words of Radiance,53,1,chapter_41,Kaladin
Gavilar,Sigzil,Words of Radiance,53,1,chapter_41,Kaladin
Gavilar,Syl,Words of Radiance,53,1,chapter_41,Kaladin
Gavilar,Teft,Words of Radiance,53,1,chapter_41,Kaladin
Gavilar,Tien,Words of Radiance,53,1,chapter_41,Kaladin
Gaz,Kaladin,Words of Radiance,53,1,chapter_41,Kaladin
Gaz,Lopen,Words of Radiance,53,1,chapter_41,Kaladin
Gaz,Moash,Words of Radiance,53,1,chapter_41,Kaladin
Gaz,Rock,Words of Radiance,53,1,chapter_41,Kaladin
Gaz,Roshone,Words of Radiance,53,1,chapter_41,Kaladin
Gaz,Sadeas,Words of Radiance,53,1,chapter_41,Kaladin
Gaz,Sigzil,Words of Radiance,53,1,chapter_41,Kaladin
Gaz,Syl,Words of Radiance,53,1,chapter_41,Kaladin
Gaz,Teft,Words of Radiance,53,1,chapter_41,Kaladin
Gaz,Tien,Words of Radiance,53,1,chapter_41,Kaladin
Kaladin,Lopen,Words of Radiance,53,1,chapter_41,Kaladin
Kaladin,Moash,Words of Radiance,53,1,chapter_41,Kaladin
Kaladin,Rock,Words of Radiance,53,1,chapter_41,Kaladin
Kaladin,Roshone,Words of Radiance,53,1,chapter_41,Kaladin
Kaladin,Sadeas,Words of Radiance,53,1,chapter_41,Kaladin
Kaladin,Sigzil,Words of Radiance,53,1,chapter_41,Kaladin
Kaladin,Syl,Words of Radiance,53,1,chapter_41,Kaladin
Kaladin,Teft,Words of Radiance,53,1,chapter_41,Kaladin
Kaladin,Tien,Words of Radiance,53,1,chapter_41,Kaladin
Lopen,Moash,Words of Radiance,53,1,chapter_41,Kaladin
Lopen,Rock,Words of Radiance,53,1,chapter_41,Kaladin
Lopen,Roshone,Words of Radiance,53,1,chapter_41,Kaladin
Lopen,Sadeas,Words of Radiance,53,1,chapter_41,Kaladin
Lopen,Sigzil,Words of Radiance,53,1,chapter_41,Kaladin
Lopen,Syl,Words of Radiance,53,1,chapter_41,Kaladin
Lopen,Teft,Words of Radiance,53,1,chapter_41,Kaladin
Lopen,Tien,Words of Radiance,53,1,chapter_41,Kaladin
Moash,Rock,Words of Radiance,53,1,chapter_41,Kaladin
Moash,Roshone,Words of Radiance,53,1,chapter_41,Kaladin
Moash,Sadeas,Words of Radiance,53,1,chapter_41,Kaladin
Moash,Sigzil,Words of Radiance,53,1,chapter_41,Kaladin
Moash,Syl,Words of Radiance,53,1,chapter_41,Kaladin
Moash,Teft,Words of Radiance,53,1,chapter_41,Kaladin
Moash,Tien,Words of Radiance,53,1,chapter_41,Kaladin
Rock,Roshone,Words of Radiance,53,1,chapter_41,Kaladin
Rock,Sadeas,Words of Radiance,53,1,chapter_41,Kaladin
Rock,Sigzil,Words of Radiance,53,1,chapter_41,Kaladin
Rock,Syl,Words of Radiance,53,1,chapter_41,Kaladin
Rock,Teft,Words of Radiance,53,1,chapter_41,Kaladin
Rock,Tien,Words of Radiance,53,1,chapter_41,Kaladin
Roshone,Sadeas,Words of Radiance,53,1,chapter_41,Kaladin
Roshone,Sigzil,Words of Radiance,53,1,chapter_41,Kaladin
Roshone,Syl,Words of Radiance,53,1,chapter_41,Kaladin
Roshone,Teft,Words of Radiance,53,1,chapter_41,Kaladin
Roshone,Tien,Words of Radiance,53,1,chapter_41,Kaladin
Sadeas,Sigzil,Words of Radiance,53,1,chapter_41,Kaladin
Sadeas,Syl,Words of Radiance,53,1,chapter_41,Kaladin
Sadeas,Teft,Words of Radiance,53,1,chapter_41,Kaladin
Sadeas,Tien,Words of Radiance,53,1,chapter_41,Kaladin
Sigzil,Syl,Words of Radiance,53,1,chapter_41,Kaladin
Sigzil,Teft,Words of Radiance,53,1,chapter_41,Kaladin
Sigzil,Tien,Words of Radiance,53,1,chapter_41,Kaladin
Syl,Teft,Words of Radiance,53,1,chapter_41,Kaladin
Syl,Tien,Words of Radiance,53,1,chapter_41,Kaladin
Teft,Tien,Words of Radiance,53,1,chapter_41,Kaladin
Adolin,Amaram,Words of Radiance,53,2,chapter_41,Kaladin
Adolin,Drehy,Words of Radiance,53,2,chapter_41,Kaladin
Adolin,Kaladin,Words of Radiance,53,2,chapter_41,Kaladin
Adolin,Lopen,Words of Radiance,53,2,chapter_41,Kaladin
Adolin,Moash,Words of Radiance,53,2,chapter_41,Kaladin
Adolin,Renarin,Words of Radiance,53,2,chapter_41,Kaladin
Adolin,Rock,Words of Radiance,53,2,chapter_41,Kaladin
Adolin,Sadeas,Words of Radiance,53,2,chapter_41,Kaladin
Adolin,Sigzil,Words of Radiance,53,2,chapter_41,Kaladin
Adolin,Syl,Words of Radiance,53,2,chapter_41,Kaladin
Adolin,Teft,Words of Radiance,53,2,chapter_41,Kaladin
Adolin,Zahel,Words of Radiance,53,2,chapter_41,Kaladin
Amaram,Drehy,Words of Radiance,53,2,chapter_41,Kaladin
Amaram,Kaladin,Words of Radiance,53,2,chapter_41,Kaladin
Amaram,Lopen,Words of Radiance,53,2,chapter_41,Kaladin
Amaram,Moash,Words of Radiance,53,2,chapter_41,Kaladin
Amaram,Renarin,Words of Radiance,53,2,chapter_41,Kaladin
Amaram,Rock,Words of Radiance,53,2,chapter_41,Kaladin
Amaram,Sadeas,Words of Radiance,53,2,chapter_41,Kaladin
Amaram,Sigzil,Words of Radiance,53,2,chapter_41,Kaladin
Amaram,Syl,Words of Radiance,53,2,chapter_41,Kaladin
Amaram,Teft,Words of Radiance,53,2,chapter_41,Kaladin
Amaram,Zahel,Words of Radiance,53,2,chapter_41,Kaladin
Drehy,Kaladin,Words of Radiance,53,2,chapter_41,Kaladin
Drehy,Lopen,Words of Radiance,53,2,chapter_41,Kaladin
Drehy,Moash,Words of Radiance,53,2,chapter_41,Kaladin
Drehy,Renarin,Words of Radiance,53,2,chapter_41,Kaladin
Drehy,Rock,Words of Radiance,53,2,chapter_41,Kaladin
Drehy,Sadeas,Words of Radiance,53,2,chapter_41,Kaladin
Drehy,Sigzil,Words of Radiance,53,2,chapter_41,Kaladin
Drehy,Syl,Words of Radiance,53,2,chapter_41,Kaladin
Drehy,Teft,Words of Radiance,53,2,chapter_41,Kaladin
Drehy,Zahel,Words of Radiance,53,2,chapter_41,Kaladin
Kaladin,Lopen,Words of Radiance,53,2,chapter_41,Kaladin
Kaladin,Moash,Words of Radiance,53,2,chapter_41,Kaladin
Kaladin,Renarin,Words of Radiance,53,2,chapter_41,Kaladin
Kaladin,Rock,Words of Radiance,53,2,chapter_41,Kaladin
Kaladin,Sadeas,Words of Radiance,53,2,chapter_41,Kaladin
Kaladin,Sigzil,Words of Radiance,53,2,chapter_41,Kaladin
Kaladin,Syl,Words of Radiance,53,2,chapter_41,Kaladin
Kaladin,Teft,Words of Radiance,53,2,chapter_41,Kaladin
Kaladin,Zahel,Words of Radiance,53,2,chapter_41,Kaladin
Lopen,Moash,Words of Radiance,53,2,chapter_41,Kaladin
Lopen,Renarin,Words of Radiance,53,2,chapter_41,Kaladin
Lopen,Rock,Words of Radiance,53,2,chapter_41,Kaladin
Lopen,Sadeas,Words of Radiance,53,2,chapter_41,Kaladin
Lopen,Sigzil,Words of Radiance,53,2,chapter_41,Kaladin
Lopen,Syl,Words of Radiance,53,2,chapter_41,Kaladin
Lopen,Teft,Words of Radiance,53,2,chapter_41,Kaladin
Lopen,Zahel,Words of Radiance,53,2,chapter_41,Kaladin
Moash,Renarin,Words of Radiance,53,2,chapter_41,Kaladin
Moash,Rock,Words of Radiance,53,2,chapter_41,Kaladin
Moash,Sadeas,Words of Radiance,53,2,chapter_41,Kaladin
Moash,Sigzil,Words of Radiance,53,2,chapter_41,Kaladin
Moash,Syl,Words of Radiance,53,2,chapter_41,Kaladin
Moash,Teft,Words of Radiance,53,2,chapter_41,Kaladin
Moash,Zahel,Words of Radiance,53,2,chapter_41,Kaladin
Renarin,Rock,Words of Radiance,53,2,chapter_41,Kaladin
Renarin,Sadeas,Words of Radiance,53,2,chapter_41,Kaladin
Renarin,Sigzil,Words of Radiance,53,2,chapter_41,Kaladin
Renarin,Syl,Words of Radiance,53,2,chapter_41,Kaladin
Renarin,Teft,Words of Radiance,53,2,chapter_41,Kaladin
Renarin,Zahel,Words of Radiance,53,2,chapter_41,Kaladin
Rock,Sadeas,Words of Radiance,53,2,chapter_41,Kaladin
Rock,Sigzil,Words of Radiance,53,2,chapter_41,Kaladin
Rock,Syl,Words of Radiance,53,2,chapter_41,Kaladin
Rock,Teft,Words of Radiance,53,2,chapter_41,Kaladin
Rock,Zahel,Words of Radiance,53,2,chapter_41,Kaladin
Sadeas,Sigzil,Words of Radiance,53,2,chapter_41,Kaladin
Sadeas,Syl,Words of Radiance,53,2,chapter_41,Kaladin
Sadeas,Teft,Words of Radiance,53,2,chapter_41,Kaladin
Sadeas,Zahel,Words of Radiance,53,2,chapter_41,Kaladin
Sigzil,Syl,Words of Radiance,53,2,chapter_41,Kaladin
Sigzil,Teft,Words of Radiance,53,2,chapter_41,Kaladin
Sigzil,Zahel,Words of Radiance,53,2,chapter_41,Kaladin
Syl,Teft,Words of Radiance,53,2,chapter_41,Kaladin
Syl,Zahel,Words of Radiance,53,2,chapter_41,Kaladin
Teft,Zahel,Words of Radiance,53,2,chapter_41,Kaladin
Ash,Jasnah,Words of Radiance,54,1,chapter_42,Shallan
Ash,Pattern,Words of Radiance,54,1,chapter_42,Shallan
Ash,Sebarial,Words of Radiance,54,1,chapter_42,Shallan
Ash,Shallan,Words of Radiance,54,1,chapter_42,Shallan
Ash,Tyn,Words of Radiance,54,1,chapter_42,Shallan
Ash,Vathah,Words of Radiance,54,1,chapter_42,Shallan
Jasnah,Pattern,Words of Radiance,54,1,chapter_42,Shallan
Jasnah,Sebarial,Words of Radiance,54,1,chapter_42,Shallan
Jasnah,Shallan,Words of Radiance,54,1,chapter_42,Shallan
Jasnah,Tyn,Words of Radiance,54,1,chapter_42,Shallan
Jasnah,Vathah,Words of Radiance,54,1,chapter_42,Shallan
Pattern,Sebarial,Words of Radiance,54,1,chapter_42,Shallan
Pattern,Shallan,Words of Radiance,54,1,chapter_42,Shallan
Pattern,Tyn,Words of Radiance,54,1,chapter_42,Shallan
Pattern,Vathah,Words of Radiance,54,1,chapter_42,Shallan
Sebarial,Shallan,Words of Radiance,54,1,chapter_42,Shallan
Sebarial,Tyn,Words of Radiance,54,1,chapter_42,Shallan
Sebarial,Vathah,Words of Radiance,54,1,chapter_42,Shallan
Shallan,Tyn,Words of Radiance,54,1,chapter_42,Shallan
Shallan,Vathah,Words of Radiance,54,1,chapter_42,Shallan
Tyn,Vathah,Words of Radiance,54,1,chapter_42,Shallan
Adolin,Amaram,Words of Radiance,55,1,chapter_43,Shallan
Adolin,Jasnah,Words of Radiance,55,1,chapter_43,Shallan
Adolin,Kabsal,Words of Radiance,55,1,chapter_43,Shallan
Adolin,Mraize,Words of Radiance,55,1,chapter_43,Shallan
Adolin,Pattern,Words of Radiance,55,1,chapter_43,Shallan
Adolin,Sadeas,Words of Radiance,55,1,chapter_43,Shallan
Adolin,Sebarial,Words of Radiance,55,1,chapter_43,Shallan
Adolin,Shallan,Words of Radiance,55,1,chapter_43,Shallan
Adolin,Tyn,Words of Radiance,55,1,chapter_43,Shallan
Amaram,Jasnah,Words of Radiance,55,1,chapter_43,Shallan
Amaram,Kabsal,Words of Radiance,55,1,chapter_43,Shallan
Amaram,Mraize,Words of Radiance,55,1,chapter_43,Shallan
Amaram,Pattern,Words of Radiance,55,1,chapter_43,Shallan
Amaram,Sadeas,Words of Radiance,55,1,chapter_43,Shallan
Amaram,Sebarial,Words of Radiance,55,1,chapter_43,Shallan
Amaram,Shallan,Words of Radiance,55,1,chapter_43,Shallan
Amaram,Tyn,Words of Radiance,55,1,chapter_43,Shallan
Jasnah,Kabsal,Words of Radiance,55,1,chapter_43,Shallan
Jasnah,Mraize,Words of Radiance,55,1,chapter_43,Shallan
Jasnah,Pattern,Words of Radiance,55,1,chapter_43,Shallan
Jasnah,Sadeas,Words of Radiance,55,1,chapter_43,Shallan
Jasnah,Sebarial,Words of Radiance,55,1,chapter_43,Shallan
Jasnah,Shallan,Words of Radiance,55,1,chapter_43,Shallan
Jasnah,Tyn,Words of Radiance,55,1,chapter_43,Shallan
Kabsal,Mraize,Words of Radiance,55,1,chapter_43,Shallan
Kabsal,Pattern,Words of Radiance,55,1,chapter_43,Shallan
Kabsal,Sadeas,Words of Radiance,55,1,chapter_43,Shallan
Kabsal,Sebarial,Words of Radiance,55,1,chapter_43,Shallan
Kabsal,Shallan,Words of Radiance,55,1,chapter_43,Shallan
Kabsal,Tyn,Words of Radiance,55,1,chapter_43,Shallan
Mraize,Pattern,Words of Radiance,55,1,chapter_43,Shallan
Mraize,Sadeas,Words of Radiance,55,1,chapter_43,Shallan
Mraize,Sebarial,Words of Radiance,55,1,chapter_43,Shallan
Mraize,Shallan,Words of Radiance,55,1,chapter_43,Shallan
Mraize,Tyn,Words of Radiance,55,1,chapter_43,Shallan
Pattern,Sadeas,Words of Radiance,55,1,chapter_43,Shallan
Pattern,Sebarial,Words of Radiance,55,1,chapter_43,Shallan
Pattern,Shallan,Words of Radiance,55,1,chapter_43,Shallan
Pattern,Tyn,Words of Radiance,55,1,chapter_43,Shallan
Sadeas,Sebarial,Words of Radiance,55,1,chapter_43,Shallan
Sadeas,Shallan,Words of Radiance,55,1,chapter_43,Shallan
Sadeas,Tyn,Words of Radiance,55,1,chapter_43,Shallan
Sebarial,Shallan,Words of Radiance,55,1,chapter_43,Shallan
Sebarial,Tyn,Words of Radiance,55,1,chapter_43,Shallan
Shallan,Tyn,Words of Radiance,55,1,chapter_43,Shallan
Adolin,Amaram,Words of Radiance,56,1,chapter_44,Kaladin
Adolin,Dalinar,Words of Radiance,56,1,chapter_44,Kaladin
Adolin,Elhokar,Words of Radiance,56,1,chapter_44,Kaladin
Adolin,Eth,Words of Radiance,56,1,chapter_44,Kaladin
Adolin,Gavilar,Words of Radiance,56,1,chapter_44,Kaladin
Adolin,Kaladin,Words of Radiance,56,1,chapter_44,Kaladin
Adolin,Kalak,Words of Radiance,56,1,chapter_44,Kaladin
Adolin,Mart,Words of Radiance,56,1,chapter_44,Kaladin
Adolin,Moash,Words of Radiance,56,1,chapter_44,Kaladin
Adolin,Renarin,Words of Radiance,56,1,chapter_44,Kaladin
Adolin,Roshone,Words of Radiance,56,1,chapter_44,Kaladin
Adolin,Sadeas,Words of Radiance,56,1,chapter_44,Kaladin
Adolin,Sebarial,Words of Radiance,56,1,chapter_44,Kaladin
Adolin,Shallan,Words of Radiance,56,1,chapter_44,Kaladin
Adolin,Syl,Words of Radiance,56,1,chapter_44,Kaladin
Adolin,Teft,Words of Radiance,56,1,chapter_44,Kaladin
Adolin,Yake,Words of Radiance,56,1,chapter_44,Kaladin
Adolin,Zahel,Words of Radiance,56,1,chapter_44,Kaladin
Amaram,Dalinar,Words of Radiance,56,1,chapter_44,Kaladin
Amaram,Elhokar,Words of Radiance,56,1,chapter_44,Kaladin
Amaram,Eth,Words of Radiance,56,1,chapter_44,Kaladin
Amaram,Gavilar,Words of Radiance,56,1,chapter_44,Kaladin
Amaram,Kaladin,Words of Radiance,56,1,chapter_44,Kaladin
Amaram,Kalak,Words of Radiance,56,1,chapter_44,Kaladin
Amaram,Mart,Words of Radiance,56,1,chapter_44,Kaladin
Amaram,Moash,Words of Radiance,56,1,chapter_44,Kaladin
Amaram,Renarin,Words of Radiance,56,1,chapter_44,Kaladin
Amaram,Roshone,Words of Radiance,56,1,chapter_44,Kaladin
Amaram,Sadeas,Words of Radiance,56,1,chapter_44,Kaladin
Amaram,Sebarial,Words of Radiance,56,1,chapter_44,Kaladin
Amaram,Shallan,Words of Radiance,56,1,chapter_44,Kaladin
Amaram,Syl,Words of Radiance,56,1,chapter_44,Kaladin
Amaram,Teft,Words of Radiance,56,1,chapter_44,Kaladin
Amaram,Yake,Words of Radiance,56,1,chapter_44,Kaladin
Amaram,Zahel,Words of Radiance,56,1,chapter_44,Kaladin
Dalinar,Elhokar,Words of Radiance,56,1,chapter_44,Kaladin
Dalinar,Eth,Words of Radiance,56,1,chapter_44,Kaladin
Dalinar,Gavilar,Words of Radiance,56,1,chapter_44,Kaladin
Dalinar,Kaladin,Words of Radiance,56,1,chapter_44,Kaladin
Dalinar,Kalak,Words of Radiance,56,1,chapter_44,Kaladin
Dalinar,Mart,Words of Radiance,56,1,chapter_44,Kaladin
Dalinar,Moash,Words of Radiance,56,1,chapter_44,Kaladin
Dalinar,Renarin,Words of Radiance,56,1,chapter_44,Kaladin
Dalinar,Roshone,Words of Radiance,56,1,chapter_44,Kaladin
Dalinar,Sadeas,Words of Radiance,56,1,chapter_44,Kaladin
Dalinar,Sebarial,Words of Radiance,56,1,chapter_44,Kaladin
Dalinar,Shallan,Words of Radiance,56,1,chapter_44,Kaladin
Dalinar,Syl,Words of Radiance,56,1,chapter_44,Kaladin
Dalinar,Teft,Words of Radiance,56,1,chapter_44,Kaladin
Dalinar,Yake,Words of Radiance,56,1,chapter_44,Kaladin
Dalinar,Zahel,Words of Radiance,56,1,chapter_44,Kaladin
Elhokar,Eth,Words of Radiance,56,1,chapter_44,Kaladin
Elhokar,Gavilar,Words of Radiance,56,1,chapter_44,Kaladin
Elhokar,Kaladin,Words of Radiance,56,1,chapter_44,Kaladin
Elhokar,Kalak,Words of Radiance,56,1,chapter_44,Kaladin
Elhokar,Mart,Words of Radiance,56,1,chapter_44,Kaladin
Elhokar,Moash,Words of Radiance,56,1,chapter_44,Kaladin
Elhokar,Renarin,Words of Radiance,56,1,chapter_44,Kaladin
Elhokar,Roshone,Words of Radiance,56,1,chapter_44,Kaladin
Elhokar,Sadeas,Words of Radiance,56,1,chapter_44,Kaladin
Elhokar,Sebarial,Words of Radiance,56,1,chapter_44,Kaladin
Elhokar,Shallan,Words of Radiance,56,1,chapter_44,Kaladin
Elhokar,Syl,Words of Radiance,56,1,chapter_44,Kaladin
Elhokar,Teft,Words of Radiance,56,1,chapter_44,Kaladin
Elhokar,Yake,Words of Radiance,56,1,chapter_44,Kaladin
Elhokar,Zahel,Words of Radiance,56,1,chapter_44,Kaladin
Eth,Gavilar,Words of Radiance,56,1,chapter_44,Kaladin
Eth,Kaladin,Words of Radiance,56,1,chapter_44,Kaladin
Eth,Kalak,Words of Radiance,56,1,chapter_44,Kaladin
Eth,Mart,Words of Radiance,56,1,chapter_44,Kaladin
Eth,Moash,Words of Radiance,56,1,chapter_44,Kaladin
Eth,Renarin,Words of Radiance,56,1,chapter_44,Kaladin
Eth,Roshone,Words of Radiance,56,1,chapter_44,Kaladin
Eth,Sadeas,Words of Radiance,56,1,chapter_44,Kaladin
Eth,Sebarial,Words of Radiance,56,1,chapter_44,Kaladin
Eth,Shallan,Words of Radiance,56,1,chapter_44,Kaladin
Eth,Syl,Words of Radiance,56,1,chapter_44,Kaladin
Eth,Teft,Words of Radiance,56,1,chapter_44,Kaladin
Eth,Yake,Words of Radiance,56,1,chapter_44,Kaladin
Eth,Zahel,Words of Radiance,56,1,chapter_44,Kaladin
Gavilar,Kaladin,Words of Radiance,56,1,chapter_44,Kaladin
Gavilar,Kalak,Words of Radiance,56,1,chapter_44,Kaladin
Gavilar,Mart,Words of Radiance,56,1,chapter_44,Kaladin
Gavilar,Moash,Words of Radiance,56,1,chapter_44,Kaladin
Gavilar,Renarin,Words of Radiance,56,1,chapter_44,Kaladin
Gavilar,Roshone,Words of Radiance,56,1,chapter_44,Kaladin
Gavilar,Sadeas,Words of Radiance,56,1,chapter_44,Kaladin
Gavilar,Sebarial,Words of Radiance,56,1,chapter_44,Kaladin
Gavilar,Shallan,Words of Radiance,56,1,chapter_44,Kaladin
Gavilar,Syl,Words of Radiance,56,1,chapter_44,Kaladin
Gavilar,Teft,Words of Radiance,56,1,chapter_44,Kaladin
Gavilar,Yake,Words of Radiance,56,1,chapter_44,Kaladin
Gavilar,Zahel,Words of Radiance,56,1,chapter_44,Kaladin
Kaladin,Kalak,Words of Radiance,56,1,chapter_44,Kaladin
Kaladin,Mart,Words of Radiance,56,1,chapter_44,Kaladin
Kaladin,Moash,Words of Radiance,56,1,chapter_44,Kaladin
Kaladin,Renarin,Words of Radiance,56,1,chapter_44,Kaladin
Kaladin,Roshone,Words of Radiance,56,1,chapter_44,Kaladin
Kaladin,Sadeas,Words of Radiance,56,1,chapter_44,Kaladin
Kaladin,Sebarial,Words of Radiance,56,1,chapter_44,Kaladin
Kaladin,Shallan,Words of Radiance,56,1,chapter_44,Kaladin
Kaladin,Syl,Words of Radiance,56,1,chapter_44,Kaladin
Kaladin,Teft,Words of Radiance,56,1,chapter_44,Kaladin
Kaladin,Yake,Words of Radiance,56,1,chapter_44,Kaladin
Kaladin,Zahel,Words of Radiance,56,1,chapter_44,Kaladin
Kalak,Mart,Words of Radiance,56,1,chapter_44,Kaladin
Kalak,Moash,Words of Radiance,56,1,chapter_44,Kaladin
Kalak,Renarin,Words of Radiance,56,1,chapter_44,Kaladin
Kalak,Roshone,Words of Radiance,56,1,chapter_44,Kaladin
Kalak,Sadeas,Words of Radiance,56,1,chapter_44,Kaladin
Kalak,Sebarial,Words of Radiance,56,1,chapter_44,Kaladin
Kalak,Shallan,Words of Radiance,56,1,chapter_44,Kaladin
Kalak,Syl,Words of Radiance,56,1,chapter_44,Kaladin
Kalak,Teft,Words of Radiance,56,1,chapter_44,Kaladin
Kalak,Yake,Words of Radiance,56,1,chapter_44,Kaladin
Kalak,Zahel,Words of Radiance,56,1,chapter_44,Kaladin
Mart,Moash,Words of Radiance,56,1,chapter_44,Kaladin
Mart,Renarin,Words of Radiance,56,1,chapter_44,Kaladin
Mart,Roshone,Words of Radiance,56,1,chapter_44,Kaladin
Mart,Sadeas,Words of Radiance,56,1,chapter_44,Kaladin
Mart,Sebarial,Words of Radiance,56,1,chapter_44,Kaladin
Mart,Shallan,Words of Radiance,56,1,chapter_44,Kaladin
Mart,Syl,Words of Radiance,56,1,chapter_44,Kaladin
Mart,Teft,Words of Radiance,56,1,chapter_44,Kaladin
Mart,Yake,Words of Radiance,56,1,chapter_44,Kaladin
Mart,Zahel,Words of Radiance,56,1,chapter_44,Kaladin
Moash,Renarin,Words of Radiance,56,1,chapter_44,Kaladin
Moash,Roshone,Words of Radiance,56,1,chapter_44,Kaladin
Moash,Sadeas,Words of Radiance,56,1,chapter_44,Kaladin
Moash,Sebarial,Words of Radiance,56,1,chapter_44,Kaladin
Moash,Shallan,Words of Radiance,56,1,chapter_44,Kaladin
Moash,Syl,Words of Radiance,56,1,chapter_44,Kaladin
Moash,Teft,Words of Radiance,56,1,chapter_44,Kaladin
Moash,Yake,Words of Radiance,56,1,chapter_44,Kaladin
Moash,Zahel,Words of Radiance,56,1,chapter_44,Kaladin
Renarin,Roshone,Words of Radiance,56,1,chapter_44,Kaladin
Renarin,Sadeas,Words of Radiance,56,1,chapter_44,Kaladin
Renarin,Sebarial,Words of Radiance,56,1,chapter_44,Kaladin
Renarin,Shallan,Words of Radiance,56,1,chapter_44,Kaladin
Renarin,Syl,Words of Radiance,56,1,chapter_44,Kaladin
Renarin,Teft,Words of Radiance,56,1,chapter_44,Kaladin
Renarin,Yake,Words of Radiance,56,1,chapter_44,Kaladin
Renarin,Zahel,Words of Radiance,56,1,chapter_44,Kaladin
Roshone,Sadeas,Words of Radiance,56,1,chapter_44,Kaladin
Roshone,Sebarial,Words of Radiance,56,1,chapter_44,Kaladin
Roshone,Shallan,Words of Radiance,56,1,chapter_44,Kaladin
Roshone,Syl,Words of Radiance,56,1,chapter_44,Kaladin
Roshone,Teft,Words of Radiance,56,1,chapter_44,Kaladin
Roshone,Yake,Words of Radiance,56,1,chapter_44,Kaladin
Roshone,Zahel,Words of Radiance,56,1,chapter_44,Kaladin
Sadeas,Sebarial,Words of Radiance,56,1,chapter_44,Kaladin
Sadeas,Shallan,Words of Radiance,56,1,chapter_44,Kaladin
Sadeas,Syl,Words of Radiance,56,1,chapter_44,Kaladin
Sadeas,Teft,Words of Radiance,56,1,chapter_44,Kaladin
Sadeas,Yake,Words of Radiance,56,1,chapter_44,Kaladin
Sadeas,Zahel,Words of Radiance,56,1,chapter_44,Kaladin
Sebarial,Shallan,Words of Radiance,56,1,chapter_44,Kaladin
Sebarial,Syl,Words of Radiance,56,1,chapter_44,Kaladin
Sebarial,Teft,Words of Radiance,56,1,chapter_44,Kaladin
Sebarial,Yake,Words of Radiance,56,1,chapter_44,Kaladin
Sebarial,Zahel,Words of Radiance,56,1,chapter_44,Kaladin
Shallan,Syl,Words of Radiance,56,1,chapter_44,Kaladin
Shallan,Teft,Words of Radiance,56,1,chapter_44,Kaladin
Shallan,Yake,Words of Radiance,56,1,chapter_44,Kaladin
Shallan,Zahel,Words of Radiance,56,1,chapter_44,Kaladin
Syl,Teft,Words of Radiance,56,1,chapter_44,Kaladin
Syl,Yake,Words of Radiance,56,1,chapter_44,Kaladin
Syl,Zahel,Words of Radiance,56,1,chapter_44,Kaladin
Teft,Yake,Words of Radiance,56,1,chapter_44,Kaladin
Teft,Zahel,Words of Radiance,56,1,chapter_44,Kaladin
Yake,Zahel,Words of Radiance,56,1,chapter_44,Kaladin
Balat,Helaran,Words of Radiance,57,1,chapter_45,Shallan
Balat,Jushu,Words of Radiance,57,1,chapter_45,Shallan
Balat,Nan,Words of Radiance,57,1,chapter_45,Shallan
Balat,Shallan,Words of Radiance,57,1,chapter_45,Shallan
Balat,Wikim,Words of Radiance,57,1,chapter_45,Shallan
Helaran,Jushu,Words of Radiance,57,1,chapter_45,Shallan
Helaran,Nan,Words of Radiance,57,1,chapter_45,Shallan
Helaran,Shallan,Words of Radiance,57,1,chapter_45,Shallan
Helaran,Wikim,Words of Radiance,57,1,chapter_45,Shallan
Jushu,Nan,Words of Radiance,57,1,chapter_45,Shallan
Jushu,Shallan,Words of Radiance,57,1,chapter_45,Shallan
Jushu,Wikim,Words of Radiance,57,1,chapter_45,Shallan
Nan,Shallan,Words of Radiance,57,1,chapter_45,Shallan
Nan,Wikim,Words of Radiance,57,1,chapter_45,Shallan
Shallan,Wikim,Words of Radiance,57,1,chapter_45,Shallan
Adolin,Amaram,Words of Radiance,58,1,chapter_46,Kaladin
Adolin,Bethab,Words of Radiance,58,1,chapter_46,Kaladin
Adolin,Dalinar,Words of Radiance,58,1,chapter_46,Kaladin
Adolin,Drehy,Words of Radiance,58,1,chapter_46,Kaladin
Adolin,Elhokar,Words of Radiance,58,1,chapter_46,Kaladin
Adolin,Hobber,Words of Radiance,58,1,chapter_46,Kaladin
Adolin,Kaladin,Words of Radiance,58,1,chapter_46,Kaladin
Adolin,Leyten,Words of Radiance,58,1,chapter_46,Kaladin
Adolin,Lopen,Words of Radiance,58,1,chapter_46,Kaladin
Adolin,Moash,Words of Radiance,58,1,chapter_46,Kaladin
Adolin,Natam,Words of Radiance,58,1,chapter_46,Kaladin
Adolin,Renarin,Words of Radiance,58,1,chapter_46,Kaladin
Adolin,Rock,Words of Radiance,58,1,chapter_46,Kaladin
Adolin,Ruthar,Words of Radiance,58,1,chapter_46,Kaladin
Adolin,Sadeas,Words of Radiance,58,1,chapter_46,Kaladin
Adolin,Sigzil,Words of Radiance,58,1,chapter_46,Kaladin
Adolin,Syl,Words of Radiance,58,1,chapter_46,Kaladin
Adolin,Teft,Words of Radiance,58,1,chapter_46,Kaladin
Amaram,Bethab,Words of Radiance,58,1,chapter_46,Kaladin
Amaram,Dalinar,Words of Radiance,58,1,chapter_46,Kaladin
Amaram,Drehy,Words of Radiance,58,1,chapter_46,Kaladin
Amaram,Elhokar,Words of Radiance,58,1,chapter_46,Kaladin
Amaram,Hobber,Words of Radiance,58,1,chapter_46,Kaladin
Amaram,Kaladin,Words of Radiance,58,1,chapter_46,Kaladin
Amaram,Leyten,Words of Radiance,58,1,chapter_46,Kaladin
Amaram,Lopen,Words of Radiance,58,1,chapter_46,Kaladin
Amaram,Moash,Words of Radiance,58,1,chapter_46,Kaladin
Amaram,Natam,Words of Radiance,58,1,chapter_46,Kaladin
Amaram,Renarin,Words of Radiance,58,1,chapter_46,Kaladin
Amaram,Rock,Words of Radiance,58,1,chapter_46,Kaladin
Amaram,Ruthar,Words of Radiance,58,1,chapter_46,Kaladin
Amaram,Sadeas,Words of Radiance,58,1,chapter_46,Kaladin
Amaram,Sigzil,Words of Radiance,58,1,chapter_46,Kaladin
Amaram,Syl,Words of Radiance,58,1,chapter_46,Kaladin
Amaram,Teft,Words of Radiance,58,1,chapter_46,Kaladin
Bethab,Dalinar,Words of Radiance,58,1,chapter_46,Kaladin
Bethab,Drehy,Words of Radiance,58,1,chapter_46,Kaladin
Bethab,Elhokar,Words of Radiance,58,1,chapter_46,Kaladin
Bethab,Hobber,Words of Radiance,58,1,chapter_46,Kaladin
Bethab,Kaladin,Words of Radiance,58,1,chapter_46,Kaladin
Bethab,Leyten,Words of Radiance,58,1,chapter_46,Kaladin
Bethab,Lopen,Words of Radiance,58,1,chapter_46,Kaladin
Bethab,Moash,Words of Radiance,58,1,chapter_46,Kaladin
Bethab,Natam,Words of Radiance,58,1,chapter_46,Kaladin
Bethab,Renarin,Words of Radiance,58,1,chapter_46,Kaladin
Bethab,Rock,Words of Radiance,58,1,chapter_46,Kaladin
Bethab,Ruthar,Words of Radiance,58,1,chapter_46,Kaladin
Bethab,Sadeas,Words of Radiance,58,1,chapter_46,Kaladin
Bethab,Sigzil,Words of Radiance,58,1,chapter_46,Kaladin
Bethab,Syl,Words of Radiance,58,1,chapter_46,Kaladin
Bethab,Teft,Words of Radiance,58,1,chapter_46,Kaladin
Dalinar,Drehy,Words of Radiance,58,1,chapter_46,Kaladin
Dalinar,Elhokar,Words of Radiance,58,1,chapter_46,Kaladin
Dalinar,Hobber,Words of Radiance,58,1,chapter_46,Kaladin
Dalinar,Kaladin,Words of Radiance,58,1,chapter_46,Kaladin
Dalinar,Leyten,Words of Radiance,58,1,chapter_46,Kaladin
Dalinar,Lopen,Words of Radiance,58,1,chapter_46,Kaladin
Dalinar,Moash,Words of Radiance,58,1,chapter_46,Kaladin
Dalinar,Natam,Words of Radiance,58,1,chapter_46,Kaladin
Dalinar,Renarin,Words of Radiance,58,1,chapter_46,Kaladin
Dalinar,Rock,Words of Radiance,58,1,chapter_46,Kaladin
Dalinar,Ruthar,Words of Radiance,58,1,chapter_46,Kaladin
Dalinar,Sadeas,Words of Radiance,58,1,chapter_46,Kaladin
Dalinar,Sigzil,Words of Radiance,58,1,chapter_46,Kaladin
Dalinar,Syl,Words of Radiance,58,1,chapter_46,Kaladin
Dalinar,Teft,Words of Radiance,58,1,chapter_46,Kaladin
Drehy,Elhokar,Words of Radiance,58,1,chapter_46,Kaladin
Drehy,Hobber,Words of Radiance,58,1,chapter_46,Kaladin
Drehy,Kaladin,Words of Radiance,58,1,chapter_46,Kaladin
Drehy,Leyten,Words of Radiance,58,1,chapter_46,Kaladin
Drehy,Lopen,Words of Radiance,58,1,chapter_46,Kaladin
Drehy,Moash,Words of Radiance,58,1,chapter_46,Kaladin
Drehy,Natam,Words of Radiance,58,1,chapter_46,Kaladin
Drehy,Renarin,Words of Radiance,58,1,chapter_46,Kaladin
Drehy,Rock,Words of Radiance,58,1,chapter_46,Kaladin
Drehy,Ruthar,Words of Radiance,58,1,chapter_46,Kaladin
Drehy,Sadeas,Words of Radiance,58,1,chapter_46,Kaladin
Drehy,Sigzil,Words of Radiance,58,1,chapter_46,Kaladin
Drehy,Syl,Words of Radiance,58,1,chapter_46,Kaladin
Drehy,Teft,Words of Radiance,58,1,chapter_46,Kaladin
Elhokar,Hobber,Words of Radiance,58,1,chapter_46,Kaladin
Elhokar,Kaladin,Words of Radiance,58,1,chapter_46,Kaladin
Elhokar,Leyten,Words of Radiance,58,1,chapter_46,Kaladin
Elhokar,Lopen,Words of Radiance,58,1,chapter_46,Kaladin
Elhokar,Moash,Words of Radiance,58,1,chapter_46,Kaladin
Elhokar,Natam,Words of Radiance,58,1,chapter_46,Kaladin
Elhokar,Renarin,Words of Radiance,58,1,chapter_46,Kaladin
Elhokar,Rock,Words of Radiance,58,1,chapter_46,Kaladin
Elhokar,Ruthar,Words of Radiance,58,1,chapter_46,Kaladin
Elhokar,Sadeas,Words of Radiance,58,1,chapter_46,Kaladin
Elhokar,Sigzil,Words of Radiance,58,1,chapter_46,Kaladin
Elhokar,Syl,Words of Radiance,58,1,chapter_46,Kaladin
Elhokar,Teft,Words of Radiance,58,1,chapter_46,Kaladin
Hobber,Kaladin,Words of Radiance,58,1,chapter_46,Kaladin
Hobber,Leyten,Words of Radiance,58,1,chapter_46,Kaladin
Hobber,Lopen,Words of Radiance,58,1,chapter_46,Kaladin
Hobber,Moash,Words of Radiance,58,1,chapter_46,Kaladin
Hobber,Natam,Words of Radiance,58,1,chapter_46,Kaladin
Hobber,Renarin,Words of Radiance,58,1,chapter_46,Kaladin
Hobber,Rock,Words of Radiance,58,1,chapter_46,Kaladin
Hobber,Ruthar,Words of Radiance,58,1,chapter_46,Kaladin
Hobber,Sadeas,Words of Radiance,58,1,chapter_46,Kaladin
Hobber,Sigzil,Words of Radiance,58,1,chapter_46,Kaladin
Hobber,Syl,Words of Radiance,58,1,chapter_46,Kaladin
Hobber,Teft,Words of Radiance,58,1,chapter_46,Kaladin
Kaladin,Leyten,Words of Radiance,58,1,chapter_46,Kaladin
Kaladin,Lopen,Words of Radiance,58,1,chapter_46,Kaladin
Kaladin,Moash,Words of Radiance,58,1,chapter_46,Kaladin
Kaladin,Natam,Words of Radiance,58,1,chapter_46,Kaladin
Kaladin,Renarin,Words of Radiance,58,1,chapter_46,Kaladin
Kaladin,Rock,Words of Radiance,58,1,chapter_46,Kaladin
Kaladin,Ruthar,Words of Radiance,58,1,chapter_46,Kaladin
Kaladin,Sadeas,Words of Radiance,58,1,chapter_46,Kaladin
Kaladin,Sigzil,Words of Radiance,58,1,chapter_46,Kaladin
Kaladin,Syl,Words of Radiance,58,1,chapter_46,Kaladin
Kaladin,Teft,Words of Radiance,58,1,chapter_46,Kaladin
Leyten,Lopen,Words of Radiance,58,1,chapter_46,Kaladin
Leyten,Moash,Words of Radiance,58,1,chapter_46,Kaladin
Leyten,Natam,Words of Radiance,58,1,chapter_46,Kaladin
Leyten,Renarin,Words of Radiance,58,1,chapter_46,Kaladin
Leyten,Rock,Words of Radiance,58,1,chapter_46,Kaladin
Leyten,Ruthar,Words of Radiance,58,1,chapter_46,Kaladin
Leyten,Sadeas,Words of Radiance,58,1,chapter_46,Kaladin
Leyten,Sigzil,Words of Radiance,58,1,chapter_46,Kaladin
Leyten,Syl,Words of Radiance,58,1,chapter_46,Kaladin
Leyten,Teft,Words of Radiance,58,1,chapter_46,Kaladin
Lopen,Moash,Words of Radiance,58,1,chapter_46,Kaladin
Lopen,Natam,Words of Radiance,58,1,chapter_46,Kaladin
Lopen,Renarin,Words of Radiance,58,1,chapter_46,Kaladin
Lopen,Rock,Words of Radiance,58,1,chapter_46,Kaladin
Lopen,Ruthar,Words of Radiance,58,1,chapter_46,Kaladin
Lopen,Sadeas,Words of Radiance,58,1,chapter_46,Kaladin
Lopen,Sigzil,Words of Radiance,58,1,chapter_46,Kaladin
Lopen,Syl,Words of Radiance,58,1,chapter_46,Kaladin
Lopen,Teft,Words of Radiance,58,1,chapter_46,Kaladin
Moash,Natam,Words of Radiance,58,1,chapter_46,Kaladin
Moash,Renarin,Words of Radiance,58,1,chapter_46,Kaladin
Moash,Rock,Words of Radiance,58,1,chapter_46,Kaladin
Moash,Ruthar,Words of Radiance,58,1,chapter_46,Kaladin
Moash,Sadeas,Words of Radiance,58,1,chapter_46,Kaladin
Moash,Sigzil,Words of Radiance,58,1,chapter_46,Kaladin
Moash,Syl,Words of Radiance,58,1,chapter_46,Kaladin
Moash,Teft,Words of Radiance,58,1,chapter_46,Kaladin
Natam,Renarin,Words of Radiance,58,1,chapter_46,Kaladin
Natam,Rock,Words of Radiance,58,1,chapter_46,Kaladin
Natam,Ruthar,Words of Radiance,58,1,chapter_46,Kaladin
Natam,Sadeas,Words of Radiance,58,1,chapter_46,Kaladin
Natam,Sigzil,Words of Radiance,58,1,chapter_46,Kaladin
Natam,Syl,Words of Radiance,58,1,chapter_46,Kaladin
Natam,Teft,Words of Radiance,58,1,chapter_46,Kaladin
Renarin,Rock,Words of Radiance,58,1,chapter_46,Kaladin
Renarin,Ruthar,Words of Radiance,58,1,chapter_46,Kaladin
Renarin,Sadeas,Words of Radiance,58,1,chapter_46,Kaladin
Renarin,Sigzil,Words of Radiance,58,1,chapter_46,Kaladin
Renarin,Syl,Words of Radiance,58,1,chapter_46,Kaladin
Renarin,Teft,Words of Radiance,58,1,chapter_46,Kaladin
Rock,Ruthar,Words of Radiance,58,1,chapter_46,Kaladin
Rock,Sadeas,Words of Radiance,58,1,chapter_46,Kaladin
Rock,Sigzil,Words of Radiance,58,1,chapter_46,Kaladin
Rock,Syl,Words of Radiance,58,1,chapter_46,Kaladin
Rock,Teft,Words of Radiance,58,1,chapter_46,Kaladin
Ruthar,Sadeas,Words of Radiance,58,1,chapter_46,Kaladin
Ruthar,Sigzil,Words of Radiance,58,1,chapter_46,Kaladin
Ruthar,Syl,Words of Radiance,58,1,chapter_46,Kaladin
Ruthar,Teft,Words of Radiance,58,1,chapter_46,Kaladin
Sadeas,Sigzil,Words of Radiance,58,1,chapter_46,Kaladin
Sadeas,Syl,Words of Radiance,58,1,chapter_46,Kaladin
Sadeas,Teft,Words of Radiance,58,1,chapter_46,Kaladin
Sigzil,Syl,Words of Radiance,58,1,chapter_46,Kaladin
Sigzil,Teft,Words of Radiance,58,1,chapter_46,Kaladin
Syl,Teft,Words of Radiance,58,1,chapter_46,Kaladin
Adolin,Amaram,Words of Radiance,59,1,chapter_47,Shallan
Adolin,Gaz,Words of Radiance,59,1,chapter_47,Shallan
Adolin,Jasnah,Words of Radiance,59,1,chapter_47,Shallan
Adolin,Navani,Words of Radiance,59,1,chapter_47,Shallan
Adolin,Pattern,Words of Radiance,59,1,chapter_47,Shallan
Adolin,Sebarial,Words of Radiance,59,1,chapter_47,Shallan
Adolin,Shallan,Words of Radiance,59,1,chapter_47,Shallan
Adolin,Vathah,Words of Radiance,59,1,chapter_47,Shallan
Amaram,Gaz,Words of Radiance,59,1,chapter_47,Shallan
Amaram,Jasnah,Words of Radiance,59,1,chapter_47,Shallan
Amaram,Navani,Words of Radiance,59,1,chapter_47,Shallan
Amaram,Pattern,Words of Radiance,59,1,chapter_47,Shallan
Amaram,Sebarial,Words of Radiance,59,1,chapter_47,Shallan
Amaram,Shallan,Words of Radiance,59,1,chapter_47,Shallan
Amaram,Vathah,Words of Radiance,59,1,chapter_47,Shallan
Gaz,Jasnah,Words of Radiance,59,1,chapter_47,Shallan
Gaz,Navani,Words of Radiance,59,1,chapter_47,Shallan
Gaz,Pattern,Words of Radiance,59,1,chapter_47,Shallan
Gaz,Sebarial,Words of Radiance,59,1,chapter_47,Shallan
Gaz,Shallan,Words of Radiance,59,1,chapter_47,Shallan
Gaz,Vathah,Words of Radiance,59,1,chapter_47,Shallan
Jasnah,Navani,Words of Radiance,59,1,chapter_47,Shallan
Jasnah,Pattern,Words of Radiance,59,1,chapter_47,Shallan
Jasnah,Sebarial,Words of Radiance,59,1,chapter_47,Shallan
Jasnah,Shallan,Words of Radiance,59,1,chapter_47,Shallan
Jasnah,Vathah,Words of Radiance,59,1,chapter_47,Shallan
Navani,Pattern,Words of Radiance,59,1,chapter_47,Shallan
Navani,Sebarial,Words of Radiance,59,1,chapter_47,Shallan
Navani,Shallan,Words of Radiance,59,1,chapter_47,Shallan
Navani,Vathah,Words of Radiance,59,1,chapter_47,Shallan
Pattern,Sebarial,Words of Radiance,59,1,chapter_47,Shallan
Pattern,Shallan,Words of Radiance,59,1,chapter_47,Shallan
Pattern,Vathah,Words of Radiance,59,1,chapter_47,Shallan
Sebarial,Shallan,Words of Radiance,59,1,chapter_47,Shallan
Sebarial,Vathah,Words of Radiance,59,1,chapter_47,Shallan
Shallan,Vathah,Words of Radiance,59,1,chapter_47,Shallan
Balat,Jushu,Words of Radiance,60,1,chapter_48,Shallan
Balat,Shallan,Words of Radiance,60,1,chapter_48,Shallan
Balat,Wikim,Words of Radiance,60,1,chapter_48,Shallan
Jushu,Shallan,Words of Radiance,60,1,chapter_48,Shallan
Jushu,Wikim,Words of Radiance,60,1,chapter_48,Shallan
Shallan,Wikim,Words of Radiance,60,1,chapter_48,Shallan
Adolin,Amaram,Words of Radiance,61,1,chapter_49,Shallan
Adolin,Ash,Words of Radiance,61,1,chapter_49,Shallan
Adolin,Dalinar,Words of Radiance,61,1,chapter_49,Shallan
Adolin,Jasnah,Words of Radiance,61,1,chapter_49,Shallan
Adolin,Kabsal,Words of Radiance,61,1,chapter_49,Shallan
Adolin,Navani,Words of Radiance,61,1,chapter_49,Shallan
Adolin,Pattern,Words of Radiance,61,1,chapter_49,Shallan
Adolin,Renarin,Words of Radiance,61,1,chapter_49,Shallan
Adolin,Sadeas,Words of Radiance,61,1,chapter_49,Shallan
Adolin,Sebarial,Words of Radiance,61,1,chapter_49,Shallan
Adolin,Shallan,Words of Radiance,61,1,chapter_49,Shallan
Adolin,Tyn,Words of Radiance,61,1,chapter_49,Shallan
Adolin,Wit,Words of Radiance,61,1,chapter_49,Shallan
Amaram,Ash,Words of Radiance,61,1,chapter_49,Shallan
Amaram,Dalinar,Words of Radiance,61,1,chapter_49,Shallan
Amaram,Jasnah,Words of Radiance,61,1,chapter_49,Shallan
Amaram,Kabsal,Words of Radiance,61,1,chapter_49,Shallan
Amaram,Navani,Words of Radiance,61,1,chapter_49,Shallan
Amaram,Pattern,Words of Radiance,61,1,chapter_49,Shallan
Amaram,Renarin,Words of Radiance,61,1,chapter_49,Shallan
Amaram,Sadeas,Words of Radiance,61,1,chapter_49,Shallan
Amaram,Sebarial,Words of Radiance,61,1,chapter_49,Shallan
Amaram,Shallan,Words of Radiance,61,1,chapter_49,Shallan
Amaram,Tyn,Words of Radiance,61,1,chapter_49,Shallan
Amaram,Wit,Words of Radiance,61,1,chapter_49,Shallan
Ash,Dalinar,Words of Radiance,61,1,chapter_49,Shallan
Ash,Jasnah,Words of Radiance,61,1,chapter_49,Shallan
Ash,Kabsal,Words of Radiance,61,1,chapter_49,Shallan
Ash,Navani,Words of Radiance,61,1,chapter_49,Shallan
Ash,Pattern,Words of Radiance,61,1,chapter_49,Shallan
Ash,Renarin,Words of Radiance,61,1,chapter_49,Shallan
Ash,Sadeas,Words of Radiance,61,1,chapter_49,Shallan
Ash,Sebarial,Words of Radiance,61,1,chapter_49,Shallan
Ash,Shallan,Words of Radiance,61,1,chapter_49,Shallan
Ash,Tyn,Words of Radiance,61,1,chapter_49,Shallan
Ash,Wit,Words of Radiance,61,1,chapter_49,Shallan
Dalinar,Jasnah,Words of Radiance,61,1,chapter_49,Shallan
Dalinar,Kabsal,Words of Radiance,61,1,chapter_49,Shallan
Dalinar,Navani,Words of Radiance,61,1,chapter_49,Shallan
Dalinar,Pattern,Words of Radiance,61,1,chapter_49,Shallan
Dalinar,Renarin,Words of Radiance,61,1,chapter_49,Shallan
Dalinar,Sadeas,Words of Radiance,61,1,chapter_49,Shallan
Dalinar,Sebarial,Words of Radiance,61,1,chapter_49,Shallan
Dalinar,Shallan,Words of Radiance,61,1,chapter_49,Shallan
Dalinar,Tyn,Words of Radiance,61,1,chapter_49,Shallan
Dalinar,Wit,Words of Radiance,61,1,chapter_49,Shallan
Jasnah,Kabsal,Words of Radiance,61,1,chapter_49,Shallan
Jasnah,Navani,Words of Radiance,61,1,chapter_49,Shallan
Jasnah,Pattern,Words of Radiance,61,1,chapter_49,Shallan
Jasnah,Renarin,Words of Radiance,61,1,chapter_49,Shallan
Jasnah,Sadeas,Words of Radiance,61,1,chapter_49,Shallan
Jasnah,Sebarial,Words of Radiance,61,1,chapter_49,Shallan
Jasnah,Shallan,Words of Radiance,61,1,chapter_49,Shallan
Jasnah,Tyn,Words of Radiance,61,1,chapter_49,Shallan
Jasnah,Wit,Words of Radiance,61,1,chapter_49,Shallan
Kabsal,Navani,Words of Radiance,61,1,chapter_49,Shallan
Kabsal,Pattern,Words of Radiance,61,1,chapter_49,Shallan
Kabsal,Renarin,Words of Radiance,61,1,chapter_49,Shallan
Kabsal,Sadeas,Words of Radiance,61,1,chapter_49,Shallan
Kabsal,Sebarial,Words of Radiance,61,1,chapter_49,Shallan
Kabsal,Shallan,Words of Radiance,61,1,chapter_49,Shallan
Kabsal,Tyn,Words of Radiance,61,1,chapter_49,Shallan
Kabsal,Wit,Words of Radiance,61,1,chapter_49,Shallan
Navani,Pattern,Words of Radiance,61,1,chapter_49,Shallan
Navani,Renarin,Words of Radiance,61,1,chapter_49,Shallan
Navani,Sadeas,Words of Radiance,61,1,chapter_49,Shallan
Navani,Sebarial,Words of Radiance,61,1,chapter_49,Shallan
Navani,Shallan,Words of Radiance,61,1,chapter_49,Shallan
Navani,Tyn,Words of Radiance,61,1,chapter_49,Shallan
Navani,Wit,Words of Radiance,61,1,chapter_49,Shallan
Pattern,Renarin,Words of Radiance,61,1,chapter_49,Shallan
Pattern,Sadeas,Words of Radiance,61,1,chapter_49,Shallan
Pattern,Sebarial,Words of Radiance,61,1,chapter_49,Shallan
Pattern,Shallan,Words of Radiance,61,1,chapter_49,Shallan
Pattern,Tyn,Words of Radiance,61,1,chapter_49,Shallan
Pattern,Wit,Words of Radiance,61,1,chapter_49,Shallan
Renarin,Sadeas,Words of Radiance,61,1,chapter_49,Shallan
Renarin,Sebarial,Words of Radiance,61,1,chapter_49,Shallan
Renarin,Shallan,Words of Radiance,61,1,chapter_49,Shallan
Renarin,Tyn,Words of Radiance,61,1,chapter_49,Shallan
Renarin,Wit,Words of Radiance,61,1,chapter_49,Shallan
Sadeas,Sebarial,Words of Radiance,61,1,chapter_49,Shallan
Sadeas,Shallan,Words of Radiance,61,1,chapter_49,Shallan
Sadeas,Tyn,Words of Radiance,61,1,chapter_49,Shallan
Sadeas,Wit,Words of Radiance,61,1,chapter_49,Shallan
Sebarial,Shallan,Words of Radiance,61,1,chapter_49,Shallan
Sebarial,Tyn,Words of Radiance,61,1,chapter_49,Shallan
Sebarial,Wit,Words of Radiance,61,1,chapter_49,Shallan
Shallan,Tyn,Words of Radiance,61,1,chapter_49,Shallan
Shallan,Wit,Words of Radiance,61,1,chapter_49,Shallan
Tyn,Wit,Words of Radiance,61,1,chapter_49,Shallan
Adolin,Dalinar,Words of Radiance,62,1,chapter_50,Adolin
Adolin,Gavilar,Words of Radiance,62,1,chapter_50,Adolin
Adolin,Kaladin,Words of Radiance,62,1,chapter_50,Adolin
Adolin,Renarin,Words of Radiance,62,1,chapter_50,Adolin
Adolin,Ruthar,Words of Radiance,62,1,chapter_50,Adolin
Adolin,Sadeas,Words of Radiance,62,1,chapter_50,Adolin
Adolin,Shallan,Words of Radiance,62,1,chapter_50,Adolin
Dalinar,Gavilar,Words of Radiance,62,1,chapter_50,Adolin
Dalinar,Kaladin,Words of Radiance,62,1,chapter_50,Adolin
Dalinar,Renarin,Words of Radiance,62,1,chapter_50,Adolin
Dalinar,Ruthar,Words of Radiance,62,1,chapter_50,Adolin
Dalinar,Sadeas,Words of Radiance,62,1,chapter_50,Adolin
Dalinar,Shallan,Words of Radiance,62,1,chapter_50,Adolin
Gavilar,Kaladin,Words of Radiance,62,1,chapter_50,Adolin
Gavilar,Renarin,Words of Radiance,62,1,chapter_50,Adolin
Gavilar,Ruthar,Words of Radiance,62,1,chapter_50,Adolin
Gavilar,Sadeas,Words of Radiance,62,1,chapter_50,Adolin
Gavilar,Shallan,Words of Radiance,62,1,chapter_50,Adolin
Kaladin,Renarin,Words of Radiance,62,1,chapter_50,Adolin
Kaladin,Ruthar,Words of Radiance,62,1,chapter_50,Adolin
Kaladin,Sadeas,Words of Radiance,62,1,chapter_50,Adolin
Kaladin,Shallan,Words of Radiance,62,1,chapter_50,Adolin
Renarin,Ruthar,Words of Radiance,62,1,chapter_50,Adolin
Renarin,Sadeas,Words of Radiance,62,1,chapter_50,Adolin
Renarin,Shallan,Words of Radiance,62,1,chapter_50,Adolin
Ruthar,Sadeas,Words of Radiance,62,1,chapter_50,Adolin
Ruthar,Shallan,Words of Radiance,62,1,chapter_50,Adolin
Sadeas,Shallan,Words of Radiance,62,1,chapter_50,Adolin
Adolin,Dalinar,Words of Radiance,62,2,chapter_50,Adolin
Adolin,Navani,Words of Radiance,62,2,chapter_50,Adolin
Dalinar,Navani,Words of Radiance,62,2,chapter_50,Adolin
Adolin,Dalinar,Words of Radiance,63,1,chapter_51,Adolin
Adolin,Kaladin,Words of Radiance,63,1,chapter_51,Adolin
Adolin,Khal,Words of Radiance,63,1,chapter_51,Adolin
Adolin,Navani,Words of Radiance,63,1,chapter_51,Adolin
Adolin,Renarin,Words of Radiance,63,1,chapter_51,Adolin
Dalinar,Kaladin,Words of Radiance,63,1,chapter_51,Adolin
Dalinar,Khal,Words of Radiance,63,1,chapter_51,Adolin
Dalinar,Navani,Words of Radiance,63,1,chapter_51,Adolin
Dalinar,Renarin,Words of Radiance,63,1,chapter_51,Adolin
Kaladin,Khal,Words of Radiance,63,1,chapter_51,Adolin
Kaladin,Navani,Words of Radiance,63,1,chapter_51,Adolin
Kaladin,Renarin,Words of Radiance,63,1,chapter_51,Adolin
Khal,Navani,Words of Radiance,63,1,chapter_51,Adolin
Khal,Renarin,Words of Radiance,63,1,chapter_51,Adolin
Navani,Renarin,Words of Radiance,63,1,chapter_51,Adolin
Adolin,Dalinar,Words of Radiance,63,2,chapter_51,Adolin
Adolin,Eshonai,Words of Radiance,63,2,chapter_51,Adolin
Adolin,Gavilar,Words of Radiance,63,2,chapter_51,Adolin
Adolin,Kaladin,Words of Radiance,63,2,chapter_51,Adolin
Adolin,Khal,Words of Radiance,63,2,chapter_51,Adolin
Adolin,Navani,Words of Radiance,63,2,chapter_51,Adolin
Adolin,Renarin,Words of Radiance,63,2,chapter_51,Adolin
Adolin,Sadeas,Words of Radiance,63,2,chapter_51,Adolin
Adolin,Teleb,Words of Radiance,63,2,chapter_51,Adolin
Dalinar,Eshonai,Words of Radiance,63,2,chapter_51,Adolin
Dalinar,Gavilar,Words of Radiance,63,2,chapter_51,Adolin
Dalinar,Kaladin,Words of Radiance,63,2,chapter_51,Adolin
Dalinar,Khal,Words of Radiance,63,2,chapter_51,Adolin
Dalinar,Navani,Words of Radiance,63,2,chapter_51,Adolin
Dalinar,Renarin,Words of Radiance,63,2,chapter_51,Adolin
Dalinar,Sadeas,Words of Radiance,63,2,chapter_51,Adolin
Dalinar,Teleb,Words of Radiance,63,2,chapter_51,Adolin
Eshonai,Gavilar,Words of Radiance,63,2,chapter_51,Adolin
Eshonai,Kaladin,Words of Radiance,63,2,chapter_51,Adolin
Eshonai,Khal,Words of Radiance,63,2,chapter_51,Adolin
Eshonai,Navani,Words of Radiance,63,2,chapter_51,Adolin
Eshonai,Renarin,Words of Radiance,63,2,chapter_51,Adolin
Eshonai,Sadeas,Words of Radiance,63,2,chapter_51,Adolin
Eshonai,Teleb,Words of Radiance,63,2,chapter_51,Adolin
Gavilar,Kaladin,Words of Radiance,63,2,chapter_51,Adolin
Gavilar,Khal,Words of Radiance,63,2,chapter_51,Adolin
Gavilar,Navani,Words of Radiance,63,2,chapter_51,Adolin
Gavilar,Renarin,Words of Radiance,63,2,chapter_51,Adolin
Gavilar,Sadeas,Words of Radiance,63,2,chapter_51,Adolin
Gavilar,Teleb,Words of Radiance,63,2,chapter_51,Adolin
Kaladin,Khal,Words of Radiance,63,2,chapter_51,Adolin
Kaladin,Navani,Words of Radiance,63,2,chapter_51,Adolin
Kaladin,Renarin,Words of Radiance,63,2,chapter_51,Adolin
Kaladin,Sadeas,Words of Radiance,63,2,chapter_51,Adolin
Kaladin,Teleb,Words of Radiance,63,2,chapter_51,Adolin
Khal,Navani,Words of Radiance,63,2,chapter_51,Adolin
Khal,Renarin,Words of Radiance,63,2,chapter_51,Adolin
Khal,Sadeas,Words of Radiance,63,2,chapter_51,Adolin
Khal,Teleb,Words of Radiance,63,2,chapter_51,Adolin
Navani,Renarin,Words of Radiance,63,2,chapter_51,Adolin
Navani,Sadeas,Words of Radiance,63,2,chapter_51,Adolin
Navani,Teleb,Words of Radiance,63,2,chapter_51,Adolin
Renarin,Sadeas,Words of Radiance,63,2,chapter_51,Adolin
Renarin,Teleb,Words of Radiance,63,2,chapter_51,Adolin
Sadeas,Teleb,Words of Radiance,63,2,chapter_51,Adolin
Kaladin,Sadeas,Words of Radiance,64,1,chapter_52,Kaladin
Kaladin,Wit,Words of Radiance,64,1,chapter_52,Kaladin
Sadeas,Wit,Words of Radiance,64,1,chapter_52,Kaladin
Amaram,Dalinar,Words of Radiance,64,2,chapter_52,Kaladin
Amaram,Sadeas,Words of Radiance,64,2,chapter_52,Kaladin
Amaram,Sebarial,Words of Radiance,64,2,chapter_52,Kaladin
Amaram,Shallan,Words of Radiance,64,2,chapter_52,Kaladin
Dalinar,Sadeas,Words of Radiance,64,2,chapter_52,Kaladin
Dalinar,Sebarial,Words of Radiance,64,2,chapter_52,Kaladin
Dalinar,Shallan,Words of Radiance,64,2,chapter_52,Kaladin
Sadeas,Sebarial,Words of Radiance,64,2,chapter_52,Kaladin
Sadeas,Shallan,Words of Radiance,64,2,chapter_52,Kaladin
Sebarial,Shallan,Words of Radiance,64,2,chapter_52,Kaladin
Kaladin,Syl,Words of Radiance,64,3,chapter_52,Kaladin
Kaladin,Szeth,Words of Radiance,64,3,chapter_52,Kaladin
Syl,Szeth,Words of Radiance,64,3,chapter_52,Kaladin
Adolin,Amaram,Words of Radiance,64,4,chapter_52,Kaladin
Adolin,Dalinar,Words of Radiance,64,4,chapter_52,Kaladin
Adolin,Pattern,Words of Radiance,64,4,chapter_52,Kaladin
Adolin,Shallan,Words of Radiance,64,4,chapter_52,Kaladin
Adolin,Tyn,Words of Radiance,64,4,chapter_52,Kaladin
Amaram,Dalinar,Words of Radiance,64,4,chapter_52,Kaladin
Amaram,Pattern,Words of Radiance,64,4,chapter_52,Kaladin
Amaram,Shallan,Words of Radiance,64,4,chapter_52,Kaladin
Amaram,Tyn,Words of Radiance,64,4,chapter_52,Kaladin
Dalinar,Pattern,Words of Radiance,64,4,chapter_52,Kaladin
Dalinar,Shallan,Words of Radiance,64,4,chapter_52,Kaladin
Dalinar,Tyn,Words of Radiance,64,4,chapter_52,Kaladin
Pattern,Shallan,Words of Radiance,64,4,chapter_52,Kaladin
Pattern,Tyn,Words of Radiance,64,4,chapter_52,Kaladin
Shallan,Tyn,Words of Radiance,64,4,chapter_52,Kaladin
Kaladin,Syl,Words of Radiance,64,5,chapter_52,Kaladin
Amaram,Jasnah,Words of Radiance,64,6,chapter_52,Kaladin
Amaram,Maps,Words of Radiance,64,6,chapter_52,Kaladin
Amaram,Pattern,Words of Radiance,64,6,chapter_52,Kaladin
Amaram,Shallan,Words of Radiance,64,6,chapter_52,Kaladin
Jasnah,Maps,Words of Radiance,64,6,chapter_52,Kaladin
Jasnah,Pattern,Words of Radiance,64,6,chapter_52,Kaladin
Jasnah,Shallan,Words of Radiance,64,6,chapter_52,Kaladin
Maps,Pattern,Words of Radiance,64,6,chapter_52,Kaladin
Maps,Shallan,Words of Radiance,64,6,chapter_52,Kaladin
Pattern,Shallan,Words of Radiance,64,6,chapter_52,Kaladin
Kaladin,Syl,Words of Radiance,64,7,chapter_52,Kaladin
Adolin,Amaram,Words of Radiance,64,8,chapter_52,Kaladin
Adolin,Helaran,Words of Radiance,64,8,chapter_52,Kaladin
Adolin,Pattern,Words of Radiance,64,8,chapter_52,Kaladin
Adolin,Shallan,Words of Radiance,64,8,chapter_52,Kaladin
Amaram,Helaran,Words of Radiance,64,8,chapter_52,Kaladin
Amaram,Pattern,Words of Radiance,64,8,chapter_52,Kaladin
Amaram,Shallan,Words of Radiance,64,8,chapter_52,Kaladin
Helaran,Pattern,Words of Radiance,64,8,chapter_52,Kaladin
Helaran,Shallan,Words of Radiance,64,8,chapter_52,Kaladin
Pattern,Shallan,Words of Radiance,64,8,chapter_52,Kaladin
Kaladin,Syl,Words of Radiance,64,9,chapter_52,Kaladin
Kaladin,Tien,Words of Radiance,64,9,chapter_52,Kaladin
Syl,Tien,Words of Radiance,64,9,chapter_52,Kaladin
Amaram,Dalinar,Words of Radiance,64,10,chapter_52,Kaladin
Amaram,Helaran,Words of Radiance,64,10,chapter_52,Kaladin
Amaram,Shallan,Words of Radiance,64,10,chapter_52,Kaladin
Dalinar,Helaran,Words of Radiance,64,10,chapter_52,Kaladin
Dalinar,Shallan,Words of Radiance,64,10,chapter_52,Kaladin
Helaran,Shallan,Words of Radiance,64,10,chapter_52,Kaladin
Amaram,Dalinar,Words of Radiance,64,11,chapter_52,Kaladin
Amaram,Kaladin,Words of Radiance,64,11,chapter_52,Kaladin
Amaram,Moash,Words of Radiance,64,11,chapter_52,Kaladin
Amaram,Rock,Words of Radiance,64,11,chapter_52,Kaladin
Amaram,Sadeas,Words of Radiance,64,11,chapter_52,Kaladin
Amaram,Syl,Words of Radiance,64,11,chapter_52,Kaladin
Amaram,Tien,Words of Radiance,64,11,chapter_52,Kaladin
Amaram,Zahel,Words of Radiance,64,11,chapter_52,Kaladin
Dalinar,Kaladin,Words of Radiance,64,11,chapter_52,Kaladin
Dalinar,Moash,Words of Radiance,64,11,chapter_52,Kaladin
Dalinar,Rock,Words of Radiance,64,11,chapter_52,Kaladin
Dalinar,Sadeas,Words of Radiance,64,11,chapter_52,Kaladin
Dalinar,Syl,Words of Radiance,64,11,chapter_52,Kaladin
Dalinar,Tien,Words of Radiance,64,11,chapter_52,Kaladin
Dalinar,Zahel,Words of Radiance,64,11,chapter_52,Kaladin
Kaladin,Moash,Words of Radiance,64,11,chapter_52,Kaladin
Kaladin,Rock,Words of Radiance,64,11,chapter_52,Kaladin
Kaladin,Sadeas,Words of Radiance,64,11,chapter_52,Kaladin
Kaladin,Syl,Words of Radiance,64,11,chapter_52,Kaladin
Kaladin,Tien,Words of Radiance,64,11,chapter_52,Kaladin
Kaladin,Zahel,Words of Radiance,64,11,chapter_52,Kaladin
Moash,Rock,Words of Radiance,64,11,chapter_52,Kaladin
Moash,Sadeas,Words of Radiance,64,11,chapter_52,Kaladin
Moash,Syl,Words of Radiance,64,11,chapter_52,Kaladin
Moash,Tien,Words of Radiance,64,11,chapter_52,Kaladin
Moash,Zahel,Words of Radiance,64,11,chapter_52,Kaladin
Rock,Sadeas,Words of Radiance,64,11,chapter_52,Kaladin
Rock,Syl,Words of Radiance,64,11,chapter_52,Kaladin
Rock,Tien,Words of Radiance,64,11,chapter_52,Kaladin
Rock,Zahel,Words of Radiance,64,11,chapter_52,Kaladin
Sadeas,Syl,Words of Radiance,64,11,chapter_52,Kaladin
Sadeas,Tien,Words of Radiance,64,11,chapter_52,Kaladin
Sadeas,Zahel,Words of Radiance,64,11,chapter_52,Kaladin
Syl,Tien,Words of Radiance,64,11,chapter_52,Kaladin
Syl,Zahel,Words of Radiance,64,11,chapter_52,Kaladin
Tien,Zahel,Words of Radiance,64,11,chapter_52,Kaladin
Adolin,Aladar,Words of Radiance,65,1,chapter_53,Adolin
Adolin,Dalinar,Words of Radiance,65,1,chapter_53,Adolin
Adolin,Gavilar,Words of Radiance,65,1,chapter_53,Adolin
Adolin,Navani,Words of Radiance,65,1,chapter_53,Adolin
Adolin,Renarin,Words of Radiance,65,1,chapter_53,Adolin
Adolin,Ruthar,Words of Radiance,65,1,chapter_53,Adolin
Adolin,Sadeas,Words of Radiance,65,1,chapter_53,Adolin
Adolin,Sebarial,Words of Radiance,65,1,chapter_53,Adolin
Adolin,Shallan,Words of Radiance,65,1,chapter_53,Adolin
Adolin,Yenev,Words of Radiance,65,1,chapter_53,Adolin
Aladar,Dalinar,Words of Radiance,65,1,chapter_53,Adolin
Aladar,Gavilar,Words of Radiance,65,1,chapter_53,Adolin
Aladar,Navani,Words of Radiance,65,1,chapter_53,Adolin
Aladar,Renarin,Words of Radiance,65,1,chapter_53,Adolin
Aladar,Ruthar,Words of Radiance,65,1,chapter_53,Adolin
Aladar,Sadeas,Words of Radiance,65,1,chapter_53,Adolin
Aladar,Sebarial,Words of Radiance,65,1,chapter_53,Adolin
Aladar,Shallan,Words of Radiance,65,1,chapter_53,Adolin
Aladar,Yenev,Words of Radiance,65,1,chapter_53,Adolin
Dalinar,Gavilar,Words of Radiance,65,1,chapter_53,Adolin
Dalinar,Navani,Words of Radiance,65,1,chapter_53,Adolin
Dalinar,Renarin,Words of Radiance,65,1,chapter_53,Adolin
Dalinar,Ruthar,Words of Radiance,65,1,chapter_53,Adolin
Dalinar,Sadeas,Words of Radiance,65,1,chapter_53,Adolin
Dalinar,Sebarial,Words of Radiance,65,1,chapter_53,Adolin
Dalinar,Shallan,Words of Radiance,65,1,chapter_53,Adolin
Dalinar,Yenev,Words of Radiance,65,1,chapter_53,Adolin
Gavilar,Navani,Words of Radiance,65,1,chapter_53,Adolin
Gavilar,Renarin,Words of Radiance,65,1,chapter_53,Adolin
Gavilar,Ruthar,Words of Radiance,65,1,chapter_53,Adolin
Gavilar,Sadeas,Words of Radiance,65,1,chapter_53,Adolin
Gavilar,Sebarial,Words of Radiance,65,1,chapter_53,Adolin
Gavilar,Shallan,Words of Radiance,65,1,chapter_53,Adolin
Gavilar,Yenev,Words of Radiance,65,1,chapter_53,Adolin
Navani,Renarin,Words of Radiance,65,1,chapter_53,Adolin
Navani,Ruthar,Words of Radiance,65,1,chapter_53,Adolin
Navani,Sadeas,Words of Radiance,65,1,chapter_53,Adolin
Navani,Sebarial,Words of Radiance,65,1,chapter_53,Adolin
Navani,Shallan,Words of Radiance,65,1,chapter_53,Adolin
Navani,Yenev,Words of Radiance,65,1,chapter_53,Adolin
Renarin,Ruthar,Words of Radiance,65,1,chapter_53,Adolin
Renarin,Sadeas,Words of Radiance,65,1,chapter_53,Adolin
Renarin,Sebarial,Words of Radiance,65,1,chapter_53,Adolin
Renarin,Shallan,Words of Radiance,65,1,chapter_53,Adolin
Renarin,Yenev,Words of Radiance,65,1,chapter_53,Adolin
Ruthar,Sadeas,Words of Radiance,65,1,chapter_53,Adolin
Ruthar,Sebarial,Words of Radiance,65,1,chapter_53,Adolin
Ruthar,Shallan,Words of Radiance,65,1,chapter_53,Adolin
Ruthar,Yenev,Words of Radiance,65,1,chapter_53,Adolin
Sadeas,Sebarial,Words of Radiance,65,1,chapter_53,Adolin
Sadeas,Shallan,Words of Radiance,65,1,chapter_53,Adolin
Sadeas,Yenev,Words of Radiance,65,1,chapter_53,Adolin
Sebarial,Shallan,Words of Radiance,65,1,chapter_53,Adolin
Sebarial,Yenev,Words of Radiance,65,1,chapter_53,Adolin
Shallan,Yenev,Words of Radiance,65,1,chapter_53,Adolin
Adolin,Amaram,Words of Radiance,66,1,chapter_54,Shallan
Adolin,Helaran,Words of Radiance,66,1,chapter_54,Shallan
Adolin,Jasnah,Words of Radiance,66,1,chapter_54,Shallan
Adolin,Mraize,Words of Radiance,66,1,chapter_54,Shallan
Adolin,Pattern,Words of Radiance,66,1,chapter_54,Shallan
Adolin,Sebarial,Words of Radiance,66,1,chapter_54,Shallan
Adolin,Shallan,Words of Radiance,66,1,chapter_54,Shallan
Adolin,Tyn,Words of Radiance,66,1,chapter_54,Shallan
Amaram,Helaran,Words of Radiance,66,1,chapter_54,Shallan
Amaram,Jasnah,Words of Radiance,66,1,chapter_54,Shallan
Amaram,Mraize,Words of Radiance,66,1,chapter_54,Shallan
Amaram,Pattern,Words of Radiance,66,1,chapter_54,Shallan
Amaram,Sebarial,Words of Radiance,66,1,chapter_54,Shallan
Amaram,Shallan,Words of Radiance,66,1,chapter_54,Shallan
Amaram,Tyn,Words of Radiance,66,1,chapter_54,Shallan
Helaran,Jasnah,Words of Radiance,66,1,chapter_54,Shallan
Helaran,Mraize,Words of Radiance,66,1,chapter_54,Shallan
Helaran,Pattern,Words of Radiance,66,1,chapter_54,Shallan
Helaran,Sebarial,Words of Radiance,66,1,chapter_54,Shallan
Helaran,Shallan,Words of Radiance,66,1,chapter_54,Shallan
Helaran,Tyn,Words of Radiance,66,1,chapter_54,Shallan
Jasnah,Mraize,Words of Radiance,66,1,chapter_54,Shallan
Jasnah,Pattern,Words of Radiance,66,1,chapter_54,Shallan
Jasnah,Sebarial,Words of Radiance,66,1,chapter_54,Shallan
Jasnah,Shallan,Words of Radiance,66,1,chapter_54,Shallan
Jasnah,Tyn,Words of Radiance,66,1,chapter_54,Shallan
Mraize,Pattern,Words of Radiance,66,1,chapter_54,Shallan
Mraize,Sebarial,Words of Radiance,66,1,chapter_54,Shallan
Mraize,Shallan,Words of Radiance,66,1,chapter_54,Shallan
Mraize,Tyn,Words of Radiance,66,1,chapter_54,Shallan
Pattern,Sebarial,Words of Radiance,66,1,chapter_54,Shallan
Pattern,Shallan,Words of Radiance,66,1,chapter_54,Shallan
Pattern,Tyn,Words of Radiance,66,1,chapter_54,Shallan
Sebarial,Shallan,Words of Radiance,66,1,chapter_54,Shallan
Sebarial,Tyn,Words of Radiance,66,1,chapter_54,Shallan
Shallan,Tyn,Words of Radiance,66,1,chapter_54,Shallan
Adolin,Aladar,Words of Radiance,67,1,chapter_55,Kaladin
Adolin,Amaram,Words of Radiance,67,1,chapter_55,Kaladin
Adolin,Dalinar,Words of Radiance,67,1,chapter_55,Kaladin
Adolin,Gavilar,Words of Radiance,67,1,chapter_55,Kaladin
Adolin,Ialai,Words of Radiance,67,1,chapter_55,Kaladin
Adolin,Jasnah,Words of Radiance,67,1,chapter_55,Kaladin
Adolin,Kaladin,Words of Radiance,67,1,chapter_55,Kaladin
Adolin,Sadeas,Words of Radiance,67,1,chapter_55,Kaladin
Adolin,Sebarial,Words of Radiance,67,1,chapter_55,Kaladin
Adolin,Shallan,Words of Radiance,67,1,chapter_55,Kaladin
Adolin,Sigzil,Words of Radiance,67,1,chapter_55,Kaladin
Adolin,Syl,Words of Radiance,67,1,chapter_55,Kaladin
Adolin,Teft,Words of Radiance,67,1,chapter_55,Kaladin
Adolin,Wit,Words of Radiance,67,1,chapter_55,Kaladin
Adolin,Yenev,Words of Radiance,67,1,chapter_55,Kaladin
Adolin,Zahel,Words of Radiance,67,1,chapter_55,Kaladin
Aladar,Amaram,Words of Radiance,67,1,chapter_55,Kaladin
Aladar,Dalinar,Words of Radiance,67,1,chapter_55,Kaladin
Aladar,Gavilar,Words of Radiance,67,1,chapter_55,Kaladin
Aladar,Ialai,Words of Radiance,67,1,chapter_55,Kaladin
Aladar,Jasnah,Words of Radiance,67,1,chapter_55,Kaladin
Aladar,Kaladin,Words of Radiance,67,1,chapter_55,Kaladin
Aladar,Sadeas,Words of Radiance,67,1,chapter_55,Kaladin
Aladar,Sebarial,Words of Radiance,67,1,chapter_55,Kaladin
Aladar,Shallan,Words of Radiance,67,1,chapter_55,Kaladin
Aladar,Sigzil,Words of Radiance,67,1,chapter_55,Kaladin
Aladar,Syl,Words of Radiance,67,1,chapter_55,Kaladin
Aladar,Teft,Words of Radiance,67,1,chapter_55,Kaladin
Aladar,Wit,Words of Radiance,67,1,chapter_55,Kaladin
Aladar,Yenev,Words of Radiance,67,1,chapter_55,Kaladin
Aladar,Zahel,Words of Radiance,67,1,chapter_55,Kaladin
Amaram,Dalinar,Words of Radiance,67,1,chapter_55,Kaladin
Amaram,Gavilar,Words of Radiance,67,1,chapter_55,Kaladin
Amaram,Ialai,Words of Radiance,67,1,chapter_55,Kaladin
Amaram,Jasnah,Words of Radiance,67,1,chapter_55,Kaladin
Amaram,Kaladin,Words of Radiance,67,1,chapter_55,Kaladin
Amaram,Sadeas,Words of Radiance,67,1,chapter_55,Kaladin
Amaram,Sebarial,Words of Radiance,67,1,chapter_55,Kaladin
Amaram,Shallan,Words of Radiance,67,1,chapter_55,Kaladin
Amaram,Sigzil,Words of Radiance,67,1,chapter_55,Kaladin
Amaram,Syl,Words of Radiance,67,1,chapter_55,Kaladin
Amaram,Teft,Words of Radiance,67,1,chapter_55,Kaladin
Amaram,Wit,Words of Radiance,67,1,chapter_55,Kaladin
Amaram,Yenev,Words of Radiance,67,1,chapter_55,Kaladin
Amaram,Zahel,Words of Radiance,67,1,chapter_55,Kaladin
Dalinar,Gavilar,Words of Radiance,67,1,chapter_55,Kaladin
Dalinar,Ialai,Words of Radiance,67,1,chapter_55,Kaladin
Dalinar,Jasnah,Words of Radiance,67,1,chapter_55,Kaladin
Dalinar,Kaladin,Words of Radiance,67,1,chapter_55,Kaladin
Dalinar,Sadeas,Words of Radiance,67,1,chapter_55,Kaladin
Dalinar,Sebarial,Words of Radiance,67,1,chapter_55,Kaladin
Dalinar,Shallan,Words of Radiance,67,1,chapter_55,Kaladin
Dalinar,Sigzil,Words of Radiance,67,1,chapter_55,Kaladin
Dalinar,Syl,Words of Radiance,67,1,chapter_55,Kaladin
Dalinar,Teft,Words of Radiance,67,1,chapter_55,Kaladin
Dalinar,Wit,Words of Radiance,67,1,chapter_55,Kaladin
Dalinar,Yenev,Words of Radiance,67,1,chapter_55,Kaladin
Dalinar,Zahel,Words of Radiance,67,1,chapter_55,Kaladin
Gavilar,Ialai,Words of Radiance,67,1,chapter_55,Kaladin
Gavilar,Jasnah,Words of Radiance,67,1,chapter_55,Kaladin
Gavilar,Kaladin,Words of Radiance,67,1,chapter_55,Kaladin
Gavilar,Sadeas,Words of Radiance,67,1,chapter_55,Kaladin
Gavilar,Sebarial,Words of Radiance,67,1,chapter_55,Kaladin
Gavilar,Shallan,Words of Radiance,67,1,chapter_55,Kaladin
Gavilar,Sigzil,Words of Radiance,67,1,chapter_55,Kaladin
Gavilar,Syl,Words of Radiance,67,1,chapter_55,Kaladin
Gavilar,Teft,Words of Radiance,67,1,chapter_55,Kaladin
Gavilar,Wit,Words of Radiance,67,1,chapter_55,Kaladin
Gavilar,Yenev,Words of Radiance,67,1,chapter_55,Kaladin
Gavilar,Zahel,Words of Radiance,67,1,chapter_55,Kaladin
Ialai,Jasnah,Words of Radiance,67,1,chapter_55,Kaladin
Ialai,Kaladin,Words of Radiance,67,1,chapter_55,Kaladin
Ialai,Sadeas,Words of Radiance,67,1,chapter_55,Kaladin
Ialai,Sebarial,Words of Radiance,67,1,chapter_55,Kaladin
Ialai,Shallan,Words of Radiance,67,1,chapter_55,Kaladin
Ialai,Sigzil,Words of Radiance,67,1,chapter_55,Kaladin
Ialai,Syl,Words of Radiance,67,1,chapter_55,Kaladin
Ialai,Teft,Words of Radiance,67,1,chapter_55,Kaladin
Ialai,Wit,Words of Radiance,67,1,chapter_55,Kaladin
Ialai,Yenev,Words of Radiance,67,1,chapter_55,Kaladin
Ialai,Zahel,Words of Radiance,67,1,chapter_55,Kaladin
Jasnah,Kaladin,Words of Radiance,67,1,chapter_55,Kaladin
Jasnah,Sadeas,Words of Radiance,67,1,chapter_55,Kaladin
Jasnah,Sebarial,Words of Radiance,67,1,chapter_55,Kaladin
Jasnah,Shallan,Words of Radiance,67,1,chapter_55,Kaladin
Jasnah,Sigzil,Words of Radiance,67,1,chapter_55,Kaladin
Jasnah,Syl,Words of Radiance,67,1,chapter_55,Kaladin
Jasnah,Teft,Words of Radiance,67,1,chapter_55,Kaladin
Jasnah,Wit,Words of Radiance,67,1,chapter_55,Kaladin
Jasnah,Yenev,Words of Radiance,67,1,chapter_55,Kaladin
Jasnah,Zahel,Words of Radiance,67,1,chapter_55,Kaladin
Kaladin,Sadeas,Words of Radiance,67,1,chapter_55,Kaladin
Kaladin,Sebarial,Words of Radiance,67,1,chapter_55,Kaladin
Kaladin,Shallan,Words of Radiance,67,1,chapter_55,Kaladin
Kaladin,Sigzil,Words of Radiance,67,1,chapter_55,Kaladin
Kaladin,Syl,Words of Radiance,67,1,chapter_55,Kaladin
Kaladin,Teft,Words of Radiance,67,1,chapter_55,Kaladin
Kaladin,Wit,Words of Radiance,67,1,chapter_55,Kaladin
Kaladin,Yenev,Words of Radiance,67,1,chapter_55,Kaladin
Kaladin,Zahel,Words of Radiance,67,1,chapter_55,Kaladin
Sadeas,Sebarial,Words of Radiance,67,1,chapter_55,Kaladin
Sadeas,Shallan,Words of Radiance,67,1,chapter_55,Kaladin
Sadeas,Sigzil,Words of Radiance,67,1,chapter_55,Kaladin
Sadeas,Syl,Words of Radiance,67,1,chapter_55,Kaladin
Sadeas,Teft,Words of Radiance,67,1,chapter_55,Kaladin
Sadeas,Wit,Words of Radiance,67,1,chapter_55,Kaladin
Sadeas,Yenev,Words of Radiance,67,1,chapter_55,Kaladin
Sadeas,Zahel,Words of Radiance,67,1,chapter_55,Kaladin
Sebarial,Shallan,Words of Radiance,67,1,chapter_55,Kaladin
Sebarial,Sigzil,Words of Radiance,67,1,chapter_55,Kaladin
Sebarial,Syl,Words of Radiance,67,1,chapter_55,Kaladin
Sebarial,Teft,Words of Radiance,67,1,chapter_55,Kaladin
Sebarial,Wit,Words of Radiance,67,1,chapter_55,Kaladin
Sebarial,Yenev,Words of Radiance,67,1,chapter_55,Kaladin
Sebarial,Zahel,Words of Radiance,67,1,chapter_55,Kaladin
Shallan,Sigzil,Words of Radiance,67,1,chapter_55,Kaladin
Shallan,Syl,Words of Radiance,67,1,chapter_55,Kaladin
Shallan,Teft,Words of Radiance,67,1,chapter_55,Kaladin
Shallan,Wit,Words of Radiance,67,1,chapter_55,Kaladin
Shallan,Yenev,Words of Radiance,67,1,chapter_55,Kaladin
Shallan,Zahel,Words of Radiance,67,1,chapter_55,Kaladin
Sigzil,Syl,Words of Radiance,67,1,chapter_55,Kaladin
Sigzil,Teft,Words of Radiance,67,1,chapter_55,Kaladin
Sigzil,Wit,Words of Radiance,67,1,chapter_55,Kaladin
Sigzil,Yenev,Words of Radiance,67,1,chapter_55,Kaladin
Sigzil,Zahel,Words of Radiance,67,1,chapter_55,Kaladin
Syl,Teft,Words of Radiance,67,1,chapter_55,Kaladin
Syl,Wit,Words of Radiance,67,1,chapter_55,Kaladin
Syl,Yenev,Words of Radiance,67,1,chapter_55,Kaladin
Syl,Zahel,Words of Radiance,67,1,chapter_55,Kaladin
Teft,Wit,Words of Radiance,67,1,chapter_55,Kaladin
Teft,Yenev,Words of Radiance,67,1,chapter_55,Kaladin
Teft,Zahel,Words of Radiance,67,1,chapter_55,Kaladin
Wit,Yenev,Words of Radiance,67,1,chapter_55,Kaladin
Wit,Zahel,Words of Radiance,67,1,chapter_55,Kaladin
Yenev,Zahel,Words of Radiance,67,1,chapter_55,Kaladin
Adolin,Amaram,Words of Radiance,68,1,chapter_56,Kaladin
Adolin,Dalinar,Words of Radiance,68,1,chapter_56,Kaladin
Adolin,Elhokar,Words of Radiance,68,1,chapter_56,Kaladin
Adolin,Eth,Words of Radiance,68,1,chapter_56,Kaladin
Adolin,Kaladin,Words of Radiance,68,1,chapter_56,Kaladin
Adolin,Moash,Words of Radiance,68,1,chapter_56,Kaladin
Adolin,Navani,Words of Radiance,68,1,chapter_56,Kaladin
Adolin,Sebarial,Words of Radiance,68,1,chapter_56,Kaladin
Adolin,Sigzil,Words of Radiance,68,1,chapter_56,Kaladin
Adolin,Skar,Words of Radiance,68,1,chapter_56,Kaladin
Adolin,Syl,Words of Radiance,68,1,chapter_56,Kaladin
Amaram,Dalinar,Words of Radiance,68,1,chapter_56,Kaladin
Amaram,Elhokar,Words of Radiance,68,1,chapter_56,Kaladin
Amaram,Eth,Words of Radiance,68,1,chapter_56,Kaladin
Amaram,Kaladin,Words of Radiance,68,1,chapter_56,Kaladin
Amaram,Moash,Words of Radiance,68,1,chapter_56,Kaladin
Amaram,Navani,Words of Radiance,68,1,chapter_56,Kaladin
Amaram,Sebarial,Words of Radiance,68,1,chapter_56,Kaladin
Amaram,Sigzil,Words of Radiance,68,1,chapter_56,Kaladin
Amaram,Skar,Words of Radiance,68,1,chapter_56,Kaladin
Amaram,Syl,Words of Radiance,68,1,chapter_56,Kaladin
Dalinar,Elhokar,Words of Radiance,68,1,chapter_56,Kaladin
Dalinar,Eth,Words of Radiance,68,1,chapter_56,Kaladin
Dalinar,Kaladin,Words of Radiance,68,1,chapter_56,Kaladin
Dalinar,Moash,Words of Radiance,68,1,chapter_56,Kaladin
Dalinar,Navani,Words of Radiance,68,1,chapter_56,Kaladin
Dalinar,Sebarial,Words of Radiance,68,1,chapter_56,Kaladin
Dalinar,Sigzil,Words of Radiance,68,1,chapter_56,Kaladin
Dalinar,Skar,Words of Radiance,68,1,chapter_56,Kaladin
Dalinar,Syl,Words of Radiance,68,1,chapter_56,Kaladin
Elhokar,Eth,Words of Radiance,68,1,chapter_56,Kaladin
Elhokar,Kaladin,Words of Radiance,68,1,chapter_56,Kaladin
Elhokar,Moash,Words of Radiance,68,1,chapter_56,Kaladin
Elhokar,Navani,Words of Radiance,68,1,chapter_56,Kaladin
Elhokar,Sebarial,Words of Radiance,68,1,chapter_56,Kaladin
Elhokar,Sigzil,Words of Radiance,68,1,chapter_56,Kaladin
Elhokar,Skar,Words of Radiance,68,1,chapter_56,Kaladin
Elhokar,Syl,Words of Radiance,68,1,chapter_56,Kaladin
Eth,Kaladin,Words of Radiance,68,1,chapter_56,Kaladin
Eth,Moash,Words of Radiance,68,1,chapter_56,Kaladin
Eth,Navani,Words of Radiance,68,1,chapter_56,Kaladin
Eth,Sebarial,Words of Radiance,68,1,chapter_56,Kaladin
Eth,Sigzil,Words of Radiance,68,1,chapter_56,Kaladin
Eth,Skar,Words of Radiance,68,1,chapter_56,Kaladin
Eth,Syl,Words of Radiance,68,1,chapter_56,Kaladin
Kaladin,Moash,Words of Radiance,68,1,chapter_56,Kaladin
Kaladin,Navani,Words of Radiance,68,1,chapter_56,Kaladin
Kaladin,Sebarial,Words of Radiance,68,1,chapter_56,Kaladin
Kaladin,Sigzil,Words of Radiance,68,1,chapter_56,Kaladin
Kaladin,Skar,Words of Radiance,68,1,chapter_56,Kaladin
Kaladin,Syl,Words of Radiance,68,1,chapter_56,Kaladin
Moash,Navani,Words of Radiance,68,1,chapter_56,Kaladin
Moash,Sebarial,Words of Radiance,68,1,chapter_56,Kaladin
Moash,Sigzil,Words of Radiance,68,1,chapter_56,Kaladin
Moash,Skar,Words of Radiance,68,1,chapter_56,Kaladin
Moash,Syl,Words of Radiance,68,1,chapter_56,Kaladin
Navani,Sebarial,Words of Radiance,68,1,chapter_56,Kaladin
Navani,Sigzil,Words of Radiance,68,1,chapter_56,Kaladin
Navani,Skar,Words of Radiance,68,1,chapter_56,Kaladin
Navani,Syl,Words of Radiance,68,1,chapter_56,Kaladin
Sebarial,Sigzil,Words of Radiance,68,1,chapter_56,Kaladin
Sebarial,Skar,Words of Radiance,68,1,chapter_56,Kaladin
Sebarial,Syl,Words of Radiance,68,1,chapter_56,Kaladin
Sigzil,Skar,Words of Radiance,68,1,chapter_56,Kaladin
Sigzil,Syl,Words of Radiance,68,1,chapter_56,Kaladin
Skar,Syl,Words of Radiance,68,1,chapter_56,Kaladin
Adolin,Elhokar,Words of Radiance,68,2,chapter_56,Kaladin
Adolin,Navani,Words of Radiance,68,2,chapter_56,Kaladin
Adolin,Renarin,Words of Radiance,68,2,chapter_56,Kaladin
Adolin,Sadeas,Words of Radiance,68,2,chapter_56,Kaladin
Adolin,Shallan,Words of Radiance,68,2,chapter_56,Kaladin
Elhokar,Navani,Words of Radiance,68,2,chapter_56,Kaladin
Elhokar,Renarin,Words of Radiance,68,2,chapter_56,Kaladin
Elhokar,Sadeas,Words of Radiance,68,2,chapter_56,Kaladin
Elhokar,Shallan,Words of Radiance,68,2,chapter_56,Kaladin
Navani,Renarin,Words of Radiance,68,2,chapter_56,Kaladin
Navani,Sadeas,Words of Radiance,68,2,chapter_56,Kaladin
Navani,Shallan,Words of Radiance,68,2,chapter_56,Kaladin
Renarin,Sadeas,Words of Radiance,68,2,chapter_56,Kaladin
Renarin,Shallan,Words of Radiance,68,2,chapter_56,Kaladin
Sadeas,Shallan,Words of Radiance,68,2,chapter_56,Kaladin
Adolin,Dalinar,Words of Radiance,68,3,chapter_56,Kaladin
Adolin,Elhokar,Words of Radiance,68,3,chapter_56,Kaladin
Adolin,Kaladin,Words of Radiance,68,3,chapter_56,Kaladin
Adolin,Sadeas,Words of Radiance,68,3,chapter_56,Kaladin
Dalinar,Elhokar,Words of Radiance,68,3,chapter_56,Kaladin
Dalinar,Kaladin,Words of Radiance,68,3,chapter_56,Kaladin
Dalinar,Sadeas,Words of Radiance,68,3,chapter_56,Kaladin
Elhokar,Kaladin,Words of Radiance,68,3,chapter_56,Kaladin
Elhokar,Sadeas,Words of Radiance,68,3,chapter_56,Kaladin
Kaladin,Sadeas,Words of Radiance,68,3,chapter_56,Kaladin
Adolin,Aladar,Words of Radiance,68,4,chapter_56,Kaladin
Adolin,Jakamav,Words of Radiance,68,4,chapter_56,Kaladin
Adolin,Zahel,Words of Radiance,68,4,chapter_56,Kaladin
Aladar,Jakamav,Words of Radiance,68,4,chapter_56,Kaladin
Aladar,Zahel,Words of Radiance,68,4,chapter_56,Kaladin
Jakamav,Zahel,Words of Radiance,68,4,chapter_56,Kaladin
Adolin,Dalinar,Words of Radiance,68,5,chapter_56,Kaladin
Adolin,Elhokar,Words of Radiance,68,5,chapter_56,Kaladin
Adolin,Renarin,Words of Radiance,68,5,chapter_56,Kaladin
Adolin,Sadeas,Words of Radiance,68,5,chapter_56,Kaladin
Dalinar,Elhokar,Words of Radiance,68,5,chapter_56,Kaladin
Dalinar,Renarin,Words of Radiance,68,5,chapter_56,Kaladin
Dalinar,Sadeas,Words of Radiance,68,5,chapter_56,Kaladin
Elhokar,Renarin,Words of Radiance,68,5,chapter_56,Kaladin
Elhokar,Sadeas,Words of Radiance,68,5,chapter_56,Kaladin
Renarin,Sadeas,Words of Radiance,68,5,chapter_56,Kaladin
Adolin,Jakamav,Words of Radiance,68,6,chapter_56,Kaladin
Adolin,Renarin,Words of Radiance,68,6,chapter_56,Kaladin
Jakamav,Renarin,Words of Radiance,68,6,chapter_56,Kaladin
Adolin,Amaram,Words of Radiance,68,7,chapter_56,Kaladin
Adolin,Dalinar,Words of Radiance,68,7,chapter_56,Kaladin
Adolin,Kaladin,Words of Radiance,68,7,chapter_56,Kaladin
Adolin,Renarin,Words of Radiance,68,7,chapter_56,Kaladin
Amaram,Dalinar,Words of Radiance,68,7,chapter_56,Kaladin
Amaram,Kaladin,Words of Radiance,68,7,chapter_56,Kaladin
Amaram,Renarin,Words of Radiance,68,7,chapter_56,Kaladin
Dalinar,Kaladin,Words of Radiance,68,7,chapter_56,Kaladin
Dalinar,Renarin,Words of Radiance,68,7,chapter_56,Kaladin
Kaladin,Renarin,Words of Radiance,68,7,chapter_56,Kaladin
Adolin,Amaram,Words of Radiance,69,1,chapter_57,Kaladin
Adolin,Pattern,Words of Radiance,69,1,chapter_57,Kaladin
Adolin,Renarin,Words of Radiance,69,1,chapter_57,Kaladin
Adolin,Sebarial,Words of Radiance,69,1,chapter_57,Kaladin
Adolin,Shallan,Words of Radiance,69,1,chapter_57,Kaladin
Amaram,Pattern,Words of Radiance,69,1,chapter_57,Kaladin
Amaram,Renarin,Words of Radiance,69,1,chapter_57,Kaladin
Amaram,Sebarial,Words of Radiance,69,1,chapter_57,Kaladin
Amaram,Shallan,Words of Radiance,69,1,chapter_57,Kaladin
Pattern,Renarin,Words of Radiance,69,1,chapter_57,Kaladin
Pattern,Sebarial,Words of Radiance,69,1,chapter_57,Kaladin
Pattern,Shallan,Words of Radiance,69,1,chapter_57,Kaladin
Renarin,Sebarial,Words of Radiance,69,1,chapter_57,Kaladin
Renarin,Shallan,Words of Radiance,69,1,chapter_57,Kaladin
Sebarial,Shallan,Words of Radiance,69,1,chapter_57,Kaladin
Adolin,Amaram,Words of Radiance,69,2,chapter_57,Kaladin
Adolin,Dalinar,Words of Radiance,69,2,chapter_57,Kaladin
Adolin,Jakamav,Words of Radiance,69,2,chapter_57,Kaladin
Adolin,Kaladin,Words of Radiance,69,2,chapter_57,Kaladin
Adolin,Renarin,Words of Radiance,69,2,chapter_57,Kaladin
Adolin,Ruthar,Words of Radiance,69,2,chapter_57,Kaladin
Adolin,Sadeas,Words of Radiance,69,2,chapter_57,Kaladin
Adolin,Syl,Words of Radiance,69,2,chapter_57,Kaladin
Adolin,Zahel,Words of Radiance,69,2,chapter_57,Kaladin
Amaram,Dalinar,Words of Radiance,69,2,chapter_57,Kaladin
Amaram,Jakamav,Words of Radiance,69,2,chapter_57,Kaladin
Amaram,Kaladin,Words of Radiance,69,2,chapter_57,Kaladin
Amaram,Renarin,Words of Radiance,69,2,chapter_57,Kaladin
Amaram,Ruthar,Words of Radiance,69,2,chapter_57,Kaladin
Amaram,Sadeas,Words of Radiance,69,2,chapter_57,Kaladin
Amaram,Syl,Words of Radiance,69,2,chapter_57,Kaladin
Amaram,Zahel,Words of Radiance,69,2,chapter_57,Kaladin
Dalinar,Jakamav,Words of Radiance,69,2,chapter_57,Kaladin
Dalinar,Kaladin,Words of Radiance,69,2,chapter_57,Kaladin
Dalinar,Renarin,Words of Radiance,69,2,chapter_57,Kaladin
Dalinar,Ruthar,Words of Radiance,69,2,chapter_57,Kaladin
Dalinar,Sadeas,Words of Radiance,69,2,chapter_57,Kaladin
Dalinar,Syl,Words of Radiance,69,2,chapter_57,Kaladin
Dalinar,Zahel,Words of Radiance,69,2,chapter_57,Kaladin
Jakamav,Kaladin,Words of Radiance,69,2,chapter_57,Kaladin
Jakamav,Renarin,Words of Radiance,69,2,chapter_57,Kaladin
Jakamav,Ruthar,Words of Radiance,69,2,chapter_57,Kaladin
Jakamav,Sadeas,Words of Radiance,69,2,chapter_57,Kaladin
Jakamav,Syl,Words of Radiance,69,2,chapter_57,Kaladin
Jakamav,Zahel,Words of Radiance,69,2,chapter_57,Kaladin
Kaladin,Renarin,Words of Radiance,69,2,chapter_57,Kaladin
Kaladin,Ruthar,Words of Radiance,69,2,chapter_57,Kaladin
Kaladin,Sadeas,Words of Radiance,69,2,chapter_57,Kaladin
Kaladin,Syl,Words of Radiance,69,2,chapter_57,Kaladin
Kaladin,Zahel,Words of Radiance,69,2,chapter_57,Kaladin
Renarin,Ruthar,Words of Radiance,69,2,chapter_57,Kaladin
Renarin,Sadeas,Words of Radiance,69,2,chapter_57,Kaladin
Renarin,Syl,Words of Radiance,69,2,chapter_57,Kaladin
Renarin,Zahel,Words of Radiance,69,2,chapter_57,Kaladin
Ruthar,Sadeas,Words of Radiance,69,2,chapter_57,Kaladin
Ruthar,Syl,Words of Radiance,69,2,chapter_57,Kaladin
Ruthar,Zahel,Words of Radiance,69,2,chapter_57,Kaladin
Sadeas,Syl,Words of Radiance,69,2,chapter_57,Kaladin
Sadeas,Zahel,Words of Radiance,69,2,chapter_57,Kaladin
Syl,Zahel,Words of Radiance,69,2,chapter_57,Kaladin
Adolin,Amaram,Words of Radiance,70,1,chapter_58,Kaladin
Adolin,Dalinar,Words of Radiance,70,1,chapter_58,Kaladin
Adolin,Elhokar,Words of Radiance,70,1,chapter_58,Kaladin
Adolin,Kaladin,Words of Radiance,70,1,chapter_58,Kaladin
Adolin,Sadeas,Words of Radiance,70,1,chapter_58,Kaladin
Amaram,Dalinar,Words of Radiance,70,1,chapter_58,Kaladin
Amaram,Elhokar,Words of Radiance,70,1,chapter_58,Kaladin
Amaram,Kaladin,Words of Radiance,70,1,chapter_58,Kaladin
Amaram,Sadeas,Words of Radiance,70,1,chapter_58,Kaladin
Dalinar,Elhokar,Words of Radiance,70,1,chapter_58,Kaladin
Dalinar,Kaladin,Words of Radiance,70,1,chapter_58,Kaladin
Dalinar,Sadeas,Words of Radiance,70,1,chapter_58,Kaladin
Elhokar,Kaladin,Words of Radiance,70,1,chapter_58,Kaladin
Elhokar,Sadeas,Words of Radiance,70,1,chapter_58,Kaladin
Kaladin,Sadeas,Words of Radiance,70,1,chapter_58,Kaladin
Adolin,Dalinar,Words of Radiance,70,2,chapter_58,Kaladin
Adolin,Ialai,Words of Radiance,70,2,chapter_58,Kaladin
Adolin,Sadeas,Words of Radiance,70,2,chapter_58,Kaladin
Dalinar,Ialai,Words of Radiance,70,2,chapter_58,Kaladin
Dalinar,Sadeas,Words of Radiance,70,2,chapter_58,Kaladin
Ialai,Sadeas,Words of Radiance,70,2,chapter_58,Kaladin
Dalinar,Kaladin,Words of Radiance,70,3,chapter_58,Kaladin
Dalinar,Syl,Words of Radiance,70,3,chapter_58,Kaladin
Kaladin,Syl,Words of Radiance,70,3,chapter_58,Kaladin
Lift,Wyndle,Words of Radiance,71,1,interlude_9,Lift
Dalinar,Elhokar,Words of Radiance,75,1,chapter_59,Kaladin
Dalinar,Kaladin,Words of Radiance,75,1,chapter_59,Kaladin
Dalinar,Moash,Words of Radiance,75,1,chapter_59,Kaladin
Dalinar,Sadeas,Words of Radiance,75,1,chapter_59,Kaladin
Dalinar,Sigzil,Words of Radiance,75,1,chapter_59,Kaladin
Dalinar,Syl,Words of Radiance,75,1,chapter_59,Kaladin
Dalinar,Wit,Words of Radiance,75,1,chapter_59,Kaladin
Elhokar,Kaladin,Words of Radiance,75,1,chapter_59,Kaladin
Elhokar,Moash,Words of Radiance,75,1,chapter_59,Kaladin
Elhokar,Sadeas,Words of Radiance,75,1,chapter_59,Kaladin
Elhokar,Sigzil,Words of Radiance,75,1,chapter_59,Kaladin
Elhokar,Syl,Words of Radiance,75,1,chapter_59,Kaladin
Elhokar,Wit,Words of Radiance,75,1,chapter_59,Kaladin
Kaladin,Moash,Words of Radiance,75,1,chapter_59,Kaladin
Kaladin,Sadeas,Words of Radiance,75,1,chapter_59,Kaladin
Kaladin,Sigzil,Words of Radiance,75,1,chapter_59,Kaladin
Kaladin,Syl,Words of Radiance,75,1,chapter_59,Kaladin
Kaladin,Wit,Words of Radiance,75,1,chapter_59,Kaladin
Moash,Sadeas,Words of Radiance,75,1,chapter_59,Kaladin
Moash,Sigzil,Words of Radiance,75,1,chapter_59,Kaladin
Moash,Syl,Words of Radiance,75,1,chapter_59,Kaladin
Moash,Wit,Words of Radiance,75,1,chapter_59,Kaladin
Sadeas,Sigzil,Words of Radiance,75,1,chapter_59,Kaladin
Sadeas,Syl,Words of Radiance,75,1,chapter_59,Kaladin
Sadeas,Wit,Words of Radiance,75,1,chapter_59,Kaladin
Sigzil,Syl,Words of Radiance,75,1,chapter_59,Kaladin
Sigzil,Wit,Words of Radiance,75,1,chapter_59,Kaladin
Syl,Wit,Words of Radiance,75,1,chapter_59,Kaladin
Adolin,Amaram,Words of Radiance,76,1,chapter_60,Shallan
Adolin,Dalinar,Words of Radiance,76,1,chapter_60,Shallan
Adolin,Jasnah,Words of Radiance,76,1,chapter_60,Shallan
Adolin,Maps,Words of Radiance,76,1,chapter_60,Shallan
Adolin,Navani,Words of Radiance,76,1,chapter_60,Shallan
Adolin,Pattern,Words of Radiance,76,1,chapter_60,Shallan
Adolin,Sebarial,Words of Radiance,76,1,chapter_60,Shallan
Adolin,Shallan,Words of Radiance,76,1,chapter_60,Shallan
Adolin,Vathah,Words of Radiance,76,1,chapter_60,Shallan
Amaram,Dalinar,Words of Radiance,76,1,chapter_60,Shallan
Amaram,Jasnah,Words of Radiance,76,1,chapter_60,Shallan
Amaram,Maps,Words of Radiance,76,1,chapter_60,Shallan
Amaram,Navani,Words of Radiance,76,1,chapter_60,Shallan
Amaram,Pattern,Words of Radiance,76,1,chapter_60,Shallan
Amaram,Sebarial,Words of Radiance,76,1,chapter_60,Shallan
Amaram,Shallan,Words of Radiance,76,1,chapter_60,Shallan
Amaram,Vathah,Words of Radiance,76,1,chapter_60,Shallan
Dalinar,Jasnah,Words of Radiance,76,1,chapter_60,Shallan
Dalinar,Maps,Words of Radiance,76,1,chapter_60,Shallan
Dalinar,Navani,Words of Radiance,76,1,chapter_60,Shallan
Dalinar,Pattern,Words of Radiance,76,1,chapter_60,Shallan
Dalinar,Sebarial,Words of Radiance,76,1,chapter_60,Shallan
Dalinar,Shallan,Words of Radiance,76,1,chapter_60,Shallan
Dalinar,Vathah,Words of Radiance,76,1,chapter_60,Shallan
Jasnah,Maps,Words of Radiance,76,1,chapter_60,Shallan
Jasnah,Navani,Words of Radiance,76,1,chapter_60,Shallan
Jasnah,Pattern,Words of Radiance,76,1,chapter_60,Shallan
Jasnah,Sebarial,Words of Radiance,76,1,chapter_60,Shallan
Jasnah,Shallan,Words of Radiance,76,1,chapter_60,Shallan
Jasnah,Vathah,Words of Radiance,76,1,chapter_60,Shallan
Maps,Navani,Words of Radiance,76,1,chapter_60,Shallan
Maps,Pattern,Words of Radiance,76,1,chapter_60,Shallan
Maps,Sebarial,Words of Radiance,76,1,chapter_60,Shallan
Maps,Shallan,Words of Radiance,76,1,chapter_60,Shallan
Maps,Vathah,Words of Radiance,76,1,chapter_60,Shallan
Navani,Pattern,Words of Radiance,76,1,chapter_60,Shallan
Navani,Sebarial,Words of Radiance,76,1,chapter_60,Shallan
Navani,Shallan,Words of Radiance,76,1,chapter_60,Shallan
Navani,Vathah,Words of Radiance,76,1,chapter_60,Shallan
Pattern,Sebarial,Words of Radiance,76,1,chapter_60,Shallan
Pattern,Shallan,Words of Radiance,76,1,chapter_60,Shallan
Pattern,Vathah,Words of Radiance,76,1,chapter_60,Shallan
Sebarial,Shallan,Words of Radiance,76,1,chapter_60,Shallan
Sebarial,Vathah,Words of Radiance,76,1,chapter_60,Shallan
Shallan,Vathah,Words of Radiance,76,1,chapter_60,Shallan
Balat,Helaran,Words of Radiance,77,2,chapter_61,Shallan
Balat,Jushu,Words of Radiance,77,2,chapter_61,Shallan
Balat,Nan,Words of Radiance,77,2,chapter_61,Shallan
Balat,Shallan,Words of Radiance,77,2,chapter_61,Shallan
Balat,Valam,Words of Radiance,77,2,chapter_61,Shallan
Balat,Wikim,Words of Radiance,77,2,chapter_61,Shallan
Helaran,Jushu,Words of Radiance,77,2,chapter_61,Shallan
Helaran,Nan,Words of Radiance,77,2,chapter_61,Shallan
Helaran,Shallan,Words of Radiance,77,2,chapter_61,Shallan
Helaran,Valam,Words of Radiance,77,2,chapter_61,Shallan
Helaran,Wikim,Words of Radiance,77,2,chapter_61,Shallan
Jushu,Nan,Words of Radiance,77,2,chapter_61,Shallan
Jushu,Shallan,Words of Radiance,77,2,chapter_61,Shallan
Jushu,Valam,Words of Radiance,77,2,chapter_61,Shallan
Jushu,Wikim,Words of Radiance,77,2,chapter_61,Shallan
Nan,Shallan,Words of Radiance,77,2,chapter_61,Shallan
Nan,Valam,Words of Radiance,77,2,chapter_61,Shallan
Nan,Wikim,Words of Radiance,77,2,chapter_61,Shallan
Shallan,Valam,Words of Radiance,77,2,chapter_61,Shallan
Shallan,Wikim,Words of Radiance,77,2,chapter_61,Shallan
Valam,Wikim,Words of Radiance,77,2,chapter_61,Shallan
Adolin,Amaram,Words of Radiance,78,2,chapter_62,Kaladin
Adolin,Dalinar,Words of Radiance,78,2,chapter_62,Kaladin
Adolin,Elhokar,Words of Radiance,78,2,chapter_62,Kaladin
Adolin,Kaladin,Words of Radiance,78,2,chapter_62,Kaladin
Adolin,Moash,Words of Radiance,78,2,chapter_62,Kaladin
Adolin,Roshone,Words of Radiance,78,2,chapter_62,Kaladin
Adolin,Sadeas,Words of Radiance,78,2,chapter_62,Kaladin
Adolin,Syl,Words of Radiance,78,2,chapter_62,Kaladin
Adolin,Tien,Words of Radiance,78,2,chapter_62,Kaladin
Adolin,Wit,Words of Radiance,78,2,chapter_62,Kaladin
Amaram,Dalinar,Words of Radiance,78,2,chapter_62,Kaladin
Amaram,Elhokar,Words of Radiance,78,2,chapter_62,Kaladin
Amaram,Kaladin,Words of Radiance,78,2,chapter_62,Kaladin
Amaram,Moash,Words of Radiance,78,2,chapter_62,Kaladin
Amaram,Roshone,Words of Radiance,78,2,chapter_62,Kaladin
Amaram,Sadeas,Words of Radiance,78,2,chapter_62,Kaladin
Amaram,Syl,Words of Radiance,78,2,chapter_62,Kaladin
Amaram,Tien,Words of Radiance,78,2,chapter_62,Kaladin
Amaram,Wit,Words of Radiance,78,2,chapter_62,Kaladin
Dalinar,Elhokar,Words of Radiance,78,2,chapter_62,Kaladin
Dalinar,Kaladin,Words of Radiance,78,2,chapter_62,Kaladin
Dalinar,Moash,Words of Radiance,78,2,chapter_62,Kaladin
Dalinar,Roshone,Words of Radiance,78,2,chapter_62,Kaladin
Dalinar,Sadeas,Words of Radiance,78,2,chapter_62,Kaladin
Dalinar,Syl,Words of Radiance,78,2,chapter_62,Kaladin
Dalinar,Tien,Words of Radiance,78,2,chapter_62,Kaladin
Dalinar,Wit,Words of Radiance,78,2,chapter_62,Kaladin
Elhokar,Kaladin,Words of Radiance,78,2,chapter_62,Kaladin
Elhokar,Moash,Words of Radiance,78,2,chapter_62,Kaladin
Elhokar,Roshone,Words of Radiance,78,2,chapter_62,Kaladin
Elhokar,Sadeas,Words of Radiance,78,2,chapter_62,Kaladin
Elhokar,Syl,Words of Radiance,78,2,chapter_62,Kaladin
Elhokar,Tien,Words of Radiance,78,2,chapter_62,Kaladin
Elhokar,Wit,Words of Radiance,78,2,chapter_62,Kaladin
Kaladin,Moash,Words of Radiance,78,2,chapter_62,Kaladin
Kaladin,Roshone,Words of Radiance,78,2,chapter_62,Kaladin
Kaladin,Sadeas,Words of Radiance,78,2,chapter_62,Kaladin
Kaladin,Syl,Words of Radiance,78,2,chapter_62,Kaladin
Kaladin,Tien,Words of Radiance,78,2,chapter_62,Kaladin
Kaladin,Wit,Words of Radiance,78,2,chapter_62,Kaladin
Moash,Roshone,Words of Radiance,78,2,chapter_62,Kaladin
Moash,Sadeas,Words of Radiance,78,2,chapter_62,Kaladin
Moash,Syl,Words of Radiance,78,2,chapter_62,Kaladin
Moash,Tien,Words of Radiance,78,2,chapter_62,Kaladin
Moash,Wit,Words of Radiance,78,2,chapter_62,Kaladin
Roshone,Sadeas,Words of Radiance,78,2,chapter_62,Kaladin
Roshone,Syl,Words of Radiance,78,2,chapter_62,Kaladin
Roshone,Tien,Words of Radiance,78,2,chapter_62,Kaladin
Roshone,Wit,Words of Radiance,78,2,chapter_62,Kaladin
Sadeas,Syl,Words of Radiance,78,2,chapter_62,Kaladin
Sadeas,Tien,Words of Radiance,78,2,chapter_62,Kaladin
Sadeas,Wit,Words of Radiance,78,2,chapter_62,Kaladin
Syl,Tien,Words of Radiance,78,2,chapter_62,Kaladin
Syl,Wit,Words of Radiance,78,2,chapter_62,Kaladin
Tien,Wit,Words of Radiance,78,2,chapter_62,Kaladin
Adolin,Amaram,Words of Radiance,79,1,chapter_63,Shallan
Adolin,Dalinar,Words of Radiance,79,1,chapter_63,Shallan
Adolin,Iyatil,Words of Radiance,79,1,chapter_63,Shallan
Adolin,Jasnah,Words of Radiance,79,1,chapter_63,Shallan
Adolin,Mraize,Words of Radiance,79,1,chapter_63,Shallan
Adolin,Pattern,Words of Radiance,79,1,chapter_63,Shallan
Adolin,Sebarial,Words of Radiance,79,1,chapter_63,Shallan
Adolin,Shallan,Words of Radiance,79,1,chapter_63,Shallan
Adolin,Tyn,Words of Radiance,79,1,chapter_63,Shallan
Amaram,Dalinar,Words of Radiance,79,1,chapter_63,Shallan
Amaram,Iyatil,Words of Radiance,79,1,chapter_63,Shallan
Amaram,Jasnah,Words of Radiance,79,1,chapter_63,Shallan
Amaram,Mraize,Words of Radiance,79,1,chapter_63,Shallan
Amaram,Pattern,Words of Radiance,79,1,chapter_63,Shallan
Amaram,Sebarial,Words of Radiance,79,1,chapter_63,Shallan
Amaram,Shallan,Words of Radiance,79,1,chapter_63,Shallan
Amaram,Tyn,Words of Radiance,79,1,chapter_63,Shallan
Dalinar,Iyatil,Words of Radiance,79,1,chapter_63,Shallan
Dalinar,Jasnah,Words of Radiance,79,1,chapter_63,Shallan
Dalinar,Mraize,Words of Radiance,79,1,chapter_63,Shallan
Dalinar,Pattern,Words of Radiance,79,1,chapter_63,Shallan
Dalinar,Sebarial,Words of Radiance,79,1,chapter_63,Shallan
Dalinar,Shallan,Words of Radiance,79,1,chapter_63,Shallan
Dalinar,Tyn,Words of Radiance,79,1,chapter_63,Shallan
Iyatil,Jasnah,Words of Radiance,79,1,chapter_63,Shallan
Iyatil,Mraize,Words of Radiance,79,1,chapter_63,Shallan
Iyatil,Pattern,Words of Radiance,79,1,chapter_63,Shallan
Iyatil,Sebarial,Words of Radiance,79,1,chapter_63,Shallan
Iyatil,Shallan,Words of Radiance,79,1,chapter_63,Shallan
Iyatil,Tyn,Words of Radiance,79,1,chapter_63,Shallan
Jasnah,Mraize,Words of Radiance,79,1,chapter_63,Shallan
Jasnah,Pattern,Words of Radiance,79,1,chapter_63,Shallan
Jasnah,Sebarial,Words of Radiance,79,1,chapter_63,Shallan
Jasnah,Shallan,Words of Radiance,79,1,chapter_63,Shallan
Jasnah,Tyn,Words of Radiance,79,1,chapter_63,Shallan
Mraize,Pattern,Words of Radiance,79,1,chapter_63,Shallan
Mraize,Sebarial,Words of Radiance,79,1,chapter_63,Shallan
Mraize,Shallan,Words of Radiance,79,1,chapter_63,Shallan
Mraize,Tyn,Words of Radiance,79,1,chapter_63,Shallan
Pattern,Sebarial,Words of Radiance,79,1,chapter_63,Shallan
Pattern,Shallan,Words of Radiance,79,1,chapter_63,Shallan
Pattern,Tyn,Words of Radiance,79,1,chapter_63,Shallan
Sebarial,Shallan,Words of Radiance,79,1,chapter_63,Shallan
Sebarial,Tyn,Words of Radiance,79,1,chapter_63,Shallan
Shallan,Tyn,Words of Radiance,79,1,chapter_63,Shallan
Adolin,Dalinar,Words of Radiance,79,2,chapter_63,Shallan
Adolin,Iyatil,Words of Radiance,79,2,chapter_63,Shallan
Adolin,Mraize,Words of Radiance,79,2,chapter_63,Shallan
Adolin,Pattern,Words of Radiance,79,2,chapter_63,Shallan
Adolin,Sebarial,Words of Radiance,79,2,chapter_63,Shallan
Adolin,Shallan,Words of Radiance,79,2,chapter_63,Shallan
Adolin,Tyn,Words of Radiance,79,2,chapter_63,Shallan
Dalinar,Iyatil,Words of Radiance,79,2,chapter_63,Shallan
Dalinar,Mraize,Words of Radiance,79,2,chapter_63,Shallan
Dalinar,Pattern,Words of Radiance,79,2,chapter_63,Shallan
Dalinar,Sebarial,Words of Radiance,79,2,chapter_63,Shallan
Dalinar,Shallan,Words of Radiance,79,2,chapter_63,Shallan
Dalinar,Tyn,Words of Radiance,79,2,chapter_63,Shallan
Iyatil,Mraize,Words of Radiance,79,2,chapter_63,Shallan
Iyatil,Pattern,Words of Radiance,79,2,chapter_63,Shallan
Iyatil,Sebarial,Words of Radiance,79,2,chapter_63,Shallan
Iyatil,Shallan,Words of Radiance,79,2,chapter_63,Shallan
Iyatil,Tyn,Words of Radiance,79,2,chapter_63,Shallan
Mraize,Pattern,Words of Radiance,79,2,chapter_63,Shallan
Mraize,Sebarial,Words of Radiance,79,2,chapter_63,Shallan
Mraize,Shallan,Words of Radiance,79,2,chapter_63,Shallan
Mraize,Tyn,Words of Radiance,79,2,chapter_63,Shallan
Pattern,Sebarial,Words of Radiance,79,2,chapter_63,Shallan
Pattern,Shallan,Words of Radiance,79,2,chapter_63,Shallan
Pattern,Tyn,Words of Radiance,79,2,chapter_63,Shallan
Sebarial,Shallan,Words of Radiance,79,2,chapter_63,Shallan
Sebarial,Tyn,Words of Radiance,79,2,chapter_63,Shallan
Shallan,Tyn,Words of Radiance,79,2,chapter_63,Shallan
Amaram,Dalinar,Words of Radiance,79,3,chapter_63,Shallan
Amaram,Ishar,Words of Radiance,79,3,chapter_63,Shallan
Amaram,Iyatil,Words of Radiance,79,3,chapter_63,Shallan
Amaram,Mraize,Words of Radiance,79,3,chapter_63,Shallan
Amaram,Pattern,Words of Radiance,79,3,chapter_63,Shallan
Amaram,Shallan,Words of Radiance,79,3,chapter_63,Shallan
Amaram,Talenel,Words of Radiance,79,3,chapter_63,Shallan
Dalinar,Ishar,Words of Radiance,79,3,chapter_63,Shallan
Dalinar,Iyatil,Words of Radiance,79,3,chapter_63,Shallan
Dalinar,Mraize,Words of Radiance,79,3,chapter_63,Shallan
Dalinar,Pattern,Words of Radiance,79,3,chapter_63,Shallan
Dalinar,Shallan,Words of Radiance,79,3,chapter_63,Shallan
Dalinar,Talenel,Words of Radiance,79,3,chapter_63,Shallan
Ishar,Iyatil,Words of Radiance,79,3,chapter_63,Shallan
Ishar,Mraize,Words of Radiance,79,3,chapter_63,Shallan
Ishar,Pattern,Words of Radiance,79,3,chapter_63,Shallan
Ishar,Shallan,Words of Radiance,79,3,chapter_63,Shallan
Ishar,Talenel,Words of Radiance,79,3,chapter_63,Shallan
Iyatil,Mraize,Words of Radiance,79,3,chapter_63,Shallan
Iyatil,Pattern,Words of Radiance,79,3,chapter_63,Shallan
Iyatil,Shallan,Words of Radiance,79,3,chapter_63,Shallan
Iyatil,Talenel,Words of Radiance,79,3,chapter_63,Shallan
Mraize,Pattern,Words of Radiance,79,3,chapter_63,Shallan
Mraize,Shallan,Words of Radiance,79,3,chapter_63,Shallan
Mraize,Talenel,Words of Radiance,79,3,chapter_63,Shallan
Pattern,Shallan,Words of Radiance,79,3,chapter_63,Shallan
Pattern,Talenel,Words of Radiance,79,3,chapter_63,Shallan
Shallan,Talenel,Words of Radiance,79,3,chapter_63,Shallan
Kaladin,Shallan,Words of Radiance,80,1,chapter_64,Shallan
Kaladin,Syl,Words of Radiance,80,1,chapter_64,Shallan
Shallan,Syl,Words of Radiance,80,1,chapter_64,Shallan
Amaram,Balat,Words of Radiance,80,2,chapter_64,Shallan
Amaram,Gavilar,Words of Radiance,80,2,chapter_64,Shallan
Amaram,Helaran,Words of Radiance,80,2,chapter_64,Shallan
Amaram,Iyatil,Words of Radiance,80,2,chapter_64,Shallan
Amaram,Mraize,Words of Radiance,80,2,chapter_64,Shallan
Amaram,Pattern,Words of Radiance,80,2,chapter_64,Shallan
Amaram,Shallan,Words of Radiance,80,2,chapter_64,Shallan
Balat,Gavilar,Words of Radiance,80,2,chapter_64,Shallan
Balat,Helaran,Words of Radiance,80,2,chapter_64,Shallan
Balat,Iyatil,Words of Radiance,80,2,chapter_64,Shallan
Balat,Mraize,Words of Radiance,80,2,chapter_64,Shallan
Balat,Pattern,Words of Radiance,80,2,chapter_64,Shallan
Balat,Shallan,Words of Radiance,80,2,chapter_64,Shallan
Gavilar,Helaran,Words of Radiance,80,2,chapter_64,Shallan
Gavilar,Iyatil,Words of Radiance,80,2,chapter_64,Shallan
Gavilar,Mraize,Words of Radiance,80,2,chapter_64,Shallan
Gavilar,Pattern,Words of Radiance,80,2,chapter_64,Shallan
Gavilar,Shallan,Words of Radiance,80,2,chapter_64,Shallan
Helaran,Iyatil,Words of Radiance,80,2,chapter_64,Shallan
Helaran,Mraize,Words of Radiance,80,2,chapter_64,Shallan
Helaran,Pattern,Words of Radiance,80,2,chapter_64,Shallan
Helaran,Shallan,Words of Radiance,80,2,chapter_64,Shallan
Iyatil,Mraize,Words of Radiance,80,2,chapter_64,Shallan
Iyatil,Pattern,Words of Radiance,80,2,chapter_64,Shallan
Iyatil,Shallan,Words of Radiance,80,2,chapter_64,Shallan
Mraize,Pattern,Words of Radiance,80,2,chapter_64,Shallan
Mraize,Shallan,Words of Radiance,80,2,chapter_64,Shallan
Pattern,Shallan,Words of Radiance,80,2,chapter_64,Shallan
Balat,Helaran,Words of Radiance,81,1,chapter_65,Shallan
Balat,Jasnah,Words of Radiance,81,1,chapter_65,Shallan
Balat,Jushu,Words of Radiance,81,1,chapter_65,Shallan
Balat,Shallan,Words of Radiance,81,1,chapter_65,Shallan
Balat,Wikim,Words of Radiance,81,1,chapter_65,Shallan
Helaran,Jasnah,Words of Radiance,81,1,chapter_65,Shallan
Helaran,Jushu,Words of Radiance,81,1,chapter_65,Shallan
Helaran,Shallan,Words of Radiance,81,1,chapter_65,Shallan
Helaran,Wikim,Words of Radiance,81,1,chapter_65,Shallan
Jasnah,Jushu,Words of Radiance,81,1,chapter_65,Shallan
Jasnah,Shallan,Words of Radiance,81,1,chapter_65,Shallan
Jasnah,Wikim,Words of Radiance,81,1,chapter_65,Shallan
Jushu,Shallan,Words of Radiance,81,1,chapter_65,Shallan
Jushu,Wikim,Words of Radiance,81,1,chapter_65,Shallan
Shallan,Wikim,Words of Radiance,81,1,chapter_65,Shallan
Adolin,Amaram,Words of Radiance,82,1,chapter_66,Kaladin
Adolin,Dalinar,Words of Radiance,82,1,chapter_66,Kaladin
Adolin,Elhokar,Words of Radiance,82,1,chapter_66,Kaladin
Adolin,Kaladin,Words of Radiance,82,1,chapter_66,Kaladin
Adolin,Khal,Words of Radiance,82,1,chapter_66,Kaladin
Adolin,Lopen,Words of Radiance,82,1,chapter_66,Kaladin
Adolin,Moash,Words of Radiance,82,1,chapter_66,Kaladin
Adolin,Renarin,Words of Radiance,82,1,chapter_66,Kaladin
Adolin,Rock,Words of Radiance,82,1,chapter_66,Kaladin
Adolin,Sadeas,Words of Radiance,82,1,chapter_66,Kaladin
Adolin,Teft,Words of Radiance,82,1,chapter_66,Kaladin
Adolin,Zahel,Words of Radiance,82,1,chapter_66,Kaladin
Amaram,Dalinar,Words of Radiance,82,1,chapter_66,Kaladin
Amaram,Elhokar,Words of Radiance,82,1,chapter_66,Kaladin
Amaram,Kaladin,Words of Radiance,82,1,chapter_66,Kaladin
Amaram,Khal,Words of Radiance,82,1,chapter_66,Kaladin
Amaram,Lopen,Words of Radiance,82,1,chapter_66,Kaladin
Amaram,Moash,Words of Radiance,82,1,chapter_66,Kaladin
Amaram,Renarin,Words of Radiance,82,1,chapter_66,Kaladin
Amaram,Rock,Words of Radiance,82,1,chapter_66,Kaladin
Amaram,Sadeas,Words of Radiance,82,1,chapter_66,Kaladin
Amaram,Teft,Words of Radiance,82,1,chapter_66,Kaladin
Amaram,Zahel,Words of Radiance,82,1,chapter_66,Kaladin
Dalinar,Elhokar,Words of Radiance,82,1,chapter_66,Kaladin
Dalinar,Kaladin,Words of Radiance,82,1,chapter_66,Kaladin
Dalinar,Khal,Words of Radiance,82,1,chapter_66,Kaladin
Dalinar,Lopen,Words of Radiance,82,1,chapter_66,Kaladin
Dalinar,Moash,Words of Radiance,82,1,chapter_66,Kaladin
Dalinar,Renarin,Words of Radiance,82,1,chapter_66,Kaladin
Dalinar,Rock,Words of Radiance,82,1,chapter_66,Kaladin
Dalinar,Sadeas,Words of Radiance,82,1,chapter_66,Kaladin
Dalinar,Teft,Words of Radiance,82,1,chapter_66,Kaladin
Dalinar,Zahel,Words of Radiance,82,1,chapter_66,Kaladin
Elhokar,Kaladin,Words of Radiance,82,1,chapter_66,Kaladin
Elhokar,Khal,Words of Radiance,82,1,chapter_66,Kaladin
Elhokar,Lopen,Words of Radiance,82,1,chapter_66,Kaladin
Elhokar,Moash,Words of Radiance,82,1,chapter_66,Kaladin
Elhokar,Renarin,Words of Radiance,82,1,chapter_66,Kaladin
Elhokar,Rock,Words of Radiance,82,1,chapter_66,Kaladin
Elhokar,Sadeas,Words of Radiance,82,1,chapter_66,Kaladin
Elhokar,Teft,Words of Radiance,82,1,chapter_66,Kaladin
Elhokar,Zahel,Words of Radiance,82,1,chapter_66,Kaladin
Kaladin,Khal,Words of Radiance,82,1,chapter_66,Kaladin
Kaladin,Lopen,Words of Radiance,82,1,chapter_66,Kaladin
Kaladin,Moash,Words of Radiance,82,1,chapter_66,Kaladin
Kaladin,Renarin,Words of Radiance,82,1,chapter_66,Kaladin
Kaladin,Rock,Words of Radiance,82,1,chapter_66,Kaladin
Kaladin,Sadeas,Words of Radiance,82,1,chapter_66,Kaladin
Kaladin,Teft,Words of Radiance,82,1,chapter_66,Kaladin
Kaladin,Zahel,Words of Radiance,82,1,chapter_66,Kaladin
Khal,Lopen,Words of Radiance,82,1,chapter_66,Kaladin
Khal,Moash,Words of Radiance,82,1,chapter_66,Kaladin
Khal,Renarin,Words of Radiance,82,1,chapter_66,Kaladin
Khal,Rock,Words of Radiance,82,1,chapter_66,Kaladin
Khal,Sadeas,Words of Radiance,82,1,chapter_66,Kaladin
Khal,Teft,Words of Radiance,82,1,chapter_66,Kaladin
Khal,Zahel,Words of Radiance,82,1,chapter_66,Kaladin
Lopen,Moash,Words of Radiance,82,1,chapter_66,Kaladin
Lopen,Renarin,Words of Radiance,82,1,chapter_66,Kaladin
Lopen,Rock,Words of Radiance,82,1,chapter_66,Kaladin
Lopen,Sadeas,Words of Radiance,82,1,chapter_66,Kaladin
Lopen,Teft,Words of Radiance,82,1,chapter_66,Kaladin
Lopen,Zahel,Words of Radiance,82,1,chapter_66,Kaladin
Moash,Renarin,Words of Radiance,82,1,chapter_66,Kaladin
Moash,Rock,Words of Radiance,82,1,chapter_66,Kaladin
Moash,Sadeas,Words of Radiance,82,1,chapter_66,Kaladin
Moash,Teft,Words of Radiance,82,1,chapter_66,Kaladin
Moash,Zahel,Words of Radiance,82,1,chapter_66,Kaladin
Renarin,Rock,Words of Radiance,82,1,chapter_66,Kaladin
Renarin,Sadeas,Words of Radiance,82,1,chapter_66,Kaladin
Renarin,Teft,Words of Radiance,82,1,chapter_66,Kaladin
Renarin,Zahel,Words of Radiance,82,1,chapter_66,Kaladin
Rock,Sadeas,Words of Radiance,82,1,chapter_66,Kaladin
Rock,Teft,Words of Radiance,82,1,chapter_66,Kaladin
Rock,Zahel,Words of Radiance,82,1,chapter_66,Kaladin
Sadeas,Teft,Words of Radiance,82,1,chapter_66,Kaladin
Sadeas,Zahel,Words of Radiance,82,1,chapter_66,Kaladin
Teft,Zahel,Words of Radiance,82,1,chapter_66,Kaladin
Adolin,Aladar,Words of Radiance,83,1,chapter_67,Dalinar
Adolin,Amaram,Words of Radiance,83,1,chapter_67,Dalinar
Adolin,Bethab,Words of Radiance,83,1,chapter_67,Dalinar
Adolin,Dalinar,Words of Radiance,83,1,chapter_67,Dalinar
Adolin,Elhokar,Words of Radiance,83,1,chapter_67,Dalinar
Adolin,Gavilar,Words of Radiance,83,1,chapter_67,Dalinar
Adolin,Hatham,Words of Radiance,83,1,chapter_67,Dalinar
Adolin,Jasnah,Words of Radiance,83,1,chapter_67,Dalinar
Adolin,Kaladin,Words of Radiance,83,1,chapter_67,Dalinar
Adolin,Khal,Words of Radiance,83,1,chapter_67,Dalinar
Adolin,Navani,Words of Radiance,83,1,chapter_67,Dalinar
Adolin,Ruthar,Words of Radiance,83,1,chapter_67,Dalinar
Adolin,Sadeas,Words of Radiance,83,1,chapter_67,Dalinar
Adolin,Shallan,Words of Radiance,83,1,chapter_67,Dalinar
Adolin,Thanadal,Words of Radiance,83,1,chapter_67,Dalinar
Adolin,Vamah,Words of Radiance,83,1,chapter_67,Dalinar
Adolin,Wit,Words of Radiance,83,1,chapter_67,Dalinar
Aladar,Amaram,Words of Radiance,83,1,chapter_67,Dalinar
Aladar,Bethab,Words of Radiance,83,1,chapter_67,Dalinar
Aladar,Dalinar,Words of Radiance,83,1,chapter_67,Dalinar
Aladar,Elhokar,Words of Radiance,83,1,chapter_67,Dalinar
Aladar,Gavilar,Words of Radiance,83,1,chapter_67,Dalinar
Aladar,Hatham,Words of Radiance,83,1,chapter_67,Dalinar
Aladar,Jasnah,Words of Radiance,83,1,chapter_67,Dalinar
Aladar,Kaladin,Words of Radiance,83,1,chapter_67,Dalinar
Aladar,Khal,Words of Radiance,83,1,chapter_67,Dalinar
Aladar,Navani,Words of Radiance,83,1,chapter_67,Dalinar
Aladar,Ruthar,Words of Radiance,83,1,chapter_67,Dalinar
Aladar,Sadeas,Words of Radiance,83,1,chapter_67,Dalinar
Aladar,Shallan,Words of Radiance,83,1,chapter_67,Dalinar
Aladar,Thanadal,Words of Radiance,83,1,chapter_67,Dalinar
Aladar,Vamah,Words of Radiance,83,1,chapter_67,Dalinar
Aladar,Wit,Words of Radiance,83,1,chapter_67,Dalinar
Amaram,Bethab,Words of Radiance,83,1,chapter_67,Dalinar
Amaram,Dalinar,Words of Radiance,83,1,chapter_67,Dalinar
Amaram,Elhokar,Words of Radiance,83,1,chapter_67,Dalinar
Amaram,Gavilar,Words of Radiance,83,1,chapter_67,Dalinar
Amaram,Hatham,Words of Radiance,83,1,chapter_67,Dalinar
Amaram,Jasnah,Words of Radiance,83,1,chapter_67,Dalinar
Amaram,Kaladin,Words of Radiance,83,1,chapter_67,Dalinar
Amaram,Khal,Words of Radiance,83,1,chapter_67,Dalinar
Amaram,Navani,Words of Radiance,83,1,chapter_67,Dalinar
Amaram,Ruthar,Words of Radiance,83,1,chapter_67,Dalinar
Amaram,Sadeas,Words of Radiance,83,1,chapter_67,Dalinar
Amaram,Shallan,Words of Radiance,83,1,chapter_67,Dalinar
Amaram,Thanadal,Words of Radiance,83,1,chapter_67,Dalinar
Amaram,Vamah,Words of Radiance,83,1,chapter_67,Dalinar
Amaram,Wit,Words of Radiance,83,1,chapter_67,Dalinar
Bethab,Dalinar,Words of Radiance,83,1,chapter_67,Dalinar
Bethab,Elhokar,Words of Radiance,83,1,chapter_67,Dalinar
Bethab,Gavilar,Words of Radiance,83,1,chapter_67,Dalinar
Bethab,Hatham,Words of Radiance,83,1,chapter_67,Dalinar
Bethab,Jasnah,Words of Radiance,83,1,chapter_67,Dalinar
Bethab,Kaladin,Words of Radiance,83,1,chapter_67,Dalinar
Bethab,Khal,Words of Radiance,83,1,chapter_67,Dalinar
Bethab,Navani,Words of Radiance,83,1,chapter_67,Dalinar
Bethab,Ruthar,Words of Radiance,83,1,chapter_67,Dalinar
Bethab,Sadeas,Words of Radiance,83,1,chapter_67,Dalinar
Bethab,Shallan,Words of Radiance,83,1,chapter_67,Dalinar
Bethab,Thanadal,Words of Radiance,83,1,chapter_67,Dalinar
Bethab,Vamah,Words of Radiance,83,1,chapter_67,Dalinar
Bethab,Wit,Words of Radiance,83,1,chapter_67,Dalinar
Dalinar,Elhokar,Words of Radiance,83,1,chapter_67,Dalinar
Dalinar,Gavilar,Words of Radiance,83,1,chapter_67,Dalinar
Dalinar,Hatham,Words of Radiance,83,1,chapter_67,Dalinar
Dalinar,Jasnah,Words of Radiance,83,1,chapter_67,Dalinar
Dalinar,Kaladin,Words of Radiance,83,1,chapter_67,Dalinar
Dalinar,Khal,Words of Radiance,83,1,chapter_67,Dalinar
Dalinar,Navani,Words of Radiance,83,1,chapter_67,Dalinar
Dalinar,Ruthar,Words of Radiance,83,1,chapter_67,Dalinar
Dalinar,Sadeas,Words of Radiance,83,1,chapter_67,Dalinar
Dalinar,Shallan,Words of Radiance,83,1,chapter_67,Dalinar
Dalinar,Thanadal,Words of Radiance,83,1,chapter_67,Dalinar
Dalinar,Vamah,Words of Radiance,83,1,chapter_67,Dalinar
Dalinar,Wit,Words of Radiance,83,1,chapter_67,Dalinar
Elhokar,Gavilar,Words of Radiance,83,1,chapter_67,Dalinar
Elhokar,Hatham,Words of Radiance,83,1,chapter_67,Dalinar
Elhokar,Jasnah,Words of Radiance,83,1,chapter_67,Dalinar
Elhokar,Kaladin,Words of Radiance,83,1,chapter_67,Dalinar
Elhokar,Khal,Words of Radiance,83,1,chapter_67,Dalinar
Elhokar,Navani,Words of Radiance,83,1,chapter_67,Dalinar
Elhokar,Ruthar,Words of Radiance,83,1,chapter_67,Dalinar
Elhokar,Sadeas,Words of Radiance,83,1,chapter_67,Dalinar
Elhokar,Shallan,Words of Radiance,83,1,chapter_67,Dalinar
Elhokar,Thanadal,Words of Radiance,83,1,chapter_67,Dalinar
Elhokar,Vamah,Words of Radiance,83,1,chapter_67,Dalinar
Elhokar,Wit,Words of Radiance,83,1,chapter_67,Dalinar
Gavilar,Hatham,Words of Radiance,83,1,chapter_67,Dalinar
Gavilar,Jasnah,Words of Radiance,83,1,chapter_67,Dalinar
Gavilar,Kaladin,Words of Radiance,83,1,chapter_67,Dalinar
Gavilar,Khal,Words of Radiance,83,1,chapter_67,Dalinar
Gavilar,Navani,Words of Radiance,83,1,chapter_67,Dalinar
Gavilar,Ruthar,Words of Radiance,83,1,chapter_67,Dalinar
Gavilar,Sadeas,Words of Radiance,83,1,chapter_67,Dalinar
Gavilar,Shallan,Words of Radiance,83,1,chapter_67,Dalinar
Gavilar,Thanadal,Words of Radiance,83,1,chapter_67,Dalinar
Gavilar,Vamah,Words of Radiance,83,1,chapter_67,Dalinar
Gavilar,Wit,Words of Radiance,83,1,chapter_67,Dalinar
Hatham,Jasnah,Words of Radiance,83,1,chapter_67,Dalinar
Hatham,Kaladin,Words of Radiance,83,1,chapter_67,Dalinar
Hatham,Khal,Words of Radiance,83,1,chapter_67,Dalinar
Hatham,Navani,Words of Radiance,83,1,chapter_67,Dalinar
Hatham,Ruthar,Words of Radiance,83,1,chapter_67,Dalinar
Hatham,Sadeas,Words of Radiance,83,1,chapter_67,Dalinar
Hatham,Shallan,Words of Radiance,83,1,chapter_67,Dalinar
Hatham,Thanadal,Words of Radiance,83,1,chapter_67,Dalinar
Hatham,Vamah,Words of Radiance,83,1,chapter_67,Dalinar
Hatham,Wit,Words of Radiance,83,1,chapter_67,Dalinar
Jasnah,Kaladin,Words of Radiance,83,1,chapter_67,Dalinar
Jasnah,Khal,Words of Radiance,83,1,chapter_67,Dalinar
Jasnah,Navani,Words of Radiance,83,1,chapter_67,Dalinar
Jasnah,Ruthar,Words of Radiance,83,1,chapter_67,Dalinar
Jasnah,Sadeas,Words of Radiance,83,1,chapter_67,Dalinar
Jasnah,Shallan,Words of Radiance,83,1,chapter_67,Dalinar
Jasnah,Thanadal,Words of Radiance,83,1,chapter_67,Dalinar
Jasnah,Vamah,Words of Radiance,83,1,chapter_67,Dalinar
Jasnah,Wit,Words of Radiance,83,1,chapter_67,Dalinar
Kaladin,Khal,Words of Radiance,83,1,chapter_67,Dalinar
Kaladin,Navani,Words of Radiance,83,1,chapter_67,Dalinar
Kaladin,Ruthar,Words of Radiance,83,1,chapter_67,Dalinar
Kaladin,Sadeas,Words of Radiance,83,1,chapter_67,Dalinar
Kaladin,Shallan,Words of Radiance,83,1,chapter_67,Dalinar
Kaladin,Thanadal,Words of Radiance,83,1,chapter_67,Dalinar
Kaladin,Vamah,Words of Radiance,83,1,chapter_67,Dalinar
Kaladin,Wit,Words of Radiance,83,1,chapter_67,Dalinar
Khal,Navani,Words of Radiance,83,1,chapter_67,Dalinar
Khal,Ruthar,Words of Radiance,83,1,chapter_67,Dalinar
Khal,Sadeas,Words of Radiance,83,1,chapter_67,Dalinar
Khal,Shallan,Words of Radiance,83,1,chapter_67,Dalinar
Khal,Thanadal,Words of Radiance,83,1,chapter_67,Dalinar
Khal,Vamah,Words of Radiance,83,1,chapter_67,Dalinar
Khal,Wit,Words of Radiance,83,1,chapter_67,Dalinar
Navani,Ruthar,Words of Radiance,83,1,chapter_67,Dalinar
Navani,Sadeas,Words of Radiance,83,1,chapter_67,Dalinar
Navani,Shallan,Words of Radiance,83,1,chapter_67,Dalinar
Navani,Thanadal,Words of Radiance,83,1,chapter_67,Dalinar
Navani,Vamah,Words of Radiance,83,1,chapter_67,Dalinar
Navani,Wit,Words of Radiance,83,1,chapter_67,Dalinar
Ruthar,Sadeas,Words of Radiance,83,1,chapter_67,Dalinar
Ruthar,Shallan,Words of Radiance,83,1,chapter_67,Dalinar
Ruthar,Thanadal,Words of Radiance,83,1,chapter_67,Dalinar
Ruthar,Vamah,Words of Radiance,83,1,chapter_67,Dalinar
Ruthar,Wit,Words of Radiance,83,1,chapter_67,Dalinar
Sadeas,Shallan,Words of Radiance,83,1,chapter_67,Dalinar
Sadeas,Thanadal,Words of Radiance,83,1,chapter_67,Dalinar
Sadeas,Vamah,Words of Radiance,83,1,chapter_67,Dalinar
Sadeas,Wit,Words of Radiance,83,1,chapter_67,Dalinar
Shallan,Thanadal,Words of Radiance,83,1,chapter_67,Dalinar
Shallan,Vamah,Words of Radiance,83,1,chapter_67,Dalinar
Shallan,Wit,Words of Radiance,83,1,chapter_67,Dalinar
Thanadal,Vamah,Words of Radiance,83,1,chapter_67,Dalinar
Thanadal,Wit,Words of Radiance,83,1,chapter_67,Dalinar
Vamah,Wit,Words of Radiance,83,1,chapter_67,Dalinar
Adolin,Dalinar,Words of Radiance,83,2,chapter_67,Dalinar
Adolin,Elhokar,Words of Radiance,83,2,chapter_67,Dalinar
Adolin,Gavilar,Words of Radiance,83,2,chapter_67,Dalinar
Adolin,Navani,Words of Radiance,83,2,chapter_67,Dalinar
Adolin,Sadeas,Words of Radiance,83,2,chapter_67,Dalinar
Adolin,Sebarial,Words of Radiance,83,2,chapter_67,Dalinar
Adolin,Shallan,Words of Radiance,83,2,chapter_67,Dalinar
Adolin,Wit,Words of Radiance,83,2,chapter_67,Dalinar
Dalinar,Elhokar,Words of Radiance,83,2,chapter_67,Dalinar
Dalinar,Gavilar,Words of Radiance,83,2,chapter_67,Dalinar
Dalinar,Navani,Words of Radiance,83,2,chapter_67,Dalinar
Dalinar,Sadeas,Words of Radiance,83,2,chapter_67,Dalinar
Dalinar,Sebarial,Words of Radiance,83,2,chapter_67,Dalinar
Dalinar,Shallan,Words of Radiance,83,2,chapter_67,Dalinar
Dalinar,Wit,Words of Radiance,83,2,chapter_67,Dalinar
Elhokar,Gavilar,Words of Radiance,83,2,chapter_67,Dalinar
Elhokar,Navani,Words of Radiance,83,2,chapter_67,Dalinar
Elhokar,Sadeas,Words of Radiance,83,2,chapter_67,Dalinar
Elhokar,Sebarial,Words of Radiance,83,2,chapter_67,Dalinar
Elhokar,Shallan,Words of Radiance,83,2,chapter_67,Dalinar
Elhokar,Wit,Words of Radiance,83,2,chapter_67,Dalinar
Gavilar,Navani,Words of Radiance,83,2,chapter_67,Dalinar
Gavilar,Sadeas,Words of Radiance,83,2,chapter_67,Dalinar
Gavilar,Sebarial,Words of Radiance,83,2,chapter_67,Dalinar
Gavilar,Shallan,Words of Radiance,83,2,chapter_67,Dalinar
Gavilar,Wit,Words of Radiance,83,2,chapter_67,Dalinar
Navani,Sadeas,Words of Radiance,83,2,chapter_67,Dalinar
Navani,Sebarial,Words of Radiance,83,2,chapter_67,Dalinar
Navani,Shallan,Words of Radiance,83,2,chapter_67,Dalinar
Navani,Wit,Words of Radiance,83,2,chapter_67,Dalinar
Sadeas,Sebarial,Words of Radiance,83,2,chapter_67,Dalinar
Sadeas,Shallan,Words of Radiance,83,2,chapter_67,Dalinar
Sadeas,Wit,Words of Radiance,83,2,chapter_67,Dalinar
Sebarial,Shallan,Words of Radiance,83,2,chapter_67,Dalinar
Sebarial,Wit,Words of Radiance,83,2,chapter_67,Dalinar
Shallan,Wit,Words of Radiance,83,2,chapter_67,Dalinar
Adolin,Bethab,Words of Radiance,84,1,chapter_68,Kaladin
Adolin,Dalinar,Words of Radiance,84,1,chapter_68,Kaladin
Adolin,Elhokar,Words of Radiance,84,1,chapter_68,Kaladin
Adolin,Gaz,Words of Radiance,84,1,chapter_68,Kaladin
Adolin,Kaladin,Words of Radiance,84,1,chapter_68,Kaladin
Adolin,Leyten,Words of Radiance,84,1,chapter_68,Kaladin
Adolin,Lopen,Words of Radiance,84,1,chapter_68,Kaladin
Adolin,Moash,Words of Radiance,84,1,chapter_68,Kaladin
Adolin,Renarin,Words of Radiance,84,1,chapter_68,Kaladin
Adolin,Rock,Words of Radiance,84,1,chapter_68,Kaladin
Adolin,Roshone,Words of Radiance,84,1,chapter_68,Kaladin
Adolin,Sadeas,Words of Radiance,84,1,chapter_68,Kaladin
Adolin,Shallan,Words of Radiance,84,1,chapter_68,Kaladin
Adolin,Syl,Words of Radiance,84,1,chapter_68,Kaladin
Adolin,Tarah,Words of Radiance,84,1,chapter_68,Kaladin
Adolin,Teft,Words of Radiance,84,1,chapter_68,Kaladin
Adolin,Thanadal,Words of Radiance,84,1,chapter_68,Kaladin
Adolin,Zahel,Words of Radiance,84,1,chapter_68,Kaladin
Bethab,Dalinar,Words of Radiance,84,1,chapter_68,Kaladin
Bethab,Elhokar,Words of Radiance,84,1,chapter_68,Kaladin
Bethab,Gaz,Words of Radiance,84,1,chapter_68,Kaladin
Bethab,Kaladin,Words of Radiance,84,1,chapter_68,Kaladin
Bethab,Leyten,Words of Radiance,84,1,chapter_68,Kaladin
Bethab,Lopen,Words of Radiance,84,1,chapter_68,Kaladin
Bethab,Moash,Words of Radiance,84,1,chapter_68,Kaladin
Bethab,Renarin,Words of Radiance,84,1,chapter_68,Kaladin
Bethab,Rock,Words of Radiance,84,1,chapter_68,Kaladin
Bethab,Roshone,Words of Radiance,84,1,chapter_68,Kaladin
Bethab,Sadeas,Words of Radiance,84,1,chapter_68,Kaladin
Bethab,Shallan,Words of Radiance,84,1,chapter_68,Kaladin
Bethab,Syl,Words of Radiance,84,1,chapter_68,Kaladin
Bethab,Tarah,Words of Radiance,84,1,chapter_68,Kaladin
Bethab,Teft,Words of Radiance,84,1,chapter_68,Kaladin
Bethab,Thanadal,Words of Radiance,84,1,chapter_68,Kaladin
Bethab,Zahel,Words of Radiance,84,1,chapter_68,Kaladin
Dalinar,Elhokar,Words of Radiance,84,1,chapter_68,Kaladin
Dalinar,Gaz,Words of Radiance,84,1,chapter_68,Kaladin
Dalinar,Kaladin,Words of Radiance,84,1,chapter_68,Kaladin
Dalinar,Leyten,Words of Radiance,84,1,chapter_68,Kaladin
Dalinar,Lopen,Words of Radiance,84,1,chapter_68,Kaladin
Dalinar,Moash,Words of Radiance,84,1,chapter_68,Kaladin
Dalinar,Renarin,Words of Radiance,84,1,chapter_68,Kaladin
Dalinar,Rock,Words of Radiance,84,1,chapter_68,Kaladin
Dalinar,Roshone,Words of Radiance,84,1,chapter_68,Kaladin
Dalinar,Sadeas,Words of Radiance,84,1,chapter_68,Kaladin
Dalinar,Shallan,Words of Radiance,84,1,chapter_68,Kaladin
Dalinar,Syl,Words of Radiance,84,1,chapter_68,Kaladin
Dalinar,Tarah,Words of Radiance,84,1,chapter_68,Kaladin
Dalinar,Teft,Words of Radiance,84,1,chapter_68,Kaladin
Dalinar,Thanadal,Words of Radiance,84,1,chapter_68,Kaladin
Dalinar,Zahel,Words of Radiance,84,1,chapter_68,Kaladin
Elhokar,Gaz,Words of Radiance,84,1,chapter_68,Kaladin
Elhokar,Kaladin,Words of Radiance,84,1,chapter_68,Kaladin
Elhokar,Leyten,Words of Radiance,84,1,chapter_68,Kaladin
Elhokar,Lopen,Words of Radiance,84,1,chapter_68,Kaladin
Elhokar,Moash,Words of Radiance,84,1,chapter_68,Kaladin
Elhokar,Renarin,Words of Radiance,84,1,chapter_68,Kaladin
Elhokar,Rock,Words of Radiance,84,1,chapter_68,Kaladin
Elhokar,Roshone,Words of Radiance,84,1,chapter_68,Kaladin
Elhokar,Sadeas,Words of Radiance,84,1,chapter_68,Kaladin
Elhokar,Shallan,Words of Radiance,84,1,chapter_68,Kaladin
Elhokar,Syl,Words of Radiance,84,1,chapter_68,Kaladin
Elhokar,Tarah,Words of Radiance,84,1,chapter_68,Kaladin
Elhokar,Teft,Words of Radiance,84,1,chapter_68,Kaladin
Elhokar,Thanadal,Words of Radiance,84,1,chapter_68,Kaladin
Elhokar,Zahel,Words of Radiance,84,1,chapter_68,Kaladin
Gaz,Kaladin,Words of Radiance,84,1,chapter_68,Kaladin
Gaz,Leyten,Words of Radiance,84,1,chapter_68,Kaladin
Gaz,Lopen,Words of Radiance,84,1,chapter_68,Kaladin
Gaz,Moash,Words of Radiance,84,1,chapter_68,Kaladin
Gaz,Renarin,Words of Radiance,84,1,chapter_68,Kaladin
Gaz,Rock,Words of Radiance,84,1,chapter_68,Kaladin
Gaz,Roshone,Words of Radiance,84,1,chapter_68,Kaladin
Gaz,Sadeas,Words of Radiance,84,1,chapter_68,Kaladin
Gaz,Shallan,Words of Radiance,84,1,chapter_68,Kaladin
Gaz,Syl,Words of Radiance,84,1,chapter_68,Kaladin
Gaz,Tarah,Words of Radiance,84,1,chapter_68,Kaladin
Gaz,Teft,Words of Radiance,84,1,chapter_68,Kaladin
Gaz,Thanadal,Words of Radiance,84,1,chapter_68,Kaladin
Gaz,Zahel,Words of Radiance,84,1,chapter_68,Kaladin
Kaladin,Leyten,Words of Radiance,84,1,chapter_68,Kaladin
Kaladin,Lopen,Words of Radiance,84,1,chapter_68,Kaladin
Kaladin,Moash,Words of Radiance,84,1,chapter_68,Kaladin
Kaladin,Renarin,Words of Radiance,84,1,chapter_68,Kaladin
Kaladin,Rock,Words of Radiance,84,1,chapter_68,Kaladin
Kaladin,Roshone,Words of Radiance,84,1,chapter_68,Kaladin
Kaladin,Sadeas,Words of Radiance,84,1,chapter_68,Kaladin
Kaladin,Shallan,Words of Radiance,84,1,chapter_68,Kaladin
Kaladin,Syl,Words of Radiance,84,1,chapter_68,Kaladin
Kaladin,Tarah,Words of Radiance,84,1,chapter_68,Kaladin
Kaladin,Teft,Words of Radiance,84,1,chapter_68,Kaladin
Kaladin,Thanadal,Words of Radiance,84,1,chapter_68,Kaladin
Kaladin,Zahel,Words of Radiance,84,1,chapter_68,Kaladin
Leyten,Lopen,Words of Radiance,84,1,chapter_68,Kaladin
Leyten,Moash,Words of Radiance,84,1,chapter_68,Kaladin
Leyten,Renarin,Words of Radiance,84,1,chapter_68,Kaladin
Leyten,Rock,Words of Radiance,84,1,chapter_68,Kaladin
Leyten,Roshone,Words of Radiance,84,1,chapter_68,Kaladin
Leyten,Sadeas,Words of Radiance,84,1,chapter_68,Kaladin
Leyten,Shallan,Words of Radiance,84,1,chapter_68,Kaladin
Leyten,Syl,Words of Radiance,84,1,chapter_68,Kaladin
Leyten,Tarah,Words of Radiance,84,1,chapter_68,Kaladin
Leyten,Teft,Words of Radiance,84,1,chapter_68,Kaladin
Leyten,Thanadal,Words of Radiance,84,1,chapter_68,Kaladin
Leyten,Zahel,Words of Radiance,84,1,chapter_68,Kaladin
Lopen,Moash,Words of Radiance,84,1,chapter_68,Kaladin
Lopen,Renarin,Words of Radiance,84,1,chapter_68,Kaladin
Lopen,Rock,Words of Radiance,84,1,chapter_68,Kaladin
Lopen,Roshone,Words of Radiance,84,1,chapter_68,Kaladin
Lopen,Sadeas,Words of Radiance,84,1,chapter_68,Kaladin
Lopen,Shallan,Words of Radiance,84,1,chapter_68,Kaladin
Lopen,Syl,Words of Radiance,84,1,chapter_68,Kaladin
Lopen,Tarah,Words of Radiance,84,1,chapter_68,Kaladin
Lopen,Teft,Words of Radiance,84,1,chapter_68,Kaladin
Lopen,Thanadal,Words of Radiance,84,1,chapter_68,Kaladin
Lopen,Zahel,Words of Radiance,84,1,chapter_68,Kaladin
Moash,Renarin,Words of Radiance,84,1,chapter_68,Kaladin
Moash,Rock,Words of Radiance,84,1,chapter_68,Kaladin
Moash,Roshone,Words of Radiance,84,1,chapter_68,Kaladin
Moash,Sadeas,Words of Radiance,84,1,chapter_68,Kaladin
Moash,Shallan,Words of Radiance,84,1,chapter_68,Kaladin
Moash,Syl,Words of Radiance,84,1,chapter_68,Kaladin
Moash,Tarah,Words of Radiance,84,1,chapter_68,Kaladin
Moash,Teft,Words of Radiance,84,1,chapter_68,Kaladin
Moash,Thanadal,Words of Radiance,84,1,chapter_68,Kaladin
Moash,Zahel,Words of Radiance,84,1,chapter_68,Kaladin
Renarin,Rock,Words of Radiance,84,1,chapter_68,Kaladin
Renarin,Roshone,Words of Radiance,84,1,chapter_68,Kaladin
Renarin,Sadeas,Words of Radiance,84,1,chapter_68,Kaladin
Renarin,Shallan,Words of Radiance,84,1,chapter_68,Kaladin
Renarin,Syl,Words of Radiance,84,1,chapter_68,Kaladin
Renarin,Tarah,Words of Radiance,84,1,chapter_68,Kaladin
Renarin,Teft,Words of Radiance,84,1,chapter_68,Kaladin
Renarin,Thanadal,Words of Radiance,84,1,chapter_68,Kaladin
Renarin,Zahel,Words of Radiance,84,1,chapter_68,Kaladin
Rock,Roshone,Words of Radiance,84,1,chapter_68,Kaladin
Rock,Sadeas,Words of Radiance,84,1,chapter_68,Kaladin
Rock,Shallan,Words of Radiance,84,1,chapter_68,Kaladin
Rock,Syl,Words of Radiance,84,1,chapter_68,Kaladin
Rock,Tarah,Words of Radiance,84,1,chapter_68,Kaladin
Rock,Teft,Words of Radiance,84,1,chapter_68,Kaladin
Rock,Thanadal,Words of Radiance,84,1,chapter_68,Kaladin
Rock,Zahel,Words of Radiance,84,1,chapter_68,Kaladin
Roshone,Sadeas,Words of Radiance,84,1,chapter_68,Kaladin
Roshone,Shallan,Words of Radiance,84,1,chapter_68,Kaladin
Roshone,Syl,Words of Radiance,84,1,chapter_68,Kaladin
Roshone,Tarah,Words of Radiance,84,1,chapter_68,Kaladin
Roshone,Teft,Words of Radiance,84,1,chapter_68,Kaladin
Roshone,Thanadal,Words of Radiance,84,1,chapter_68,Kaladin
Roshone,Zahel,Words of Radiance,84,1,chapter_68,Kaladin
Sadeas,Shallan,Words of Radiance,84,1,chapter_68,Kaladin
Sadeas,Syl,Words of Radiance,84,1,chapter_68,Kaladin
Sadeas,Tarah,Words of Radiance,84,1,chapter_68,Kaladin
Sadeas,Teft,Words of Radiance,84,1,chapter_68,Kaladin
Sadeas,Thanadal,Words of Radiance,84,1,chapter_68,Kaladin
Sadeas,Zahel,Words of Radiance,84,1,chapter_68,Kaladin
Shallan,Syl,Words of Radiance,84,1,chapter_68,Kaladin
Shallan,Tarah,Words of Radiance,84,1,chapter_68,Kaladin
Shallan,Teft,Words of Radiance,84,1,chapter_68,Kaladin
Shallan,Thanadal,Words of Radiance,84,1,chapter_68,Kaladin
Shallan,Zahel,Words of Radiance,84,1,chapter_68,Kaladin
Syl,Tarah,Words of Radiance,84,1,chapter_68,Kaladin
Syl,Teft,Words of Radiance,84,1,chapter_68,Kaladin
Syl,Thanadal,Words of Radiance,84,1,chapter_68,Kaladin
Syl,Zahel,Words of Radiance,84,1,chapter_68,Kaladin
Tarah,Teft,Words of Radiance,84,1,chapter_68,Kaladin
Tarah,Thanadal,Words of Radiance,84,1,chapter_68,Kaladin
Tarah,Zahel,Words of Radiance,84,1,chapter_68,Kaladin
Teft,Thanadal,Words of Radiance,84,1,chapter_68,Kaladin
Teft,Zahel,Words of Radiance,84,1,chapter_68,Kaladin
Thanadal,Zahel,Words of Radiance,84,1,chapter_68,Kaladin
Kaladin,Shallan,Words of Radiance,85,1,chapter_69,Shallan
Kaladin,Syl,Words of Radiance,85,1,chapter_69,Shallan
Shallan,Syl,Words of Radiance,85,1,chapter_69,Shallan
Adolin,Dalinar,Words of Radiance,85,2,chapter_69,Shallan
Adolin,Kaladin,Words of Radiance,85,2,chapter_69,Shallan
Adolin,Sadeas,Words of Radiance,85,2,chapter_69,Shallan
Adolin,Shallan,Words of Radiance,85,2,chapter_69,Shallan
Adolin,Syl,Words of Radiance,85,2,chapter_69,Shallan
Dalinar,Kaladin,Words of Radiance,85,2,chapter_69,Shallan
Dalinar,Sadeas,Words of Radiance,85,2,chapter_69,Shallan
Dalinar,Shallan,Words of Radiance,85,2,chapter_69,Shallan
Dalinar,Syl,Words of Radiance,85,2,chapter_69,Shallan
Kaladin,Sadeas,Words of Radiance,85,2,chapter_69,Shallan
Kaladin,Shallan,Words of Radiance,85,2,chapter_69,Shallan
Kaladin,Syl,Words of Radiance,85,2,chapter_69,Shallan
Sadeas,Shallan,Words of Radiance,85,2,chapter_69,Shallan
Sadeas,Syl,Words of Radiance,85,2,chapter_69,Shallan
Shallan,Syl,Words of Radiance,85,2,chapter_69,Shallan
Adolin,Kaladin,Words of Radiance,85,3,chapter_69,Shallan
Adolin,Pattern,Words of Radiance,85,3,chapter_69,Shallan
Adolin,Shallan,Words of Radiance,85,3,chapter_69,Shallan
Adolin,Tyn,Words of Radiance,85,3,chapter_69,Shallan
Kaladin,Pattern,Words of Radiance,85,3,chapter_69,Shallan
Kaladin,Shallan,Words of Radiance,85,3,chapter_69,Shallan
Kaladin,Tyn,Words of Radiance,85,3,chapter_69,Shallan
Pattern,Shallan,Words of Radiance,85,3,chapter_69,Shallan
Pattern,Tyn,Words of Radiance,85,3,chapter_69,Shallan
Shallan,Tyn,Words of Radiance,85,3,chapter_69,Shallan
Adolin,Kaladin,Words of Radiance,86,1,chapter_70,Kaladin
Adolin,Shallan,Words of Radiance,86,1,chapter_70,Kaladin
Adolin,Syl,Words of Radiance,86,1,chapter_70,Kaladin
Kaladin,Shallan,Words of Radiance,86,1,chapter_70,Kaladin
Kaladin,Syl,Words of Radiance,86,1,chapter_70,Kaladin
Shallan,Syl,Words of Radiance,86,1,chapter_70,Kaladin
Kaladin,Pattern,Words of Radiance,86,2,chapter_70,Kaladin
Kaladin,Shallan,Words of Radiance,86,2,chapter_70,Kaladin
Pattern,Shallan,Words of Radiance,86,2,chapter_70,Kaladin
Adolin,Jasnah,Words of Radiance,86,3,chapter_70,Kaladin
Adolin,Kaladin,Words of Radiance,86,3,chapter_70,Kaladin
Adolin,Pattern,Words of Radiance,86,3,chapter_70,Kaladin
Adolin,Shallan,Words of Radiance,86,3,chapter_70,Kaladin
Jasnah,Kaladin,Words of Radiance,86,3,chapter_70,Kaladin
Jasnah,Pattern,Words of Radiance,86,3,chapter_70,Kaladin
Jasnah,Shallan,Words of Radiance,86,3,chapter_70,Kaladin
Kaladin,Pattern,Words of Radiance,86,3,chapter_70,Kaladin
Kaladin,Shallan,Words of Radiance,86,3,chapter_70,Kaladin
Pattern,Shallan,Words of Radiance,86,3,chapter_70,Kaladin
Adolin,Dalinar,Words of Radiance,87,1,chapter_71,Kaladin
Adolin,Drehy,Words of Radiance,87,1,chapter_71,Kaladin
Adolin,Kaladin,Words of Radiance,87,1,chapter_71,Kaladin
Adolin,Kalak,Words of Radiance,87,1,chapter_71,Kaladin
Adolin,Moash,Words of Radiance,87,1,chapter_71,Kaladin
Adolin,Renarin,Words of Radiance,87,1,chapter_71,Kaladin
Adolin,Sigzil,Words of Radiance,87,1,chapter_71,Kaladin
Adolin,Skar,Words of Radiance,87,1,chapter_71,Kaladin
Adolin,Teft,Words of Radiance,87,1,chapter_71,Kaladin
Dalinar,Drehy,Words of Radiance,87,1,chapter_71,Kaladin
Dalinar,Kaladin,Words of Radiance,87,1,chapter_71,Kaladin
Dalinar,Kalak,Words of Radiance,87,1,chapter_71,Kaladin
Dalinar,Moash,Words of Radiance,87,1,chapter_71,Kaladin
Dalinar,Renarin,Words of Radiance,87,1,chapter_71,Kaladin
Dalinar,Sigzil,Words of Radiance,87,1,chapter_71,Kaladin
Dalinar,Skar,Words of Radiance,87,1,chapter_71,Kaladin
Dalinar,Teft,Words of Radiance,87,1,chapter_71,Kaladin
Drehy,Kaladin,Words of Radiance,87,1,chapter_71,Kaladin
Drehy,Kalak,Words of Radiance,87,1,chapter_71,Kaladin
Drehy,Moash,Words of Radiance,87,1,chapter_71,Kaladin
Drehy,Renarin,Words of Radiance,87,1,chapter_71,Kaladin
Drehy,Sigzil,Words of Radiance,87,1,chapter_71,Kaladin
Drehy,Skar,Words of Radiance,87,1,chapter_71,Kaladin
Drehy,Teft,Words of Radiance,87,1,chapter_71,Kaladin
Kaladin,Kalak,Words of Radiance,87,1,chapter_71,Kaladin
Kaladin,Moash,Words of Radiance,87,1,chapter_71,Kaladin
Kaladin,Renarin,Words of Radiance,87,1,chapter_71,Kaladin
Kaladin,Sigzil,Words of Radiance,87,1,chapter_71,Kaladin
Kaladin,Skar,Words of Radiance,87,1,chapter_71,Kaladin
Kaladin,Teft,Words of Radiance,87,1,chapter_71,Kaladin
Kalak,Moash,Words of Radiance,87,1,chapter_71,Kaladin
Kalak,Renarin,Words of Radiance,87,1,chapter_71,Kaladin
Kalak,Sigzil,Words of Radiance,87,1,chapter_71,Kaladin
Kalak,Skar,Words of Radiance,87,1,chapter_71,Kaladin
Kalak,Teft,Words of Radiance,87,1,chapter_71,Kaladin
Moash,Renarin,Words of Radiance,87,1,chapter_71,Kaladin
Moash,Sigzil,Words of Radiance,87,1,chapter_71,Kaladin
Moash,Skar,Words of Radiance,87,1,chapter_71,Kaladin
Moash,Teft,Words of Radiance,87,1,chapter_71,Kaladin
Renarin,Sigzil,Words of Radiance,87,1,chapter_71,Kaladin
Renarin,Skar,Words of Radiance,87,1,chapter_71,Kaladin
Renarin,Teft,Words of Radiance,87,1,chapter_71,Kaladin
Sigzil,Skar,Words of Radiance,87,1,chapter_71,Kaladin
Sigzil,Teft,Words of Radiance,87,1,chapter_71,Kaladin
Skar,Teft,Words of Radiance,87,1,chapter_71,Kaladin
Adolin,Dalinar,Words of Radiance,87,2,chapter_71,Kaladin
Adolin,Kaladin,Words of Radiance,87,2,chapter_71,Kaladin
Adolin,Sadeas,Words of Radiance,87,2,chapter_71,Kaladin
Adolin,Shallan,Words of Radiance,87,2,chapter_71,Kaladin
Adolin,Syl,Words of Radiance,87,2,chapter_71,Kaladin
Adolin,Teft,Words of Radiance,87,2,chapter_71,Kaladin
Adolin,Tien,Words of Radiance,87,2,chapter_71,Kaladin
Dalinar,Kaladin,Words of Radiance,87,2,chapter_71,Kaladin
Dalinar,Sadeas,Words of Radiance,87,2,chapter_71,Kaladin
Dalinar,Shallan,Words of Radiance,87,2,chapter_71,Kaladin
Dalinar,Syl,Words of Radiance,87,2,chapter_71,Kaladin
Dalinar,Teft,Words of Radiance,87,2,chapter_71,Kaladin
Dalinar,Tien,Words of Radiance,87,2,chapter_71,Kaladin
Kaladin,Sadeas,Words of Radiance,87,2,chapter_71,Kaladin
Kaladin,Shallan,Words of Radiance,87,2,chapter_71,Kaladin
Kaladin,Syl,Words of Radiance,87,2,chapter_71,Kaladin
Kaladin,Teft,Words of Radiance,87,2,chapter_71,Kaladin
Kaladin,Tien,Words of Radiance,87,2,chapter_71,Kaladin
Sadeas,Shallan,Words of Radiance,87,2,chapter_71,Kaladin
Sadeas,Syl,Words of Radiance,87,2,chapter_71,Kaladin
Sadeas,Teft,Words of Radiance,87,2,chapter_71,Kaladin
Sadeas,Tien,Words of Radiance,87,2,chapter_71,Kaladin
Shallan,Syl,Words of Radiance,87,2,chapter_71,Kaladin
Shallan,Teft,Words of Radiance,87,2,chapter_71,Kaladin
Shallan,Tien,Words of Radiance,87,2,chapter_71,Kaladin
Syl,Teft,Words of Radiance,87,2,chapter_71,Kaladin
Syl,Tien,Words of Radiance,87,2,chapter_71,Kaladin
Teft,Tien,Words of Radiance,87,2,chapter_71,Kaladin
Adolin,Dalinar,Words of Radiance,88,1,chapter_72,Shallan
Adolin,Kaladin,Words of Radiance,88,1,chapter_72,Shallan
Adolin,Navani,Words of Radiance,88,1,chapter_72,Shallan
Adolin,Shallan,Words of Radiance,88,1,chapter_72,Shallan
Adolin,Syl,Words of Radiance,88,1,chapter_72,Shallan
Dalinar,Kaladin,Words of Radiance,88,1,chapter_72,Shallan
Dalinar,Navani,Words of Radiance,88,1,chapter_72,Shallan
Dalinar,Shallan,Words of Radiance,88,1,chapter_72,Shallan
Dalinar,Syl,Words of Radiance,88,1,chapter_72,Shallan
Kaladin,Navani,Words of Radiance,88,1,chapter_72,Shallan
Kaladin,Shallan,Words of Radiance,88,1,chapter_72,Shallan
Kaladin,Syl,Words of Radiance,88,1,chapter_72,Shallan
Navani,Shallan,Words of Radiance,88,1,chapter_72,Shallan
Navani,Syl,Words of Radiance,88,1,chapter_72,Shallan
Shallan,Syl,Words of Radiance,88,1,chapter_72,Shallan
Balat,Kaladin,Words of Radiance,88,2,chapter_72,Shallan
Balat,Pattern,Words of Radiance,88,2,chapter_72,Shallan
Balat,Shallan,Words of Radiance,88,2,chapter_72,Shallan
Kaladin,Pattern,Words of Radiance,88,2,chapter_72,Shallan
Kaladin,Shallan,Words of Radiance,88,2,chapter_72,Shallan
Pattern,Shallan,Words of Radiance,88,2,chapter_72,Shallan
Balat,Helaran,Words of Radiance,89,1,chapter_73,Shallan
Balat,Jushu,Words of Radiance,89,1,chapter_73,Shallan
Balat,Shallan,Words of Radiance,89,1,chapter_73,Shallan
Balat,Wikim,Words of Radiance,89,1,chapter_73,Shallan
Helaran,Jushu,Words of Radiance,89,1,chapter_73,Shallan
Helaran,Shallan,Words of Radiance,89,1,chapter_73,Shallan
Helaran,Wikim,Words of Radiance,89,1,chapter_73,Shallan
Jushu,Shallan,Words of Radiance,89,1,chapter_73,Shallan
Jushu,Wikim,Words of Radiance,89,1,chapter_73,Shallan
Shallan,Wikim,Words of Radiance,89,1,chapter_73,Shallan
Adolin,Amaram,Words of Radiance,90,1,chapter_74,Kaladin
Adolin,Dalinar,Words of Radiance,90,1,chapter_74,Kaladin
Adolin,Helaran,Words of Radiance,90,1,chapter_74,Kaladin
Adolin,Jasnah,Words of Radiance,90,1,chapter_74,Kaladin
Adolin,Kaladin,Words of Radiance,90,1,chapter_74,Kaladin
Adolin,Kalak,Words of Radiance,90,1,chapter_74,Kaladin
Adolin,Roshone,Words of Radiance,90,1,chapter_74,Kaladin
Adolin,Sadeas,Words of Radiance,90,1,chapter_74,Kaladin
Adolin,Shallan,Words of Radiance,90,1,chapter_74,Kaladin
Adolin,Syl,Words of Radiance,90,1,chapter_74,Kaladin
Adolin,Tarah,Words of Radiance,90,1,chapter_74,Kaladin
Adolin,Tien,Words of Radiance,90,1,chapter_74,Kaladin
Amaram,Dalinar,Words of Radiance,90,1,chapter_74,Kaladin
Amaram,Helaran,Words of Radiance,90,1,chapter_74,Kaladin
Amaram,Jasnah,Words of Radiance,90,1,chapter_74,Kaladin
Amaram,Kaladin,Words of Radiance,90,1,chapter_74,Kaladin
Amaram,Kalak,Words of Radiance,90,1,chapter_74,Kaladin
Amaram,Roshone,Words of Radiance,90,1,chapter_74,Kaladin
Amaram,Sadeas,Words of Radiance,90,1,chapter_74,Kaladin
Amaram,Shallan,Words of Radiance,90,1,chapter_74,Kaladin
Amaram,Syl,Words of Radiance,90,1,chapter_74,Kaladin
Amaram,Tarah,Words of Radiance,90,1,chapter_74,Kaladin
Amaram,Tien,Words of Radiance,90,1,chapter_74,Kaladin
Dalinar,Helaran,Words of Radiance,90,1,chapter_74,Kaladin
Dalinar,Jasnah,Words of Radiance,90,1,chapter_74,Kaladin
Dalinar,Kaladin,Words of Radiance,90,1,chapter_74,Kaladin
Dalinar,Kalak,Words of Radiance,90,1,chapter_74,Kaladin
Dalinar,Roshone,Words of Radiance,90,1,chapter_74,Kaladin
Dalinar,Sadeas,Words of Radiance,90,1,chapter_74,Kaladin
Dalinar,Shallan,Words of Radiance,90,1,chapter_74,Kaladin
Dalinar,Syl,Words of Radiance,90,1,chapter_74,Kaladin
Dalinar,Tarah,Words of Radiance,90,1,chapter_74,Kaladin
Dalinar,Tien,Words of Radiance,90,1,chapter_74,Kaladin
Helaran,Jasnah,Words of Radiance,90,1,chapter_74,Kaladin
Helaran,Kaladin,Words of Radiance,90,1,chapter_74,Kaladin
Helaran,Kalak,Words of Radiance,90,1,chapter_74,Kaladin
Helaran,Roshone,Words of Radiance,90,1,chapter_74,Kaladin
Helaran,Sadeas,Words of Radiance,90,1,chapter_74,Kaladin
Helaran,Shallan,Words of Radiance,90,1,chapter_74,Kaladin
Helaran,Syl,Words of Radiance,90,1,chapter_74,Kaladin
Helaran,Tarah,Words of Radiance,90,1,chapter_74,Kaladin
Helaran,Tien,Words of Radiance,90,1,chapter_74,Kaladin
Jasnah,Kaladin,Words of Radiance,90,1,chapter_74,Kaladin
Jasnah,Kalak,Words of Radiance,90,1,chapter_74,Kaladin
Jasnah,Roshone,Words of Radiance,90,1,chapter_74,Kaladin
Jasnah,Sadeas,Words of Radiance,90,1,chapter_74,Kaladin
Jasnah,Shallan,Words of Radiance,90,1,chapter_74,Kaladin
Jasnah,Syl,Words of Radiance,90,1,chapter_74,Kaladin
Jasnah,Tarah,Words of Radiance,90,1,chapter_74,Kaladin
Jasnah,Tien,Words of Radiance,90,1,chapter_74,Kaladin
Kaladin,Kalak,Words of Radiance,90,1,chapter_74,Kaladin
Kaladin,Roshone,Words of Radiance,90,1,chapter_74,Kaladin
Kaladin,Sadeas,Words of Radiance,90,1,chapter_74,Kaladin
Kaladin,Shallan,Words of Radiance,90,1,chapter_74,Kaladin
Kaladin,Syl,Words of Radiance,90,1,chapter_74,Kaladin
Kaladin,Tarah,Words of Radiance,90,1,chapter_74,Kaladin
Kaladin,Tien,Words of Radiance,90,1,chapter_74,Kaladin
Kalak,Roshone,Words of Radiance,90,1,chapter_74,Kaladin
Kalak,Sadeas,Words of Radiance,90,1,chapter_74,Kaladin
Kalak,Shallan,Words of Radiance,90,1,chapter_74,Kaladin
Kalak,Syl,Words of Radiance,90,1,chapter_74,Kaladin
Kalak,Tarah,Words of Radiance,90,1,chapter_74,Kaladin
Kalak,Tien,Words of Radiance,90,1,chapter_74,Kaladin
Roshone,Sadeas,Words of Radiance,90,1,chapter_74,Kaladin
Roshone,Shallan,Words of Radiance,90,1,chapter_74,Kaladin
Roshone,Syl,Words of Radiance,90,1,chapter_74,Kaladin
Roshone,Tarah,Words of Radiance,90,1,chapter_74,Kaladin
Roshone,Tien,Words of Radiance,90,1,chapter_74,Kaladin
Sadeas,Shallan,Words of Radiance,90,1,chapter_74,Kaladin
Sadeas,Syl,Words of Radiance,90,1,chapter_74,Kaladin
Sadeas,Tarah,Words of Radiance,90,1,chapter_74,Kaladin
Sadeas,Tien,Words of Radiance,90,1,chapter_74,Kaladin
Shallan,Syl,Words of Radiance,90,1,chapter_74,Kaladin
Shallan,Tarah,Words of Radiance,90,1,chapter_74,Kaladin
Shallan,Tien,Words of Radiance,90,1,chapter_74,Kaladin
Syl,Tarah,Words of Radiance,90,1,chapter_74,Kaladin
Syl,Tien,Words of Radiance,90,1,chapter_74,Kaladin
Tarah,Tien,Words of Radiance,90,1,chapter_74,Kaladin
Amaram,Dalinar,Words of Radiance,91,1,chapter_75,Dalinar
Amaram,Kaladin,Words of Radiance,91,1,chapter_75,Dalinar
Amaram,Navani,Words of Radiance,91,1,chapter_75,Dalinar
Amaram,Roion,Words of Radiance,91,1,chapter_75,Dalinar
Amaram,Sadeas,Words of Radiance,91,1,chapter_75,Dalinar
Amaram,Sebarial,Words of Radiance,91,1,chapter_75,Dalinar
Dalinar,Kaladin,Words of Radiance,91,1,chapter_75,Dalinar
Dalinar,Navani,Words of Radiance,91,1,chapter_75,Dalinar
Dalinar,Roion,Words of Radiance,91,1,chapter_75,Dalinar
Dalinar,Sadeas,Words of Radiance,91,1,chapter_75,Dalinar
Dalinar,Sebarial,Words of Radiance,91,1,chapter_75,Dalinar
Kaladin,Navani,Words of Radiance,91,1,chapter_75,Dalinar
Kaladin,Roion,Words of Radiance,91,1,chapter_75,Dalinar
Kaladin,Sadeas,Words of Radiance,91,1,chapter_75,Dalinar
Kaladin,Sebarial,Words of Radiance,91,1,chapter_75,Dalinar
Navani,Roion,Words of Radiance,91,1,chapter_75,Dalinar
Navani,Sadeas,Words of Radiance,91,1,chapter_75,Dalinar
Navani,Sebarial,Words of Radiance,91,1,chapter_75,Dalinar
Roion,Sadeas,Words of Radiance,91,1,chapter_75,Dalinar
Roion,Sebarial,Words of Radiance,91,1,chapter_75,Dalinar
Sadeas,Sebarial,Words of Radiance,91,1,chapter_75,Dalinar
Amaram,Chana,Words of Radiance,91,2,chapter_75,Dalinar
Amaram,Dalinar,Words of Radiance,91,2,chapter_75,Dalinar
Amaram,Kaladin,Words of Radiance,91,2,chapter_75,Dalinar
Amaram,Navani,Words of Radiance,91,2,chapter_75,Dalinar
Amaram,Shallan,Words of Radiance,91,2,chapter_75,Dalinar
Chana,Dalinar,Words of Radiance,91,2,chapter_75,Dalinar
Chana,Kaladin,Words of Radiance,91,2,chapter_75,Dalinar
Chana,Navani,Words of Radiance,91,2,chapter_75,Dalinar
Chana,Shallan,Words of Radiance,91,2,chapter_75,Dalinar
Dalinar,Kaladin,Words of Radiance,91,2,chapter_75,Dalinar
Dalinar,Navani,Words of Radiance,91,2,chapter_75,Dalinar
Dalinar,Shallan,Words of Radiance,91,2,chapter_75,Dalinar
Kaladin,Navani,Words of Radiance,91,2,chapter_75,Dalinar
Kaladin,Shallan,Words of Radiance,91,2,chapter_75,Dalinar
Navani,Shallan,Words of Radiance,91,2,chapter_75,Dalinar
Adolin,Amaram,Words of Radiance,91,3,chapter_75,Dalinar
Adolin,Dalinar,Words of Radiance,91,3,chapter_75,Dalinar
Adolin,Jasnah,Words of Radiance,91,3,chapter_75,Dalinar
Adolin,Navani,Words of Radiance,91,3,chapter_75,Dalinar
Adolin,Pattern,Words of Radiance,91,3,chapter_75,Dalinar
Adolin,Sadeas,Words of Radiance,91,3,chapter_75,Dalinar
Adolin,Sebarial,Words of Radiance,91,3,chapter_75,Dalinar
Adolin,Shallan,Words of Radiance,91,3,chapter_75,Dalinar
Amaram,Dalinar,Words of Radiance,91,3,chapter_75,Dalinar
Amaram,Jasnah,Words of Radiance,91,3,chapter_75,Dalinar
Amaram,Navani,Words of Radiance,91,3,chapter_75,Dalinar
Amaram,Pattern,Words of Radiance,91,3,chapter_75,Dalinar
Amaram,Sadeas,Words of Radiance,91,3,chapter_75,Dalinar
Amaram,Sebarial,Words of Radiance,91,3,chapter_75,Dalinar
Amaram,Shallan,Words of Radiance,91,3,chapter_75,Dalinar
Dalinar,Jasnah,Words of Radiance,91,3,chapter_75,Dalinar
Dalinar,Navani,Words of Radiance,91,3,chapter_75,Dalinar
Dalinar,Pattern,Words of Radiance,91,3,chapter_75,Dalinar
Dalinar,Sadeas,Words of Radiance,91,3,chapter_75,Dalinar
Dalinar,Sebarial,Words of Radiance,91,3,chapter_75,Dalinar
Dalinar,Shallan,Words of Radiance,91,3,chapter_75,Dalinar
Jasnah,Navani,Words of Radiance,91,3,chapter_75,Dalinar
Jasnah,Pattern,Words of Radiance,91,3,chapter_75,Dalinar
Jasnah,Sadeas,Words of Radiance,91,3,chapter_75,Dalinar
Jasnah,Sebarial,Words of Radiance,91,3,chapter_75,Dalinar
Jasnah,Shallan,Words of Radiance,91,3,chapter_75,Dalinar
Navani,Pattern,Words of Radiance,91,3,chapter_75,Dalinar
Navani,Sadeas,Words of Radiance,91,3,chapter_75,Dalinar
Navani,Sebarial,Words of Radiance,91,3,chapter_75,Dalinar
Navani,Shallan,Words of Radiance,91,3,chapter_75,Dalinar
Pattern,Sadeas,Words of Radiance,91,3,chapter_75,Dalinar
Pattern,Sebarial,Words of Radiance,91,3,chapter_75,Dalinar
Pattern,Shallan,Words of Radiance,91,3,chapter_75,Dalinar
Sadeas,Sebarial,Words of Radiance,91,3,chapter_75,Dalinar
Sadeas,Shallan,Words of Radiance,91,3,chapter_75,Dalinar
Sebarial,Shallan,Words of Radiance,91,3,chapter_75,Dalinar
Aesudan,Elhokar,Words of Radiance,92,1,interlude_12,Lhan
Aesudan,Gavilar,Words of Radiance,92,1,interlude_12,Lhan
Aesudan,Lhan,Words of Radiance,92,1,interlude_12,Lhan
Elhokar,Gavilar,Words of Radiance,92,1,interlude_12,Lhan
Elhokar,Lhan,Words of Radiance,92,1,interlude_12,Lhan
Gavilar,Lhan,Words of Radiance,92,1,interlude_12,Lhan
Adrotagia,Dalinar,Words of Radiance,94,1,interlude_14,Taravangian
Adrotagia,Gavilar,Words of Radiance,94,1,interlude_14,Taravangian
Adrotagia,Jasnah,Words of Radiance,94,1,interlude_14,Taravangian
Adrotagia,Mrall,Words of Radiance,94,1,interlude_14,Taravangian
Adrotagia,Redin,Words of Radiance,94,1,interlude_14,Taravangian
Adrotagia,Sadeas,Words of Radiance,94,1,interlude_14,Taravangian
Adrotagia,Szeth,Words of Radiance,94,1,interlude_14,Taravangian
Adrotagia,Taravangian,Words of Radiance,94,1,interlude_14,Taravangian
Adrotagia,Valam,Words of Radiance,94,1,interlude_14,Taravangian
Dalinar,Gavilar,Words of Radiance,94,1,interlude_14,Taravangian
Dalinar,Jasnah,Words of Radiance,94,1,interlude_14,Taravangian
Dalinar,Mrall,Words of Radiance,94,1,interlude_14,Taravangian
Dalinar,Redin,Words of Radiance,94,1,interlude_14,Taravangian
Dalinar,Sadeas,Words of Radiance,94,1,interlude_14,Taravangian
Dalinar,Szeth,Words of Radiance,94,1,interlude_14,Taravangian
Dalinar,Taravangian,Words of Radiance,94,1,interlude_14,Taravangian
Dalinar,Valam,Words of Radiance,94,1,interlude_14,Taravangian
Gavilar,Jasnah,Words of Radiance,94,1,interlude_14,Taravangian
Gavilar,Mrall,Words of Radiance,94,1,interlude_14,Taravangian
Gavilar,Redin,Words of Radiance,94,1,interlude_14,Taravangian
Gavilar,Sadeas,Words of Radiance,94,1,interlude_14,Taravangian
Gavilar,Szeth,Words of Radiance,94,1,interlude_14,Taravangian
Gavilar,Taravangian,Words of Radiance,94,1,interlude_14,Taravangian
Gavilar,Valam,Words of Radiance,94,1,interlude_14,Taravangian
Jasnah,Mrall,Words of Radiance,94,1,interlude_14,Taravangian
Jasnah,Redin,Words of Radiance,94,1,interlude_14,Taravangian
Jasnah,Sadeas,Words of Radiance,94,1,interlude_14,Taravangian
Jasnah,Szeth,Words of Radiance,94,1,interlude_14,Taravangian
Jasnah,Taravangian,Words of Radiance,94,1,interlude_14,Taravangian
Jasnah,Valam,Words of Radiance,94,1,interlude_14,Taravangian
Mrall,Redin,Words of Radiance,94,1,interlude_14,Taravangian
Mrall,Sadeas,Words of Radiance,94,1,interlude_14,Taravangian
Mrall,Szeth,Words of Radiance,94,1,interlude_14,Taravangian
Mrall,Taravangian,Words of Radiance,94,1,interlude_14,Taravangian
Mrall,Valam,Words of Radiance,94,1,interlude_14,Taravangian
Redin,Sadeas,Words of Radiance,94,1,interlude_14,Taravangian
Redin,Szeth,Words of Radiance,94,1,interlude_14,Taravangian
Redin,Taravangian,Words of Radiance,94,1,interlude_14,Taravangian
Redin,Valam,Words of Radiance,94,1,interlude_14,Taravangian
Sadeas,Szeth,Words of Radiance,94,1,interlude_14,Taravangian
Sadeas,Taravangian,Words of Radiance,94,1,interlude_14,Taravangian
Sadeas,Valam,Words of Radiance,94,1,interlude_14,Taravangian
Szeth,Taravangian,Words of Radiance,94,1,interlude_14,Taravangian
Szeth,Valam,Words of Radiance,94,1,interlude_14,Taravangian
Taravangian,Valam,Words of Radiance,94,1,interlude_14,Taravangian
Amaram,Dalinar,Words of Radiance,96,1,chapter_76,Kaladin
Amaram,Kaladin,Words of Radiance,96,1,chapter_76,Kaladin
Amaram,Lopen,Words of Radiance,96,1,chapter_76,Kaladin
Amaram,Roion,Words of Radiance,96,1,chapter_76,Kaladin
Amaram,Sadeas,Words of Radiance,96,1,chapter_76,Kaladin
Amaram,Shallan,Words of Radiance,96,1,chapter_76,Kaladin
Amaram,Syl,Words of Radiance,96,1,chapter_76,Kaladin
Dalinar,Kaladin,Words of Radiance,96,1,chapter_76,Kaladin
Dalinar,Lopen,Words of Radiance,96,1,chapter_76,Kaladin
Dalinar,Roion,Words of Radiance,96,1,chapter_76,Kaladin
Dalinar,Sadeas,Words of Radiance,96,1,chapter_76,Kaladin
Dalinar,Shallan,Words of Radiance,96,1,chapter_76,Kaladin
Dalinar,Syl,Words of Radiance,96,1,chapter_76,Kaladin
Kaladin,Lopen,Words of Radiance,96,1,chapter_76,Kaladin
Kaladin,Roion,Words of Radiance,96,1,chapter_76,Kaladin
Kaladin,Sadeas,Words of Radiance,96,1,chapter_76,Kaladin
Kaladin,Shallan,Words of Radiance,96,1,chapter_76,Kaladin
Kaladin,Syl,Words of Radiance,96,1,chapter_76,Kaladin
Lopen,Roion,Words of Radiance,96,1,chapter_76,Kaladin
Lopen,Sadeas,Words of Radiance,96,1,chapter_76,Kaladin
Lopen,Shallan,Words of Radiance,96,1,chapter_76,Kaladin
Lopen,Syl,Words of Radiance,96,1,chapter_76,Kaladin
Roion,Sadeas,Words of Radiance,96,1,chapter_76,Kaladin
Roion,Shallan,Words of Radiance,96,1,chapter_76,Kaladin
Roion,Syl,Words of Radiance,96,1,chapter_76,Kaladin
Sadeas,Shallan,Words of Radiance,96,1,chapter_76,Kaladin
Sadeas,Syl,Words of Radiance,96,1,chapter_76,Kaladin
Shallan,Syl,Words of Radiance,96,1,chapter_76,Kaladin
Adolin,Aladar,Words of Radiance,96,2,chapter_76,Kaladin
Adolin,Amaram,Words of Radiance,96,2,chapter_76,Kaladin
Adolin,Dalinar,Words of Radiance,96,2,chapter_76,Kaladin
Adolin,Navani,Words of Radiance,96,2,chapter_76,Kaladin
Adolin,Renarin,Words of Radiance,96,2,chapter_76,Kaladin
Adolin,Roion,Words of Radiance,96,2,chapter_76,Kaladin
Adolin,Sebarial,Words of Radiance,96,2,chapter_76,Kaladin
Adolin,Shallan,Words of Radiance,96,2,chapter_76,Kaladin
Aladar,Amaram,Words of Radiance,96,2,chapter_76,Kaladin
Aladar,Dalinar,Words of Radiance,96,2,chapter_76,Kaladin
Aladar,Navani,Words of Radiance,96,2,chapter_76,Kaladin
Aladar,Renarin,Words of Radiance,96,2,chapter_76,Kaladin
Aladar,Roion,Words of Radiance,96,2,chapter_76,Kaladin
Aladar,Sebarial,Words of Radiance,96,2,chapter_76,Kaladin
Aladar,Shallan,Words of Radiance,96,2,chapter_76,Kaladin
Amaram,Dalinar,Words of Radiance,96,2,chapter_76,Kaladin
Amaram,Navani,Words of Radiance,96,2,chapter_76,Kaladin
Amaram,Renarin,Words of Radiance,96,2,chapter_76,Kaladin
Amaram,Roion,Words of Radiance,96,2,chapter_76,Kaladin
Amaram,Sebarial,Words of Radiance,96,2,chapter_76,Kaladin
Amaram,Shallan,Words of Radiance,96,2,chapter_76,Kaladin
Dalinar,Navani,Words of Radiance,96,2,chapter_76,Kaladin
Dalinar,Renarin,Words of Radiance,96,2,chapter_76,Kaladin
Dalinar,Roion,Words of Radiance,96,2,chapter_76,Kaladin
Dalinar,Sebarial,Words of Radiance,96,2,chapter_76,Kaladin
Dalinar,Shallan,Words of Radiance,96,2,chapter_76,Kaladin
Navani,Renarin,Words of Radiance,96,2,chapter_76,Kaladin
Navani,Roion,Words of Radiance,96,2,chapter_76,Kaladin
Navani,Sebarial,Words of Radiance,96,2,chapter_76,Kaladin
Navani,Shallan,Words of Radiance,96,2,chapter_76,Kaladin
Renarin,Roion,Words of Radiance,96,2,chapter_76,Kaladin
Renarin,Sebarial,Words of Radiance,96,2,chapter_76,Kaladin
Renarin,Shallan,Words of Radiance,96,2,chapter_76,Kaladin
Roion,Sebarial,Words of Radiance,96,2,chapter_76,Kaladin
Roion,Shallan,Words of Radiance,96,2,chapter_76,Kaladin
Sebarial,Shallan,Words of Radiance,96,2,chapter_76,Kaladin
Dalinar,Gavilar,Words of Radiance,96,3,chapter_76,Kaladin
Dalinar,Ialai,Words of Radiance,96,3,chapter_76,Kaladin
Dalinar,Roion,Words of Radiance,96,3,chapter_76,Kaladin
Dalinar,Sadeas,Words of Radiance,96,3,chapter_76,Kaladin
Dalinar,Sebarial,Words of Radiance,96,3,chapter_76,Kaladin
Gavilar,Ialai,Words of Radiance,96,3,chapter_76,Kaladin
Gavilar,Roion,Words of Radiance,96,3,chapter_76,Kaladin
Gavilar,Sadeas,Words of Radiance,96,3,chapter_76,Kaladin
Gavilar,Sebarial,Words of Radiance,96,3,chapter_76,Kaladin
Ialai,Roion,Words of Radiance,96,3,chapter_76,Kaladin
Ialai,Sadeas,Words of Radiance,96,3,chapter_76,Kaladin
Ialai,Sebarial,Words of Radiance,96,3,chapter_76,Kaladin
Roion,Sadeas,Words of Radiance,96,3,chapter_76,Kaladin
Roion,Sebarial,Words of Radiance,96,3,chapter_76,Kaladin
Sadeas,Sebarial,Words of Radiance,96,3,chapter_76,Kaladin
Adolin,Aladar,Words of Radiance,96,4,chapter_76,Kaladin
Adolin,Amaram,Words of Radiance,96,4,chapter_76,Kaladin
Adolin,Dalinar,Words of Radiance,96,4,chapter_76,Kaladin
Adolin,Gavilar,Words of Radiance,96,4,chapter_76,Kaladin
Adolin,Roion,Words of Radiance,96,4,chapter_76,Kaladin
Adolin,Sadeas,Words of Radiance,96,4,chapter_76,Kaladin
Adolin,Sebarial,Words of Radiance,96,4,chapter_76,Kaladin
Adolin,Shallan,Words of Radiance,96,4,chapter_76,Kaladin
Aladar,Amaram,Words of Radiance,96,4,chapter_76,Kaladin
Aladar,Dalinar,Words of Radiance,96,4,chapter_76,Kaladin
Aladar,Gavilar,Words of Radiance,96,4,chapter_76,Kaladin
Aladar,Roion,Words of Radiance,96,4,chapter_76,Kaladin
Aladar,Sadeas,Words of Radiance,96,4,chapter_76,Kaladin
Aladar,Sebarial,Words of Radiance,96,4,chapter_76,Kaladin
Aladar,Shallan,Words of Radiance,96,4,chapter_76,Kaladin
Amaram,Dalinar,Words of Radiance,96,4,chapter_76,Kaladin
Amaram,Gavilar,Words of Radiance,96,4,chapter_76,Kaladin
Amaram,Roion,Words of Radiance,96,4,chapter_76,Kaladin
Amaram,Sadeas,Words of Radiance,96,4,chapter_76,Kaladin
Amaram,Sebarial,Words of Radiance,96,4,chapter_76,Kaladin
Amaram,Shallan,Words of Radiance,96,4,chapter_76,Kaladin
Dalinar,Gavilar,Words of Radiance,96,4,chapter_76,Kaladin
Dalinar,Roion,Words of Radiance,96,4,chapter_76,Kaladin
Dalinar,Sadeas,Words of Radiance,96,4,chapter_76,Kaladin
Dalinar,Sebarial,Words of Radiance,96,4,chapter_76,Kaladin
Dalinar,Shallan,Words of Radiance,96,4,chapter_76,Kaladin
Gavilar,Roion,Words of Radiance,96,4,chapter_76,Kaladin
Gavilar,Sadeas,Words of Radiance,96,4,chapter_76,Kaladin
Gavilar,Sebarial,Words of Radiance,96,4,chapter_76,Kaladin
Gavilar,Shallan,Words of Radiance,96,4,chapter_76,Kaladin
Roion,Sadeas,Words of Radiance,96,4,chapter_76,Kaladin
Roion,Sebarial,Words of Radiance,96,4,chapter_76,Kaladin
Roion,Shallan,Words of Radiance,96,4,chapter_76,Kaladin
Sadeas,Sebarial,Words of Radiance,96,4,chapter_76,Kaladin
Sadeas,Shallan,Words of Radiance,96,4,chapter_76,Kaladin
Sebarial,Shallan,Words of Radiance,96,4,chapter_76,Kaladin
Adolin,Amaram,Words of Radiance,96,5,chapter_76,Kaladin
Adolin,Bisig,Words of Radiance,96,5,chapter_76,Kaladin
Adolin,Dalinar,Words of Radiance,96,5,chapter_76,Kaladin
Adolin,Kaladin,Words of Radiance,96,5,chapter_76,Kaladin
Adolin,Lopen,Words of Radiance,96,5,chapter_76,Kaladin
Adolin,Moash,Words of Radiance,96,5,chapter_76,Kaladin
Adolin,Renarin,Words of Radiance,96,5,chapter_76,Kaladin
Adolin,Rock,Words of Radiance,96,5,chapter_76,Kaladin
Adolin,Roion,Words of Radiance,96,5,chapter_76,Kaladin
Adolin,Shallan,Words of Radiance,96,5,chapter_76,Kaladin
Adolin,Skar,Words of Radiance,96,5,chapter_76,Kaladin
Adolin,Teft,Words of Radiance,96,5,chapter_76,Kaladin
Amaram,Bisig,Words of Radiance,96,5,chapter_76,Kaladin
Amaram,Dalinar,Words of Radiance,96,5,chapter_76,Kaladin
Amaram,Kaladin,Words of Radiance,96,5,chapter_76,Kaladin
Amaram,Lopen,Words of Radiance,96,5,chapter_76,Kaladin
Amaram,Moash,Words of Radiance,96,5,chapter_76,Kaladin
Amaram,Renarin,Words of Radiance,96,5,chapter_76,Kaladin
Amaram,Rock,Words of Radiance,96,5,chapter_76,Kaladin
Amaram,Roion,Words of Radiance,96,5,chapter_76,Kaladin
Amaram,Shallan,Words of Radiance,96,5,chapter_76,Kaladin
Amaram,Skar,Words of Radiance,96,5,chapter_76,Kaladin
Amaram,Teft,Words of Radiance,96,5,chapter_76,Kaladin
Bisig,Dalinar,Words of Radiance,96,5,chapter_76,Kaladin
Bisig,Kaladin,Words of Radiance,96,5,chapter_76,Kaladin
Bisig,Lopen,Words of Radiance,96,5,chapter_76,Kaladin
Bisig,Moash,Words of Radiance,96,5,chapter_76,Kaladin
Bisig,Renarin,Words of Radiance,96,5,chapter_76,Kaladin
Bisig,Rock,Words of Radiance,96,5,chapter_76,Kaladin
Bisig,Roion,Words of Radiance,96,5,chapter_76,Kaladin
Bisig,Shallan,Words of Radiance,96,5,chapter_76,Kaladin
Bisig,Skar,Words of Radiance,96,5,chapter_76,Kaladin
Bisig,Teft,Words of Radiance,96,5,chapter_76,Kaladin
Dalinar,Kaladin,Words of Radiance,96,5,chapter_76,Kaladin
Dalinar,Lopen,Words of Radiance,96,5,chapter_76,Kaladin
Dalinar,Moash,Words of Radiance,96,5,chapter_76,Kaladin
Dalinar,Renarin,Words of Radiance,96,5,chapter_76,Kaladin
Dalinar,Rock,Words of Radiance,96,5,chapter_76,Kaladin
Dalinar,Roion,Words of Radiance,96,5,chapter_76,Kaladin
Dalinar,Shallan,Words of Radiance,96,5,chapter_76,Kaladin
Dalinar,Skar,Words of Radiance,96,5,chapter_76,Kaladin
Dalinar,Teft,Words of Radiance,96,5,chapter_76,Kaladin
Kaladin,Lopen,Words of Radiance,96,5,chapter_76,Kaladin
Kaladin,Moash,Words of Radiance,96,5,chapter_76,Kaladin
Kaladin,Renarin,Words of Radiance,96,5,chapter_76,Kaladin
Kaladin,Rock,Words of Radiance,96,5,chapter_76,Kaladin
Kaladin,Roion,Words of Radiance,96,5,chapter_76,Kaladin
Kaladin,Shallan,Words of Radiance,96,5,chapter_76,Kaladin
Kaladin,Skar,Words of Radiance,96,5,chapter_76,Kaladin
Kaladin,Teft,Words of Radiance,96,5,chapter_76,Kaladin
Lopen,Moash,Words of Radiance,96,5,chapter_76,Kaladin
Lopen,Renarin,Words of Radiance,96,5,chapter_76,Kaladin
Lopen,Rock,Words of Radiance,96,5,chapter_76,Kaladin
Lopen,Roion,Words of Radiance,96,5,chapter_76,Kaladin
Lopen,Shallan,Words of Radiance,96,5,chapter_76,Kaladin
Lopen,Skar,Words of Radiance,96,5,chapter_76,Kaladin
Lopen,Teft,Words of Radiance,96,5,chapter_76,Kaladin
Moash,Renarin,Words of Radiance,96,5,chapter_76,Kaladin
Moash,Rock,Words of Radiance,96,5,chapter_76,Kaladin
Moash,Roion,Words of Radiance,96,5,chapter_76,Kaladin
Moash,Shallan,Words of Radiance,96,5,chapter_76,Kaladin
Moash,Skar,Words of Radiance,96,5,chapter_76,Kaladin
Moash,Teft,Words of Radiance,96,5,chapter_76,Kaladin
Renarin,Rock,Words of Radiance,96,5,chapter_76,Kaladin
Renarin,Roion,Words of Radiance,96,5,chapter_76,Kaladin
Renarin,Shallan,Words of Radiance,96,5,chapter_76,Kaladin
Renarin,Skar,Words of Radiance,96,5,chapter_76,Kaladin
Renarin,Teft,Words of Radiance,96,5,chapter_76,Kaladin
Rock,Roion,Words of Radiance,96,5,chapter_76,Kaladin
Rock,Shallan,Words of Radiance,96,5,chapter_76,Kaladin
Rock,Skar,Words of Radiance,96,5,chapter_76,Kaladin
Rock,Teft,Words of Radiance,96,5,chapter_76,Kaladin
Roion,Shallan,Words of Radiance,96,5,chapter_76,Kaladin
Roion,Skar,Words of Radiance,96,5,chapter_76,Kaladin
Roion,Teft,Words of Radiance,96,5,chapter_76,Kaladin
Shallan,Skar,Words of Radiance,96,5,chapter_76,Kaladin
Shallan,Teft,Words of Radiance,96,5,chapter_76,Kaladin
Skar,Teft,Words of Radiance,96,5,chapter_76,Kaladin
Aladar,Dalinar,Words of Radiance,96,6,chapter_76,Kaladin
Aladar,Ialai,Words of Radiance,96,6,chapter_76,Kaladin
Aladar,Sadeas,Words of Radiance,96,6,chapter_76,Kaladin
Dalinar,Ialai,Words of Radiance,96,6,chapter_76,Kaladin
Dalinar,Sadeas,Words of Radiance,96,6,chapter_76,Kaladin
Ialai,Sadeas,Words of Radiance,96,6,chapter_76,Kaladin
Adolin,Dalinar,Words of Radiance,97,1,chapter_77,Shallan
Adolin,Gavilar,Words of Radiance,97,1,chapter_77,Shallan
Adolin,Gaz,Words of Radiance,97,1,chapter_77,Shallan
Adolin,Jasnah,Words of Radiance,97,1,chapter_77,Shallan
Adolin,Kaladin,Words of Radiance,97,1,chapter_77,Shallan
Adolin,Sadeas,Words of Radiance,97,1,chapter_77,Shallan
Adolin,Sebarial,Words of Radiance,97,1,chapter_77,Shallan
Adolin,Shallan,Words of Radiance,97,1,chapter_77,Shallan
Adolin,Vathah,Words of Radiance,97,1,chapter_77,Shallan
Dalinar,Gavilar,Words of Radiance,97,1,chapter_77,Shallan
Dalinar,Gaz,Words of Radiance,97,1,chapter_77,Shallan
Dalinar,Jasnah,Words of Radiance,97,1,chapter_77,Shallan
Dalinar,Kaladin,Words of Radiance,97,1,chapter_77,Shallan
Dalinar,Sadeas,Words of Radiance,97,1,chapter_77,Shallan
Dalinar,Sebarial,Words of Radiance,97,1,chapter_77,Shallan
Dalinar,Shallan,Words of Radiance,97,1,chapter_77,Shallan
Dalinar,Vathah,Words of Radiance,97,1,chapter_77,Shallan
Gavilar,Gaz,Words of Radiance,97,1,chapter_77,Shallan
Gavilar,Jasnah,Words of Radiance,97,1,chapter_77,Shallan
Gavilar,Kaladin,Words of Radiance,97,1,chapter_77,Shallan
Gavilar,Sadeas,Words of Radiance,97,1,chapter_77,Shallan
Gavilar,Sebarial,Words of Radiance,97,1,chapter_77,Shallan
Gavilar,Shallan,Words of Radiance,97,1,chapter_77,Shallan
Gavilar,Vathah,Words of Radiance,97,1,chapter_77,Shallan
Gaz,Jasnah,Words of Radiance,97,1,chapter_77,Shallan
Gaz,Kaladin,Words of Radiance,97,1,chapter_77,Shallan
Gaz,Sadeas,Words of Radiance,97,1,chapter_77,Shallan
Gaz,Sebarial,Words of Radiance,97,1,chapter_77,Shallan
Gaz,Shallan,Words of Radiance,97,1,chapter_77,Shallan
Gaz,Vathah,Words of Radiance,97,1,chapter_77,Shallan
Jasnah,Kaladin,Words of Radiance,97,1,chapter_77,Shallan
Jasnah,Sadeas,Words of Radiance,97,1,chapter_77,Shallan
Jasnah,Sebarial,Words of Radiance,97,1,chapter_77,Shallan
Jasnah,Shallan,Words of Radiance,97,1,chapter_77,Shallan
Jasnah,Vathah,Words of Radiance,97,1,chapter_77,Shallan
Kaladin,Sadeas,Words of Radiance,97,1,chapter_77,Shallan
Kaladin,Sebarial,Words of Radiance,97,1,chapter_77,Shallan
Kaladin,Shallan,Words of Radiance,97,1,chapter_77,Shallan
Kaladin,Vathah,Words of Radiance,97,1,chapter_77,Shallan
Sadeas,Sebarial,Words of Radiance,97,1,chapter_77,Shallan
Sadeas,Shallan,Words of Radiance,97,1,chapter_77,Shallan
Sadeas,Vathah,Words of Radiance,97,1,chapter_77,Shallan
Sebarial,Shallan,Words of Radiance,97,1,chapter_77,Shallan
Sebarial,Vathah,Words of Radiance,97,1,chapter_77,Shallan
Shallan,Vathah,Words of Radiance,97,1,chapter_77,Shallan
Adolin,Chana,Words of Radiance,97,2,chapter_77,Shallan
Adolin,Dalinar,Words of Radiance,97,2,chapter_77,Shallan
Adolin,Jasnah,Words of Radiance,97,2,chapter_77,Shallan
Adolin,Kaladin,Words of Radiance,97,2,chapter_77,Shallan
Adolin,Navani,Words of Radiance,97,2,chapter_77,Shallan
Adolin,Pattern,Words of Radiance,97,2,chapter_77,Shallan
Adolin,Rock,Words of Radiance,97,2,chapter_77,Shallan
Adolin,Shallan,Words of Radiance,97,2,chapter_77,Shallan
Chana,Dalinar,Words of Radiance,97,2,chapter_77,Shallan
Chana,Jasnah,Words of Radiance,97,2,chapter_77,Shallan
Chana,Kaladin,Words of Radiance,97,2,chapter_77,Shallan
Chana,Navani,Words of Radiance,97,2,chapter_77,Shallan
Chana,Pattern,Words of Radiance,97,2,chapter_77,Shallan
Chana,Rock,Words of Radiance,97,2,chapter_77,Shallan
Chana,Shallan,Words of Radiance,97,2,chapter_77,Shallan
Dalinar,Jasnah,Words of Radiance,97,2,chapter_77,Shallan
Dalinar,Kaladin,Words of Radiance,97,2,chapter_77,Shallan
Dalinar,Navani,Words of Radiance,97,2,chapter_77,Shallan
Dalinar,Pattern,Words of Radiance,97,2,chapter_77,Shallan
Dalinar,Rock,Words of Radiance,97,2,chapter_77,Shallan
Dalinar,Shallan,Words of Radiance,97,2,chapter_77,Shallan
Jasnah,Kaladin,Words of Radiance,97,2,chapter_77,Shallan
Jasnah,Navani,Words of Radiance,97,2,chapter_77,Shallan
Jasnah,Pattern,Words of Radiance,97,2,chapter_77,Shallan
Jasnah,Rock,Words of Radiance,97,2,chapter_77,Shallan
Jasnah,Shallan,Words of Radiance,97,2,chapter_77,Shallan
Kaladin,Navani,Words of Radiance,97,2,chapter_77,Shallan
Kaladin,Pattern,Words of Radiance,97,2,chapter_77,Shallan
Kaladin,Rock,Words of Radiance,97,2,chapter_77,Shallan
Kaladin,Shallan,Words of Radiance,97,2,chapter_77,Shallan
Navani,Pattern,Words of Radiance,97,2,chapter_77,Shallan
Navani,Rock,Words of Radiance,97,2,chapter_77,Shallan
Navani,Shallan,Words of Radiance,97,2,chapter_77,Shallan
Pattern,Rock,Words of Radiance,97,2,chapter_77,Shallan
Pattern,Shallan,Words of Radiance,97,2,chapter_77,Shallan
Rock,Shallan,Words of Radiance,97,2,chapter_77,Shallan
Amaram,Dabbid,Words of Radiance,97,3,chapter_77,Shallan
Amaram,Dalinar,Words of Radiance,97,3,chapter_77,Shallan
Amaram,Hobber,Words of Radiance,97,3,chapter_77,Shallan
Amaram,Kaladin,Words of Radiance,97,3,chapter_77,Shallan
Amaram,Lopen,Words of Radiance,97,3,chapter_77,Shallan
Amaram,Moash,Words of Radiance,97,3,chapter_77,Shallan
Amaram,Syl,Words of Radiance,97,3,chapter_77,Shallan
Dabbid,Dalinar,Words of Radiance,97,3,chapter_77,Shallan
Dabbid,Hobber,Words of Radiance,97,3,chapter_77,Shallan
Dabbid,Kaladin,Words of Radiance,97,3,chapter_77,Shallan
Dabbid,Lopen,Words of Radiance,97,3,chapter_77,Shallan
Dabbid,Moash,Words of Radiance,97,3,chapter_77,Shallan
Dabbid,Syl,Words of Radiance,97,3,chapter_77,Shallan
Dalinar,Hobber,Words of Radiance,97,3,chapter_77,Shallan
Dalinar,Kaladin,Words of Radiance,97,3,chapter_77,Shallan
Dalinar,Lopen,Words of Radiance,97,3,chapter_77,Shallan
Dalinar,Moash,Words of Radiance,97,3,chapter_77,Shallan
Dalinar,Syl,Words of Radiance,97,3,chapter_77,Shallan
Hobber,Kaladin,Words of Radiance,97,3,chapter_77,Shallan
Hobber,Lopen,Words of Radiance,97,3,chapter_77,Shallan
Hobber,Moash,Words of Radiance,97,3,chapter_77,Shallan
Hobber,Syl,Words of Radiance,97,3,chapter_77,Shallan
Kaladin,Lopen,Words of Radiance,97,3,chapter_77,Shallan
Kaladin,Moash,Words of Radiance,97,3,chapter_77,Shallan
Kaladin,Syl,Words of Radiance,97,3,chapter_77,Shallan
Lopen,Moash,Words of Radiance,97,3,chapter_77,Shallan
Lopen,Syl,Words of Radiance,97,3,chapter_77,Shallan
Moash,Syl,Words of Radiance,97,3,chapter_77,Shallan
Adolin,Amaram,Words of Radiance,98,1,chapter_78,Shallan
Adolin,Bashin,Words of Radiance,98,1,chapter_78,Shallan
Adolin,Dalinar,Words of Radiance,98,1,chapter_78,Shallan
Adolin,Gavilar,Words of Radiance,98,1,chapter_78,Shallan
Adolin,Jasnah,Words of Radiance,98,1,chapter_78,Shallan
Adolin,Kaladin,Words of Radiance,98,1,chapter_78,Shallan
Adolin,Leyten,Words of Radiance,98,1,chapter_78,Shallan
Adolin,Navani,Words of Radiance,98,1,chapter_78,Shallan
Adolin,Pattern,Words of Radiance,98,1,chapter_78,Shallan
Adolin,Shallan,Words of Radiance,98,1,chapter_78,Shallan
Adolin,Skar,Words of Radiance,98,1,chapter_78,Shallan
Adolin,Teleb,Words of Radiance,98,1,chapter_78,Shallan
Adolin,Vathah,Words of Radiance,98,1,chapter_78,Shallan
Amaram,Bashin,Words of Radiance,98,1,chapter_78,Shallan
Amaram,Dalinar,Words of Radiance,98,1,chapter_78,Shallan
Amaram,Gavilar,Words of Radiance,98,1,chapter_78,Shallan
Amaram,Jasnah,Words of Radiance,98,1,chapter_78,Shallan
Amaram,Kaladin,Words of Radiance,98,1,chapter_78,Shallan
Amaram,Leyten,Words of Radiance,98,1,chapter_78,Shallan
Amaram,Navani,Words of Radiance,98,1,chapter_78,Shallan
Amaram,Pattern,Words of Radiance,98,1,chapter_78,Shallan
Amaram,Shallan,Words of Radiance,98,1,chapter_78,Shallan
Amaram,Skar,Words of Radiance,98,1,chapter_78,Shallan
Amaram,Teleb,Words of Radiance,98,1,chapter_78,Shallan
Amaram,Vathah,Words of Radiance,98,1,chapter_78,Shallan
Bashin,Dalinar,Words of Radiance,98,1,chapter_78,Shallan
Bashin,Gavilar,Words of Radiance,98,1,chapter_78,Shallan
Bashin,Jasnah,Words of Radiance,98,1,chapter_78,Shallan
Bashin,Kaladin,Words of Radiance,98,1,chapter_78,Shallan
Bashin,Leyten,Words of Radiance,98,1,chapter_78,Shallan
Bashin,Navani,Words of Radiance,98,1,chapter_78,Shallan
Bashin,Pattern,Words of Radiance,98,1,chapter_78,Shallan
Bashin,Shallan,Words of Radiance,98,1,chapter_78,Shallan
Bashin,Skar,Words of Radiance,98,1,chapter_78,Shallan
Bashin,Teleb,Words of Radiance,98,1,chapter_78,Shallan
Bashin,Vathah,Words of Radiance,98,1,chapter_78,Shallan
Dalinar,Gavilar,Words of Radiance,98,1,chapter_78,Shallan
Dalinar,Jasnah,Words of Radiance,98,1,chapter_78,Shallan
Dalinar,Kaladin,Words of Radiance,98,1,chapter_78,Shallan
Dalinar,Leyten,Words of Radiance,98,1,chapter_78,Shallan
Dalinar,Navani,Words of Radiance,98,1,chapter_78,Shallan
Dalinar,Pattern,Words of Radiance,98,1,chapter_78,Shallan
Dalinar,Shallan,Words of Radiance,98,1,chapter_78,Shallan
Dalinar,Skar,Words of Radiance,98,1,chapter_78,Shallan
Dalinar,Teleb,Words of Radiance,98,1,chapter_78,Shallan
Dalinar,Vathah,Words of Radiance,98,1,chapter_78,Shallan
Gavilar,Jasnah,Words of Radiance,98,1,chapter_78,Shallan
Gavilar,Kaladin,Words of Radiance,98,1,chapter_78,Shallan
Gavilar,Leyten,Words of Radiance,98,1,chapter_78,Shallan
Gavilar,Navani,Words of Radiance,98,1,chapter_78,Shallan
Gavilar,Pattern,Words of Radiance,98,1,chapter_78,Shallan
Gavilar,Shallan,Words of Radiance,98,1,chapter_78,Shallan
Gavilar,Skar,Words of Radiance,98,1,chapter_78,Shallan
Gavilar,Teleb,Words of Radiance,98,1,chapter_78,Shallan
Gavilar,Vathah,Words of Radiance,98,1,chapter_78,Shallan
Jasnah,Kaladin,Words of Radiance,98,1,chapter_78,Shallan
Jasnah,Leyten,Words of Radiance,98,1,chapter_78,Shallan
Jasnah,Navani,Words of Radiance,98,1,chapter_78,Shallan
Jasnah,Pattern,Words of Radiance,98,1,chapter_78,Shallan
Jasnah,Shallan,Words of Radiance,98,1,chapter_78,Shallan
Jasnah,Skar,Words of Radiance,98,1,chapter_78,Shallan
Jasnah,Teleb,Words of Radiance,98,1,chapter_78,Shallan
Jasnah,Vathah,Words of Radiance,98,1,chapter_78,Shallan
Kaladin,Leyten,Words of Radiance,98,1,chapter_78,Shallan
Kaladin,Navani,Words of Radiance,98,1,chapter_78,Shallan
Kaladin,Pattern,Words of Radiance,98,1,chapter_78,Shallan
Kaladin,Shallan,Words of Radiance,98,1,chapter_78,Shallan
Kaladin,Skar,Words of Radiance,98,1,chapter_78,Shallan
Kaladin,Teleb,Words of Radiance,98,1,chapter_78,Shallan
Kaladin,Vathah,Words of Radiance,98,1,chapter_78,Shallan
Leyten,Navani,Words of Radiance,98,1,chapter_78,Shallan
Leyten,Pattern,Words of Radiance,98,1,chapter_78,Shallan
Leyten,Shallan,Words of Radiance,98,1,chapter_78,Shallan
Leyten,Skar,Words of Radiance,98,1,chapter_78,Shallan
Leyten,Teleb,Words of Radiance,98,1,chapter_78,Shallan
Leyten,Vathah,Words of Radiance,98,1,chapter_78,Shallan
Navani,Pattern,Words of Radiance,98,1,chapter_78,Shallan
Navani,Shallan,Words of Radiance,98,1,chapter_78,Shallan
Navani,Skar,Words of Radiance,98,1,chapter_78,Shallan
Navani,Teleb,Words of Radiance,98,1,chapter_78,Shallan
Navani,Vathah,Words of Radiance,98,1,chapter_78,Shallan
Pattern,Shallan,Words of Radiance,98,1,chapter_78,Shallan
Pattern,Skar,Words of Radiance,98,1,chapter_78,Shallan
Pattern,Teleb,Words of Radiance,98,1,chapter_78,Shallan
Pattern,Vathah,Words of Radiance,98,1,chapter_78,Shallan
Shallan,Skar,Words of Radiance,98,1,chapter_78,Shallan
Shallan,Teleb,Words of Radiance,98,1,chapter_78,Shallan
Shallan,Vathah,Words of Radiance,98,1,chapter_78,Shallan
Skar,Teleb,Words of Radiance,98,1,chapter_78,Shallan
Skar,Vathah,Words of Radiance,98,1,chapter_78,Shallan
Teleb,Vathah,Words of Radiance,98,1,chapter_78,Shallan
Adolin,Aladar,Words of Radiance,99,1,chapter_79,Dalinar
Adolin,Dalinar,Words of Radiance,99,1,chapter_79,Dalinar
Adolin,Eshonai,Words of Radiance,99,1,chapter_79,Dalinar
Adolin,Khal,Words of Radiance,99,1,chapter_79,Dalinar
Adolin,Navani,Words of Radiance,99,1,chapter_79,Dalinar
Adolin,Renarin,Words of Radiance,99,1,chapter_79,Dalinar
Adolin,Rock,Words of Radiance,99,1,chapter_79,Dalinar
Adolin,Roion,Words of Radiance,99,1,chapter_79,Dalinar
Adolin,Shallan,Words of Radiance,99,1,chapter_79,Dalinar
Adolin,Skar,Words of Radiance,99,1,chapter_79,Dalinar
Adolin,Teleb,Words of Radiance,99,1,chapter_79,Dalinar
Aladar,Dalinar,Words of Radiance,99,1,chapter_79,Dalinar
Aladar,Eshonai,Words of Radiance,99,1,chapter_79,Dalinar
Aladar,Khal,Words of Radiance,99,1,chapter_79,Dalinar
Aladar,Navani,Words of Radiance,99,1,chapter_79,Dalinar
Aladar,Renarin,Words of Radiance,99,1,chapter_79,Dalinar
Aladar,Rock,Words of Radiance,99,1,chapter_79,Dalinar
Aladar,Roion,Words of Radiance,99,1,chapter_79,Dalinar
Aladar,Shallan,Words of Radiance,99,1,chapter_79,Dalinar
Aladar,Skar,Words of Radiance,99,1,chapter_79,Dalinar
Aladar,Teleb,Words of Radiance,99,1,chapter_79,Dalinar
Dalinar,Eshonai,Words of Radiance,99,1,chapter_79,Dalinar
Dalinar,Khal,Words of Radiance,99,1,chapter_79,Dalinar
Dalinar,Navani,Words of Radiance,99,1,chapter_79,Dalinar
Dalinar,Renarin,Words of Radiance,99,1,chapter_79,Dalinar
Dalinar,Rock,Words of Radiance,99,1,chapter_79,Dalinar
Dalinar,Roion,Words of Radiance,99,1,chapter_79,Dalinar
Dalinar,Shallan,Words of Radiance,99,1,chapter_79,Dalinar
Dalinar,Skar,Words of Radiance,99,1,chapter_79,Dalinar
Dalinar,Teleb,Words of Radiance,99,1,chapter_79,Dalinar
Eshonai,Khal,Words of Radiance,99,1,chapter_79,Dalinar
Eshonai,Navani,Words of Radiance,99,1,chapter_79,Dalinar
Eshonai,Renarin,Words of Radiance,99,1,chapter_79,Dalinar
Eshonai,Rock,Words of Radiance,99,1,chapter_79,Dalinar
Eshonai,Roion,Words of Radiance,99,1,chapter_79,Dalinar
Eshonai,Shallan,Words of Radiance,99,1,chapter_79,Dalinar
Eshonai,Skar,Words of Radiance,99,1,chapter_79,Dalinar
Eshonai,Teleb,Words of Radiance,99,1,chapter_79,Dalinar
Khal,Navani,Words of Radiance,99,1,chapter_79,Dalinar
Khal,Renarin,Words of Radiance,99,1,chapter_79,Dalinar
Khal,Rock,Words of Radiance,99,1,chapter_79,Dalinar
Khal,Roion,Words of Radiance,99,1,chapter_79,Dalinar
Khal,Shallan,Words of Radiance,99,1,chapter_79,Dalinar
Khal,Skar,Words of Radiance,99,1,chapter_79,Dalinar
Khal,Teleb,Words of Radiance,99,1,chapter_79,Dalinar
Navani,Renarin,Words of Radiance,99,1,chapter_79,Dalinar
Navani,Rock,Words of Radiance,99,1,chapter_79,Dalinar
Navani,Roion,Words of Radiance,99,1,chapter_79,Dalinar
Navani,Shallan,Words of Radiance,99,1,chapter_79,Dalinar
Navani,Skar,Words of Radiance,99,1,chapter_79,Dalinar
Navani,Teleb,Words of Radiance,99,1,chapter_79,Dalinar
Renarin,Rock,Words of Radiance,99,1,chapter_79,Dalinar
Renarin,Roion,Words of Radiance,99,1,chapter_79,Dalinar
Renarin,Shallan,Words of Radiance,99,1,chapter_79,Dalinar
Renarin,Skar,Words of Radiance,99,1,chapter_79,Dalinar
Renarin,Teleb,Words of Radiance,99,1,chapter_79,Dalinar
Rock,Roion,Words of Radiance,99,1,chapter_79,Dalinar
Rock,Shallan,Words of Radiance,99,1,chapter_79,Dalinar
Rock,Skar,Words of Radiance,99,1,chapter_79,Dalinar
Rock,Teleb,Words of Radiance,99,1,chapter_79,Dalinar
Roion,Shallan,Words of Radiance,99,1,chapter_79,Dalinar
Roion,Skar,Words of Radiance,99,1,chapter_79,Dalinar
Roion,Teleb,Words of Radiance,99,1,chapter_79,Dalinar
Shallan,Skar,Words of Radiance,99,1,chapter_79,Dalinar
Shallan,Teleb,Words of Radiance,99,1,chapter_79,Dalinar
Skar,Teleb,Words of Radiance,99,1,chapter_79,Dalinar
Adolin,Aladar,Words of Radiance,100,1,chapter_80,Kaladin
Adolin,Dalinar,Words of Radiance,100,1,chapter_80,Kaladin
Adolin,Gaz,Words of Radiance,100,1,chapter_80,Kaladin
Adolin,Jasnah,Words of Radiance,100,1,chapter_80,Kaladin
Adolin,Khal,Words of Radiance,100,1,chapter_80,Kaladin
Adolin,Navani,Words of Radiance,100,1,chapter_80,Kaladin
Adolin,Roion,Words of Radiance,100,1,chapter_80,Kaladin
Adolin,Sebarial,Words of Radiance,100,1,chapter_80,Kaladin
Adolin,Shallan,Words of Radiance,100,1,chapter_80,Kaladin
Adolin,Vathah,Words of Radiance,100,1,chapter_80,Kaladin
Aladar,Dalinar,Words of Radiance,100,1,chapter_80,Kaladin
Aladar,Gaz,Words of Radiance,100,1,chapter_80,Kaladin
Aladar,Jasnah,Words of Radiance,100,1,chapter_80,Kaladin
Aladar,Khal,Words of Radiance,100,1,chapter_80,Kaladin
Aladar,Navani,Words of Radiance,100,1,chapter_80,Kaladin
Aladar,Roion,Words of Radiance,100,1,chapter_80,Kaladin
Aladar,Sebarial,Words of Radiance,100,1,chapter_80,Kaladin
Aladar,Shallan,Words of Radiance,100,1,chapter_80,Kaladin
Aladar,Vathah,Words of Radiance,100,1,chapter_80,Kaladin
Dalinar,Gaz,Words of Radiance,100,1,chapter_80,Kaladin
Dalinar,Jasnah,Words of Radiance,100,1,chapter_80,Kaladin
Dalinar,Khal,Words of Radiance,100,1,chapter_80,Kaladin
Dalinar,Navani,Words of Radiance,100,1,chapter_80,Kaladin
Dalinar,Roion,Words of Radiance,100,1,chapter_80,Kaladin
Dalinar,Sebarial,Words of Radiance,100,1,chapter_80,Kaladin
Dalinar,Shallan,Words of Radiance,100,1,chapter_80,Kaladin
Dalinar,Vathah,Words of Radiance,100,1,chapter_80,Kaladin
Gaz,Jasnah,Words of Radiance,100,1,chapter_80,Kaladin
Gaz,Khal,Words of Radiance,100,1,chapter_80,Kaladin
Gaz,Navani,Words of Radiance,100,1,chapter_80,Kaladin
Gaz,Roion,Words of Radiance,100,1,chapter_80,Kaladin
Gaz,Sebarial,Words of Radiance,100,1,chapter_80,Kaladin
Gaz,Shallan,Words of Radiance,100,1,chapter_80,Kaladin
Gaz,Vathah,Words of Radiance,100,1,chapter_80,Kaladin
Jasnah,Khal,Words of Radiance,100,1,chapter_80,Kaladin
Jasnah,Navani,Words of Radiance,100,1,chapter_80,Kaladin
Jasnah,Roion,Words of Radiance,100,1,chapter_80,Kaladin
Jasnah,Sebarial,Words of Radiance,100,1,chapter_80,Kaladin
Jasnah,Shallan,Words of Radiance,100,1,chapter_80,Kaladin
Jasnah,Vathah,Words of Radiance,100,1,chapter_80,Kaladin
Khal,Navani,Words of Radiance,100,1,chapter_80,Kaladin
Khal,Roion,Words of Radiance,100,1,chapter_80,Kaladin
Khal,Sebarial,Words of Radiance,100,1,chapter_80,Kaladin
Khal,Shallan,Words of Radiance,100,1,chapter_80,Kaladin
Khal,Vathah,Words of Radiance,100,1,chapter_80,Kaladin
Navani,Roion,Words of Radiance,100,1,chapter_80,Kaladin
Navani,Sebarial,Words of Radiance,100,1,chapter_80,Kaladin
Navani,Shallan,Words of Radiance,100,1,chapter_80,Kaladin
Navani,Vathah,Words of Radiance,100,1,chapter_80,Kaladin
Roion,Sebarial,Words of Radiance,100,1,chapter_80,Kaladin
Roion,Shallan,Words of Radiance,100,1,chapter_80,Kaladin
Roion,Vathah,Words of Radiance,100,1,chapter_80,Kaladin
Sebarial,Shallan,Words of Radiance,100,1,chapter_80,Kaladin
Sebarial,Vathah,Words of Radiance,100,1,chapter_80,Kaladin
Shallan,Vathah,Words of Radiance,100,1,chapter_80,Kaladin
Adolin,Amaram,Words of Radiance,100,2,chapter_80,Kaladin
Adolin,Dalinar,Words of Radiance,100,2,chapter_80,Kaladin
Adolin,Elhokar,Words of Radiance,100,2,chapter_80,Kaladin
Adolin,Gavilar,Words of Radiance,100,2,chapter_80,Kaladin
Adolin,Kaladin,Words of Radiance,100,2,chapter_80,Kaladin
Adolin,Lopen,Words of Radiance,100,2,chapter_80,Kaladin
Adolin,Moash,Words of Radiance,100,2,chapter_80,Kaladin
Adolin,Renarin,Words of Radiance,100,2,chapter_80,Kaladin
Adolin,Rock,Words of Radiance,100,2,chapter_80,Kaladin
Adolin,Sadeas,Words of Radiance,100,2,chapter_80,Kaladin
Adolin,Shallan,Words of Radiance,100,2,chapter_80,Kaladin
Adolin,Syl,Words of Radiance,100,2,chapter_80,Kaladin
Adolin,Teft,Words of Radiance,100,2,chapter_80,Kaladin
Adolin,Tien,Words of Radiance,100,2,chapter_80,Kaladin
Amaram,Dalinar,Words of Radiance,100,2,chapter_80,Kaladin
Amaram,Elhokar,Words of Radiance,100,2,chapter_80,Kaladin
Amaram,Gavilar,Words of Radiance,100,2,chapter_80,Kaladin
Amaram,Kaladin,Words of Radiance,100,2,chapter_80,Kaladin
Amaram,Lopen,Words of Radiance,100,2,chapter_80,Kaladin
Amaram,Moash,Words of Radiance,100,2,chapter_80,Kaladin
Amaram,Renarin,Words of Radiance,100,2,chapter_80,Kaladin
Amaram,Rock,Words of Radiance,100,2,chapter_80,Kaladin
Amaram,Sadeas,Words of Radiance,100,2,chapter_80,Kaladin
Amaram,Shallan,Words of Radiance,100,2,chapter_80,Kaladin
Amaram,Syl,Words of Radiance,100,2,chapter_80,Kaladin
Amaram,Teft,Words of Radiance,100,2,chapter_80,Kaladin
Amaram,Tien,Words of Radiance,100,2,chapter_80,Kaladin
Dalinar,Elhokar,Words of Radiance,100,2,chapter_80,Kaladin
Dalinar,Gavilar,Words of Radiance,100,2,chapter_80,Kaladin
Dalinar,Kaladin,Words of Radiance,100,2,chapter_80,Kaladin
Dalinar,Lopen,Words of Radiance,100,2,chapter_80,Kaladin
Dalinar,Moash,Words of Radiance,100,2,chapter_80,Kaladin
Dalinar,Renarin,Words of Radiance,100,2,chapter_80,Kaladin
Dalinar,Rock,Words of Radiance,100,2,chapter_80,Kaladin
Dalinar,Sadeas,Words of Radiance,100,2,chapter_80,Kaladin
Dalinar,Shallan,Words of Radiance,100,2,chapter_80,Kaladin
Dalinar,Syl,Words of Radiance,100,2,chapter_80,Kaladin
Dalinar,Teft,Words of Radiance,100,2,chapter_80,Kaladin
Dalinar,Tien,Words of Radiance,100,2,chapter_80,Kaladin
Elhokar,Gavilar,Words of Radiance,100,2,chapter_80,Kaladin
Elhokar,Kaladin,Words of Radiance,100,2,chapter_80,Kaladin
Elhokar,Lopen,Words of Radiance,100,2,chapter_80,Kaladin
Elhokar,Moash,Words of Radiance,100,2,chapter_80,Kaladin
Elhokar,Renarin,Words of Radiance,100,2,chapter_80,Kaladin
Elhokar,Rock,Words of Radiance,100,2,chapter_80,Kaladin
Elhokar,Sadeas,Words of Radiance,100,2,chapter_80,Kaladin
Elhokar,Shallan,Words of Radiance,100,2,chapter_80,Kaladin
Elhokar,Syl,Words of Radiance,100,2,chapter_80,Kaladin
Elhokar,Teft,Words of Radiance,100,2,chapter_80,Kaladin
Elhokar,Tien,Words of Radiance,100,2,chapter_80,Kaladin
Gavilar,Kaladin,Words of Radiance,100,2,chapter_80,Kaladin
Gavilar,Lopen,Words of Radiance,100,2,chapter_80,Kaladin
Gavilar,Moash,Words of Radiance,100,2,chapter_80,Kaladin
Gavilar,Renarin,Words of Radiance,100,2,chapter_80,Kaladin
Gavilar,Rock,Words of Radiance,100,2,chapter_80,Kaladin
Gavilar,Sadeas,Words of Radiance,100,2,chapter_80,Kaladin
Gavilar,Shallan,Words of Radiance,100,2,chapter_80,Kaladin
Gavilar,Syl,Words of Radiance,100,2,chapter_80,Kaladin
Gavilar,Teft,Words of Radiance,100,2,chapter_80,Kaladin
Gavilar,Tien,Words of Radiance,100,2,chapter_80,Kaladin
Kaladin,Lopen,Words of Radiance,100,2,chapter_80,Kaladin
Kaladin,Moash,Words of Radiance,100,2,chapter_80,Kaladin
Kaladin,Renarin,Words of Radiance,100,2,chapter_80,Kaladin
Kaladin,Rock,Words of Radiance,100,2,chapter_80,Kaladin
Kaladin,Sadeas,Words of Radiance,100,2,chapter_80,Kaladin
Kaladin,Shallan,Words of Radiance,100,2,chapter_80,Kaladin
Kaladin,Syl,Words of Radiance,100,2,chapter_80,Kaladin
Kaladin,Teft,Words of Radiance,100,2,chapter_80,Kaladin
Kaladin,Tien,Words of Radiance,100,2,chapter_80,Kaladin
Lopen,Moash,Words of Radiance,100,2,chapter_80,Kaladin
Lopen,Renarin,Words of Radiance,100,2,chapter_80,Kaladin
Lopen,Rock,Words of Radiance,100,2,chapter_80,Kaladin
Lopen,Sadeas,Words of Radiance,100,2,chapter_80,Kaladin
Lopen,Shallan,Words of Radiance,100,2,chapter_80,Kaladin
Lopen,Syl,Words of Radiance,100,2,chapter_80,Kaladin
Lopen,Teft,Words of Radiance,100,2,chapter_80,Kaladin
Lopen,Tien,Words of Radiance,100,2,chapter_80,Kaladin
Moash,Renarin,Words of Radiance,100,2,chapter_80,Kaladin
Moash,Rock,Words of Radiance,100,2,chapter_80,Kaladin
Moash,Sadeas,Words of Radiance,100,2,chapter_80,Kaladin
Moash,Shallan,Words of Radiance,100,2,chapter_80,Kaladin
Moash,Syl,Words of Radiance,100,2,chapter_80,Kaladin
Moash,Teft,Words of Radiance,100,2,chapter_80,Kaladin
Moash,Tien,Words of Radiance,100,2,chapter_80,Kaladin
Renarin,Rock,Words of Radiance,100,2,chapter_80,Kaladin
Renarin,Sadeas,Words of Radiance,100,2,chapter_80,Kaladin
Renarin,Shallan,Words of Radiance,100,2,chapter_80,Kaladin
Renarin,Syl,Words of Radiance,100,2,chapter_80,Kaladin
Renarin,Teft,Words of Radiance,100,2,chapter_80,Kaladin
Renarin,Tien,Words of Radiance,100,2,chapter_80,Kaladin
Rock,Sadeas,Words of Radiance,100,2,chapter_80,Kaladin
Rock,Shallan,Words of Radiance,100,2,chapter_80,Kaladin
Rock,Syl,Words of Radiance,100,2,chapter_80,Kaladin
Rock,Teft,Words of Radiance,100,2,chapter_80,Kaladin
Rock,Tien,Words of Radiance,100,2,chapter_80,Kaladin
Sadeas,Shallan,Words of Radiance,100,2,chapter_80,Kaladin
Sadeas,Syl,Words of Radiance,100,2,chapter_80,Kaladin
Sadeas,Teft,Words of Radiance,100,2,chapter_80,Kaladin
Sadeas,Tien,Words of Radiance,100,2,chapter_80,Kaladin
Shallan,Syl,Words of Radiance,100,2,chapter_80,Kaladin
Shallan,Teft,Words of Radiance,100,2,chapter_80,Kaladin
Shallan,Tien,Words of Radiance,100,2,chapter_80,Kaladin
Syl,Teft,Words of Radiance,100,2,chapter_80,Kaladin
Syl,Tien,Words of Radiance,100,2,chapter_80,Kaladin
Teft,Tien,Words of Radiance,100,2,chapter_80,Kaladin
Adolin,Aladar,Words of Radiance,101,1,chapter_81,Dalinar
Adolin,Dalinar,Words of Radiance,101,1,chapter_81,Dalinar
Adolin,Khal,Words of Radiance,101,1,chapter_81,Dalinar
Adolin,Navani,Words of Radiance,101,1,chapter_81,Dalinar
Adolin,Rock,Words of Radiance,101,1,chapter_81,Dalinar
Adolin,Roion,Words of Radiance,101,1,chapter_81,Dalinar
Adolin,Sadeas,Words of Radiance,101,1,chapter_81,Dalinar
Adolin,Sebarial,Words of Radiance,101,1,chapter_81,Dalinar
Adolin,Shallan,Words of Radiance,101,1,chapter_81,Dalinar
Adolin,Talenel,Words of Radiance,101,1,chapter_81,Dalinar
Adolin,Teleb,Words of Radiance,101,1,chapter_81,Dalinar
Aladar,Dalinar,Words of Radiance,101,1,chapter_81,Dalinar
Aladar,Khal,Words of Radiance,101,1,chapter_81,Dalinar
Aladar,Navani,Words of Radiance,101,1,chapter_81,Dalinar
Aladar,Rock,Words of Radiance,101,1,chapter_81,Dalinar
Aladar,Roion,Words of Radiance,101,1,chapter_81,Dalinar
Aladar,Sadeas,Words of Radiance,101,1,chapter_81,Dalinar
Aladar,Sebarial,Words of Radiance,101,1,chapter_81,Dalinar
Aladar,Shallan,Words of Radiance,101,1,chapter_81,Dalinar
Aladar,Talenel,Words of Radiance,101,1,chapter_81,Dalinar
Aladar,Teleb,Words of Radiance,101,1,chapter_81,Dalinar
Dalinar,Khal,Words of Radiance,101,1,chapter_81,Dalinar
Dalinar,Navani,Words of Radiance,101,1,chapter_81,Dalinar
Dalinar,Rock,Words of Radiance,101,1,chapter_81,Dalinar
Dalinar,Roion,Words of Radiance,101,1,chapter_81,Dalinar
Dalinar,Sadeas,Words of Radiance,101,1,chapter_81,Dalinar
Dalinar,Sebarial,Words of Radiance,101,1,chapter_81,Dalinar
Dalinar,Shallan,Words of Radiance,101,1,chapter_81,Dalinar
Dalinar,Talenel,Words of Radiance,101,1,chapter_81,Dalinar
Dalinar,Teleb,Words of Radiance,101,1,chapter_81,Dalinar
Khal,Navani,Words of Radiance,101,1,chapter_81,Dalinar
Khal,Rock,Words of Radiance,101,1,chapter_81,Dalinar
Khal,Roion,Words of Radiance,101,1,chapter_81,Dalinar
Khal,Sadeas,Words of Radiance,101,1,chapter_81,Dalinar
Khal,Sebarial,Words of Radiance,101,1,chapter_81,Dalinar
Khal,Shallan,Words of Radiance,101,1,chapter_81,Dalinar
Khal,Talenel,Words of Radiance,101,1,chapter_81,Dalinar
Khal,Teleb,Words of Radiance,101,1,chapter_81,Dalinar
Navani,Rock,Words of Radiance,101,1,chapter_81,Dalinar
Navani,Roion,Words of Radiance,101,1,chapter_81,Dalinar
Navani,Sadeas,Words of Radiance,101,1,chapter_81,Dalinar
Navani,Sebarial,Words of Radiance,101,1,chapter_81,Dalinar
Navani,Shallan,Words of Radiance,101,1,chapter_81,Dalinar
Navani,Talenel,Words of Radiance,101,1,chapter_81,Dalinar
Navani,Teleb,Words of Radiance,101,1,chapter_81,Dalinar
Rock,Roion,Words of Radiance,101,1,chapter_81,Dalinar
Rock,Sadeas,Words of Radiance,101,1,chapter_81,Dalinar
Rock,Sebarial,Words of Radiance,101,1,chapter_81,Dalinar
Rock,Shallan,Words of Radiance,101,1,chapter_81,Dalinar
Rock,Talenel,Words of Radiance,101,1,chapter_81,Dalinar
Rock,Teleb,Words of Radiance,101,1,chapter_81,Dalinar
Roion,Sadeas,Words of Radiance,101,1,chapter_81,Dalinar
Roion,Sebarial,Words of Radiance,101,1,chapter_81,Dalinar
Roion,Shallan,Words of Radiance,101,1,chapter_81,Dalinar
Roion,Talenel,Words of Radiance,101,1,chapter_81,Dalinar
Roion,Teleb,Words of Radiance,101,1,chapter_81,Dalinar
Sadeas,Sebarial,Words of Radiance,101,1,chapter_81,Dalinar
Sadeas,Shallan,Words of Radiance,101,1,chapter_81,Dalinar
Sadeas,Talenel,Words of Radiance,101,1,chapter_81,Dalinar
Sadeas,Teleb,Words of Radiance,101,1,chapter_81,Dalinar
Sebarial,Shallan,Words of Radiance,101,1,chapter_81,Dalinar
Sebarial,Talenel,Words of Radiance,101,1,chapter_81,Dalinar
Sebarial,Teleb,Words of Radiance,101,1,chapter_81,Dalinar
Shallan,Talenel,Words of Radiance,101,1,chapter_81,Dalinar
Shallan,Teleb,Words of Radiance,101,1,chapter_81,Dalinar
Talenel,Teleb,Words of Radiance,101,1,chapter_81,Dalinar
Adolin,Dalinar,Words of Radiance,101,2,chapter_81,Dalinar
Adolin,Kaladin,Words of Radiance,101,2,chapter_81,Dalinar
Adolin,Renarin,Words of Radiance,101,2,chapter_81,Dalinar
Adolin,Tien,Words of Radiance,101,2,chapter_81,Dalinar
Adolin,Wit,Words of Radiance,101,2,chapter_81,Dalinar
Adolin,Zahel,Words of Radiance,101,2,chapter_81,Dalinar
Dalinar,Kaladin,Words of Radiance,101,2,chapter_81,Dalinar
Dalinar,Renarin,Words of Radiance,101,2,chapter_81,Dalinar
Dalinar,Tien,Words of Radiance,101,2,chapter_81,Dalinar
Dalinar,Wit,Words of Radiance,101,2,chapter_81,Dalinar
Dalinar,Zahel,Words of Radiance,101,2,chapter_81,Dalinar
Kaladin,Renarin,Words of Radiance,101,2,chapter_81,Dalinar
Kaladin,Tien,Words of Radiance,101,2,chapter_81,Dalinar
Kaladin,Wit,Words of Radiance,101,2,chapter_81,Dalinar
Kaladin,Zahel,Words of Radiance,101,2,chapter_81,Dalinar
Renarin,Tien,Words of Radiance,101,2,chapter_81,Dalinar
Renarin,Wit,Words of Radiance,101,2,chapter_81,Dalinar
Renarin,Zahel,Words of Radiance,101,2,chapter_81,Dalinar
Tien,Wit,Words of Radiance,101,2,chapter_81,Dalinar
Tien,Zahel,Words of Radiance,101,2,chapter_81,Dalinar
Wit,Zahel,Words of Radiance,101,2,chapter_81,Dalinar
Adolin,Drehy,Words of Radiance,101,3,chapter_81,Dalinar
Adolin,Skar,Words of Radiance,101,3,chapter_81,Dalinar
Drehy,Skar,Words of Radiance,101,3,chapter_81,Dalinar
Dalinar,Jasnah,Words of Radiance,101,4,chapter_81,Dalinar
Dalinar,Lyn,Words of Radiance,101,4,chapter_81,Dalinar
Dalinar,Pattern,Words of Radiance,101,4,chapter_81,Dalinar
Dalinar,Renarin,Words of Radiance,101,4,chapter_81,Dalinar
Dalinar,Shallan,Words of Radiance,101,4,chapter_81,Dalinar
Jasnah,Lyn,Words of Radiance,101,4,chapter_81,Dalinar
Jasnah,Pattern,Words of Radiance,101,4,chapter_81,Dalinar
Jasnah,Renarin,Words of Radiance,101,4,chapter_81,Dalinar
Jasnah,Shallan,Words of Radiance,101,4,chapter_81,Dalinar
Lyn,Pattern,Words of Radiance,101,4,chapter_81,Dalinar
Lyn,Renarin,Words of Radiance,101,4,chapter_81,Dalinar
Lyn,Shallan,Words of Radiance,101,4,chapter_81,Dalinar
Pattern,Renarin,Words of Radiance,101,4,chapter_81,Dalinar
Pattern,Shallan,Words of Radiance,101,4,chapter_81,Dalinar
Renarin,Shallan,Words of Radiance,101,4,chapter_81,Dalinar
Adolin,Aladar,Words of Radiance,101,5,chapter_81,Dalinar
Adolin,Dalinar,Words of Radiance,101,5,chapter_81,Dalinar
Adolin,Kalak,Words of Radiance,101,5,chapter_81,Dalinar
Adolin,Khal,Words of Radiance,101,5,chapter_81,Dalinar
Adolin,Navani,Words of Radiance,101,5,chapter_81,Dalinar
Adolin,Renarin,Words of Radiance,101,5,chapter_81,Dalinar
Adolin,Roion,Words of Radiance,101,5,chapter_81,Dalinar
Adolin,Sebarial,Words of Radiance,101,5,chapter_81,Dalinar
Adolin,Shallan,Words of Radiance,101,5,chapter_81,Dalinar
Adolin,Teleb,Words of Radiance,101,5,chapter_81,Dalinar
Aladar,Dalinar,Words of Radiance,101,5,chapter_81,Dalinar
Aladar,Kalak,Words of Radiance,101,5,chapter_81,Dalinar
Aladar,Khal,Words of Radiance,101,5,chapter_81,Dalinar
Aladar,Navani,Words of Radiance,101,5,chapter_81,Dalinar
Aladar,Renarin,Words of Radiance,101,5,chapter_81,Dalinar
Aladar,Roion,Words of Radiance,101,5,chapter_81,Dalinar
Aladar,Sebarial,Words of Radiance,101,5,chapter_81,Dalinar
Aladar,Shallan,Words of Radiance,101,5,chapter_81,Dalinar
Aladar,Teleb,Words of Radiance,101,5,chapter_81,Dalinar
Dalinar,Kalak,Words of Radiance,101,5,chapter_81,Dalinar
Dalinar,Khal,Words of Radiance,101,5,chapter_81,Dalinar
Dalinar,Navani,Words of Radiance,101,5,chapter_81,Dalinar
Dalinar,Renarin,Words of Radiance,101,5,chapter_81,Dalinar
Dalinar,Roion,Words of Radiance,101,5,chapter_81,Dalinar
Dalinar,Sebarial,Words of Radiance,101,5,chapter_81,Dalinar
Dalinar,Shallan,Words of Radiance,101,5,chapter_81,Dalinar
Dalinar,Teleb,Words of Radiance,101,5,chapter_81,Dalinar
Kalak,Khal,Words of Radiance,101,5,chapter_81,Dalinar
Kalak,Navani,Words of Radiance,101,5,chapter_81,Dalinar
Kalak,Renarin,Words of Radiance,101,5,chapter_81,Dalinar
Kalak,Roion,Words of Radiance,101,5,chapter_81,Dalinar
Kalak,Sebarial,Words of Radiance,101,5,chapter_81,Dalinar
Kalak,Shallan,Words of Radiance,101,5,chapter_81,Dalinar
Kalak,Teleb,Words of Radiance,101,5,chapter_81,Dalinar
Khal,Navani,Words of Radiance,101,5,chapter_81,Dalinar
Khal,Renarin,Words of Radiance,101,5,chapter_81,Dalinar
Khal,Roion,Words of Radiance,101,5,chapter_81,Dalinar
Khal,Sebarial,Words of Radiance,101,5,chapter_81,Dalinar
Khal,Shallan,Words of Radiance,101,5,chapter_81,Dalinar
Khal,Teleb,Words of Radiance,101,5,chapter_81,Dalinar
Navani,Renarin,Words of Radiance,101,5,chapter_81,Dalinar
Navani,Roion,Words of Radiance,101,5,chapter_81,Dalinar
Navani,Sebarial,Words of Radiance,101,5,chapter_81,Dalinar
Navani,Shallan,Words of Radiance,101,5,chapter_81,Dalinar
Navani,Teleb,Words of Radiance,101,5,chapter_81,Dalinar
Renarin,Roion,Words of Radiance,101,5,chapter_81,Dalinar
Renarin,Sebarial,Words of Radiance,101,5,chapter_81,Dalinar
Renarin,Shallan,Words of Radiance,101,5,chapter_81,Dalinar
Renarin,Teleb,Words of Radiance,101,5,chapter_81,Dalinar
Roion,Sebarial,Words of Radiance,101,5,chapter_81,Dalinar
Roion,Shallan,Words of Radiance,101,5,chapter_81,Dalinar
Roion,Teleb,Words of Radiance,101,5,chapter_81,Dalinar
Sebarial,Shallan,Words of Radiance,101,5,chapter_81,Dalinar
Sebarial,Teleb,Words of Radiance,101,5,chapter_81,Dalinar
Shallan,Teleb,Words of Radiance,101,5,chapter_81,Dalinar
Dalinar,Elhokar,Words of Radiance,102,1,chapter_82,Kaladin
Dalinar,Kaladin,Words of Radiance,102,1,chapter_82,Kaladin
Dalinar,Moash,Words of Radiance,102,1,chapter_82,Kaladin
Dalinar,Tien,Words of Radiance,102,1,chapter_82,Kaladin
Elhokar,Kaladin,Words of Radiance,102,1,chapter_82,Kaladin
Elhokar,Moash,Words of Radiance,102,1,chapter_82,Kaladin
Elhokar,Tien,Words of Radiance,102,1,chapter_82,Kaladin
Kaladin,Moash,Words of Radiance,102,1,chapter_82,Kaladin
Kaladin,Tien,Words of Radiance,102,1,chapter_82,Kaladin
Moash,Tien,Words of Radiance,102,1,chapter_82,Kaladin
Adolin,Drehy,Words of Radiance,102,2,chapter_82,Kaladin
Adolin,Navani,Words of Radiance,102,2,chapter_82,Kaladin
Adolin,Shallan,Words of Radiance,102,2,chapter_82,Kaladin
Adolin,Skar,Words of Radiance,102,2,chapter_82,Kaladin
Adolin,Zahel,Words of Radiance,102,2,chapter_82,Kaladin
Drehy,Navani,Words of Radiance,102,2,chapter_82,Kaladin
Drehy,Shallan,Words of Radiance,102,2,chapter_82,Kaladin
Drehy,Skar,Words of Radiance,102,2,chapter_82,Kaladin
Drehy,Zahel,Words of Radiance,102,2,chapter_82,Kaladin
Navani,Shallan,Words of Radiance,102,2,chapter_82,Kaladin
Navani,Skar,Words of Radiance,102,2,chapter_82,Kaladin
Navani,Zahel,Words of Radiance,102,2,chapter_82,Kaladin
Shallan,Skar,Words of Radiance,102,2,chapter_82,Kaladin
Shallan,Zahel,Words of Radiance,102,2,chapter_82,Kaladin
Skar,Zahel,Words of Radiance,102,2,chapter_82,Kaladin
Adolin,Aladar,Words of Radiance,102,3,chapter_82,Kaladin
Adolin,Dalinar,Words of Radiance,102,3,chapter_82,Kaladin
Adolin,Khal,Words of Radiance,102,3,chapter_82,Kaladin
Adolin,Navani,Words of Radiance,102,3,chapter_82,Kaladin
Adolin,Roion,Words of Radiance,102,3,chapter_82,Kaladin
Adolin,Teleb,Words of Radiance,102,3,chapter_82,Kaladin
Aladar,Dalinar,Words of Radiance,102,3,chapter_82,Kaladin
Aladar,Khal,Words of Radiance,102,3,chapter_82,Kaladin
Aladar,Navani,Words of Radiance,102,3,chapter_82,Kaladin
Aladar,Roion,Words of Radiance,102,3,chapter_82,Kaladin
Aladar,Teleb,Words of Radiance,102,3,chapter_82,Kaladin
Dalinar,Khal,Words of Radiance,102,3,chapter_82,Kaladin
Dalinar,Navani,Words of Radiance,102,3,chapter_82,Kaladin
Dalinar,Roion,Words of Radiance,102,3,chapter_82,Kaladin
Dalinar,Teleb,Words of Radiance,102,3,chapter_82,Kaladin
Khal,Navani,Words of Radiance,102,3,chapter_82,Kaladin
Khal,Roion,Words of Radiance,102,3,chapter_82,Kaladin
Khal,Teleb,Words of Radiance,102,3,chapter_82,Kaladin
Navani,Roion,Words of Radiance,102,3,chapter_82,Kaladin
Navani,Teleb,Words of Radiance,102,3,chapter_82,Kaladin
Roion,Teleb,Words of Radiance,102,3,chapter_82,Kaladin
Dalinar,Elhokar,Words of Radiance,102,4,chapter_82,Kaladin
Dalinar,Kaladin,Words of Radiance,102,4,chapter_82,Kaladin
Dalinar,Moash,Words of Radiance,102,4,chapter_82,Kaladin
Elhokar,Kaladin,Words of Radiance,102,4,chapter_82,Kaladin
Elhokar,Moash,Words of Radiance,102,4,chapter_82,Kaladin
Kaladin,Moash,Words of Radiance,102,4,chapter_82,Kaladin
Aladar,Dalinar,Words of Radiance,103,1,chapter_83,Adolin
Aladar,Pattern,Words of Radiance,103,1,chapter_83,Adolin
Aladar,Renarin,Words of Radiance,103,1,chapter_83,Adolin
Aladar,Rock,Words of Radiance,103,1,chapter_83,Adolin
Aladar,Shallan,Words of Radiance,103,1,chapter_83,Adolin
Dalinar,Pattern,Words of Radiance,103,1,chapter_83,Adolin
Dalinar,Renarin,Words of Radiance,103,1,chapter_83,Adolin
Dalinar,Rock,Words of Radiance,103,1,chapter_83,Adolin
Dalinar,Shallan,Words of Radiance,103,1,chapter_83,Adolin
Pattern,Renarin,Words of Radiance,103,1,chapter_83,Adolin
Pattern,Rock,Words of Radiance,103,1,chapter_83,Adolin
Pattern,Shallan,Words of Radiance,103,1,chapter_83,Adolin
Renarin,Rock,Words of Radiance,103,1,chapter_83,Adolin
Renarin,Shallan,Words of Radiance,103,1,chapter_83,Adolin
Rock,Shallan,Words of Radiance,103,1,chapter_83,Adolin
Adolin,Eshonai,Words of Radiance,103,2,chapter_83,Adolin
Adolin,Skar,Words of Radiance,103,2,chapter_83,Adolin
Eshonai,Skar,Words of Radiance,103,2,chapter_83,Adolin
Adolin,Aladar,Words of Radiance,103,3,chapter_83,Adolin
Adolin,Dalinar,Words of Radiance,103,3,chapter_83,Adolin
Adolin,Khal,Words of Radiance,103,3,chapter_83,Adolin
Adolin,Navani,Words of Radiance,103,3,chapter_83,Adolin
Adolin,Roion,Words of Radiance,103,3,chapter_83,Adolin
Adolin,Teleb,Words of Radiance,103,3,chapter_83,Adolin
Aladar,Dalinar,Words of Radiance,103,3,chapter_83,Adolin
Aladar,Khal,Words of Radiance,103,3,chapter_83,Adolin
Aladar,Navani,Words of Radiance,103,3,chapter_83,Adolin
Aladar,Roion,Words of Radiance,103,3,chapter_83,Adolin
Aladar,Teleb,Words of Radiance,103,3,chapter_83,Adolin
Dalinar,Khal,Words of Radiance,103,3,chapter_83,Adolin
Dalinar,Navani,Words of Radiance,103,3,chapter_83,Adolin
Dalinar,Roion,Words of Radiance,103,3,chapter_83,Adolin
Dalinar,Teleb,Words of Radiance,103,3,chapter_83,Adolin
Khal,Navani,Words of Radiance,103,3,chapter_83,Adolin
Khal,Roion,Words of Radiance,103,3,chapter_83,Adolin
Khal,Teleb,Words of Radiance,103,3,chapter_83,Adolin
Navani,Roion,Words of Radiance,103,3,chapter_83,Adolin
Navani,Teleb,Words of Radiance,103,3,chapter_83,Adolin
Roion,Teleb,Words of Radiance,103,3,chapter_83,Adolin
Dalinar,Kaladin,Words of Radiance,103,4,chapter_83,Adolin
Dalinar,Moash,Words of Radiance,103,4,chapter_83,Adolin
Dalinar,Roshone,Words of Radiance,103,4,chapter_83,Adolin
Kaladin,Moash,Words of Radiance,103,4,chapter_83,Adolin
Kaladin,Roshone,Words of Radiance,103,4,chapter_83,Adolin
Moash,Roshone,Words of Radiance,103,4,chapter_83,Adolin
Dalinar,Navani,Words of Radiance,104,1,chapter_84,Kaladin
Dalinar,Pattern,Words of Radiance,104,1,chapter_84,Kaladin
Dalinar,Renarin,Words of Radiance,104,1,chapter_84,Kaladin
Dalinar,Shallan,Words of Radiance,104,1,chapter_84,Kaladin
Navani,Pattern,Words of Radiance,104,1,chapter_84,Kaladin
Navani,Renarin,Words of Radiance,104,1,chapter_84,Kaladin
Navani,Shallan,Words of Radiance,104,1,chapter_84,Kaladin
Pattern,Renarin,Words of Radiance,104,1,chapter_84,Kaladin
Pattern,Shallan,Words of Radiance,104,1,chapter_84,Kaladin
Renarin,Shallan,Words of Radiance,104,1,chapter_84,Kaladin
Adolin,Aladar,Words of Radiance,104,2,chapter_84,Kaladin
Adolin,Drehy,Words of Radiance,104,2,chapter_84,Kaladin
Adolin,Eshonai,Words of Radiance,104,2,chapter_84,Kaladin
Adolin,Roion,Words of Radiance,104,2,chapter_84,Kaladin
Adolin,Shallan,Words of Radiance,104,2,chapter_84,Kaladin
Adolin,Skar,Words of Radiance,104,2,chapter_84,Kaladin
Aladar,Drehy,Words of Radiance,104,2,chapter_84,Kaladin
Aladar,Eshonai,Words of Radiance,104,2,chapter_84,Kaladin
Aladar,Roion,Words of Radiance,104,2,chapter_84,Kaladin
Aladar,Shallan,Words of Radiance,104,2,chapter_84,Kaladin
Aladar,Skar,Words of Radiance,104,2,chapter_84,Kaladin
Drehy,Eshonai,Words of Radiance,104,2,chapter_84,Kaladin
Drehy,Roion,Words of Radiance,104,2,chapter_84,Kaladin
Drehy,Shallan,Words of Radiance,104,2,chapter_84,Kaladin
Drehy,Skar,Words of Radiance,104,2,chapter_84,Kaladin
Eshonai,Roion,Words of Radiance,104,2,chapter_84,Kaladin
Eshonai,Shallan,Words of Radiance,104,2,chapter_84,Kaladin
Eshonai,Skar,Words of Radiance,104,2,chapter_84,Kaladin
Roion,Shallan,Words of Radiance,104,2,chapter_84,Kaladin
Roion,Skar,Words of Radiance,104,2,chapter_84,Kaladin
Shallan,Skar,Words of Radiance,104,2,chapter_84,Kaladin
Dalinar,Elhokar,Words of Radiance,104,3,chapter_84,Kaladin
Dalinar,Kaladin,Words of Radiance,104,3,chapter_84,Kaladin
Dalinar,Moash,Words of Radiance,104,3,chapter_84,Kaladin
Dalinar,Syl,Words of Radiance,104,3,chapter_84,Kaladin
Dalinar,Tien,Words of Radiance,104,3,chapter_84,Kaladin
Elhokar,Kaladin,Words of Radiance,104,3,chapter_84,Kaladin
Elhokar,Moash,Words of Radiance,104,3,chapter_84,Kaladin
Elhokar,Syl,Words of Radiance,104,3,chapter_84,Kaladin
Elhokar,Tien,Words of Radiance,104,3,chapter_84,Kaladin
Kaladin,Moash,Words of Radiance,104,3,chapter_84,Kaladin
Kaladin,Syl,Words of Radiance,104,3,chapter_84,Kaladin
Kaladin,Tien,Words of Radiance,104,3,chapter_84,Kaladin
Moash,Syl,Words of Radiance,104,3,chapter_84,Kaladin
Moash,Tien,Words of Radiance,104,3,chapter_84,Kaladin
Syl,Tien,Words of Radiance,104,3,chapter_84,Kaladin
Adolin,Adrotagia,Words of Radiance,105,1,chapter_85,Dalinar
Adolin,Aladar,Words of Radiance,105,1,chapter_85,Dalinar
Adolin,Dalinar,Words of Radiance,105,1,chapter_85,Dalinar
Adolin,Gavilar,Words of Radiance,105,1,chapter_85,Dalinar
Adolin,Khal,Words of Radiance,105,1,chapter_85,Dalinar
Adolin,Mraize,Words of Radiance,105,1,chapter_85,Dalinar
Adolin,Navani,Words of Radiance,105,1,chapter_85,Dalinar
Adolin,Roion,Words of Radiance,105,1,chapter_85,Dalinar
Adolin,Shallan,Words of Radiance,105,1,chapter_85,Dalinar
Adolin,Szeth,Words of Radiance,105,1,chapter_85,Dalinar
Adrotagia,Aladar,Words of Radiance,105,1,chapter_85,Dalinar
Adrotagia,Dalinar,Words of Radiance,105,1,chapter_85,Dalinar
Adrotagia,Gavilar,Words of Radiance,105,1,chapter_85,Dalinar
Adrotagia,Khal,Words of Radiance,105,1,chapter_85,Dalinar
Adrotagia,Mraize,Words of Radiance,105,1,chapter_85,Dalinar
Adrotagia,Navani,Words of Radiance,105,1,chapter_85,Dalinar
Adrotagia,Roion,Words of Radiance,105,1,chapter_85,Dalinar
Adrotagia,Shallan,Words of Radiance,105,1,chapter_85,Dalinar
Adrotagia,Szeth,Words of Radiance,105,1,chapter_85,Dalinar
Aladar,Dalinar,Words of Radiance,105,1,chapter_85,Dalinar
Aladar,Gavilar,Words of Radiance,105,1,chapter_85,Dalinar
Aladar,Khal,Words of Radiance,105,1,chapter_85,Dalinar
Aladar,Mraize,Words of Radiance,105,1,chapter_85,Dalinar
Aladar,Navani,Words of Radiance,105,1,chapter_85,Dalinar
Aladar,Roion,Words of Radiance,105,1,chapter_85,Dalinar
Aladar,Shallan,Words of Radiance,105,1,chapter_85,Dalinar
Aladar,Szeth,Words of Radiance,105,1,chapter_85,Dalinar
Dalinar,Gavilar,Words of Radiance,105,1,chapter_85,Dalinar
Dalinar,Khal,Words of Radiance,105,1,chapter_85,Dalinar
Dalinar,Mraize,Words of Radiance,105,1,chapter_85,Dalinar
Dalinar,Navani,Words of Radiance,105,1,chapter_85,Dalinar
Dalinar,Roion,Words of Radiance,105,1,chapter_85,Dalinar
Dalinar,Shallan,Words of Radiance,105,1,chapter_85,Dalinar
Dalinar,Szeth,Words of Radiance,105,1,chapter_85,Dalinar
Gavilar,Khal,Words of Radiance,105,1,chapter_85,Dalinar
Gavilar,Mraize,Words of Radiance,105,1,chapter_85,Dalinar
Gavilar,Navani,Words of Radiance,105,1,chapter_85,Dalinar
Gavilar,Roion,Words of Radiance,105,1,chapter_85,Dalinar
Gavilar,Shallan,Words of Radiance,105,1,chapter_85,Dalinar
Gavilar,Szeth,Words of Radiance,105,1,chapter_85,Dalinar
Khal,Mraize,Words of Radiance,105,1,chapter_85,Dalinar
Khal,Navani,Words of Radiance,105,1,chapter_85,Dalinar
Khal,Roion,Words of Radiance,105,1,chapter_85,Dalinar
Khal,Shallan,Words of Radiance,105,1,chapter_85,Dalinar
Khal,Szeth,Words of Radiance,105,1,chapter_85,Dalinar
Mraize,Navani,Words of Radiance,105,1,chapter_85,Dalinar
Mraize,Roion,Words of Radiance,105,1,chapter_85,Dalinar
Mraize,Shallan,Words of Radiance,105,1,chapter_85,Dalinar
Mraize,Szeth,Words of Radiance,105,1,chapter_85,Dalinar
Navani,Roion,Words of Radiance,105,1,chapter_85,Dalinar
Navani,Shallan,Words of Radiance,105,1,chapter_85,Dalinar
Navani,Szeth,Words of Radiance,105,1,chapter_85,Dalinar
Roion,Shallan,Words of Radiance,105,1,chapter_85,Dalinar
Roion,Szeth,Words of Radiance,105,1,chapter_85,Dalinar
Shallan,Szeth,Words of Radiance,105,1,chapter_85,Dalinar
Pattern,Renarin,Words of Radiance,105,2,chapter_85,Dalinar
Pattern,Shallan,Words of Radiance,105,2,chapter_85,Dalinar
Renarin,Shallan,Words of Radiance,105,2,chapter_85,Dalinar
Adolin,Dalinar,Words of Radiance,105,3,chapter_85,Dalinar
Adolin,Roion,Words of Radiance,105,3,chapter_85,Dalinar
Adolin,Szeth,Words of Radiance,105,3,chapter_85,Dalinar
Dalinar,Roion,Words of Radiance,105,3,chapter_85,Dalinar
Dalinar,Szeth,Words of Radiance,105,3,chapter_85,Dalinar
Roion,Szeth,Words of Radiance,105,3,chapter_85,Dalinar
Adolin,Dalinar,Words of Radiance,105,4,chapter_85,Dalinar
Adolin,Drehy,Words of Radiance,105,4,chapter_85,Dalinar
Adolin,Skar,Words of Radiance,105,4,chapter_85,Dalinar
Adolin,Szeth,Words of Radiance,105,4,chapter_85,Dalinar
Dalinar,Drehy,Words of Radiance,105,4,chapter_85,Dalinar
Dalinar,Skar,Words of Radiance,105,4,chapter_85,Dalinar
Dalinar,Szeth,Words of Radiance,105,4,chapter_85,Dalinar
Drehy,Skar,Words of Radiance,105,4,chapter_85,Dalinar
Drehy,Szeth,Words of Radiance,105,4,chapter_85,Dalinar
Skar,Szeth,Words of Radiance,105,4,chapter_85,Dalinar
Adolin,Dalinar,Words of Radiance,105,5,chapter_85,Dalinar
Adolin,Gavilar,Words of Radiance,105,5,chapter_85,Dalinar
Adolin,Roion,Words of Radiance,105,5,chapter_85,Dalinar
Adolin,Szeth,Words of Radiance,105,5,chapter_85,Dalinar
Dalinar,Gavilar,Words of Radiance,105,5,chapter_85,Dalinar
Dalinar,Roion,Words of Radiance,105,5,chapter_85,Dalinar
Dalinar,Szeth,Words of Radiance,105,5,chapter_85,Dalinar
Gavilar,Roion,Words of Radiance,105,5,chapter_85,Dalinar
Gavilar,Szeth,Words of Radiance,105,5,chapter_85,Dalinar
Roion,Szeth,Words of Radiance,105,5,chapter_85,Dalinar
Adolin,Dalinar,Words of Radiance,105,6,chapter_85,Dalinar
Adolin,Kaladin,Words of Radiance,105,6,chapter_85,Dalinar
Adolin,Khal,Words of Radiance,105,6,chapter_85,Dalinar
Adolin,Roion,Words of Radiance,105,6,chapter_85,Dalinar
Adolin,Skar,Words of Radiance,105,6,chapter_85,Dalinar
Adolin,Szeth,Words of Radiance,105,6,chapter_85,Dalinar
Dalinar,Kaladin,Words of Radiance,105,6,chapter_85,Dalinar
Dalinar,Khal,Words of Radiance,105,6,chapter_85,Dalinar
Dalinar,Roion,Words of Radiance,105,6,chapter_85,Dalinar
Dalinar,Skar,Words of Radiance,105,6,chapter_85,Dalinar
Dalinar,Szeth,Words of Radiance,105,6,chapter_85,Dalinar
Kaladin,Khal,Words of Radiance,105,6,chapter_85,Dalinar
Kaladin,Roion,Words of Radiance,105,6,chapter_85,Dalinar
Kaladin,Skar,Words of Radiance,105,6,chapter_85,Dalinar
Kaladin,Szeth,Words of Radiance,105,6,chapter_85,Dalinar
Khal,Roion,Words of Radiance,105,6,chapter_85,Dalinar
Khal,Skar,Words of Radiance,105,6,chapter_85,Dalinar
Khal,Szeth,Words of Radiance,105,6,chapter_85,Dalinar
Roion,Skar,Words of Radiance,105,6,chapter_85,Dalinar
Roion,Szeth,Words of Radiance,105,6,chapter_85,Dalinar
Skar,Szeth,Words of Radiance,105,6,chapter_85,Dalinar
Dalinar,Eth,Words of Radiance,106,1,chapter_86,Shallan
Dalinar,Kaladin,Words of Radiance,106,1,chapter_86,Shallan
Dalinar,Mart,Words of Radiance,106,1,chapter_86,Shallan
Dalinar,Syl,Words of Radiance,106,1,chapter_86,Shallan
Dalinar,Szeth,Words of Radiance,106,1,chapter_86,Shallan
Dalinar,Teft,Words of Radiance,106,1,chapter_86,Shallan
Eth,Kaladin,Words of Radiance,106,1,chapter_86,Shallan
Eth,Mart,Words of Radiance,106,1,chapter_86,Shallan
Eth,Syl,Words of Radiance,106,1,chapter_86,Shallan
Eth,Szeth,Words of Radiance,106,1,chapter_86,Shallan
Eth,Teft,Words of Radiance,106,1,chapter_86,Shallan
Kaladin,Mart,Words of Radiance,106,1,chapter_86,Shallan
Kaladin,Syl,Words of Radiance,106,1,chapter_86,Shallan
Kaladin,Szeth,Words of Radiance,106,1,chapter_86,Shallan
Kaladin,Teft,Words of Radiance,106,1,chapter_86,Shallan
Mart,Syl,Words of Radiance,106,1,chapter_86,Shallan
Mart,Szeth,Words of Radiance,106,1,chapter_86,Shallan
Mart,Teft,Words of Radiance,106,1,chapter_86,Shallan
Syl,Szeth,Words of Radiance,106,1,chapter_86,Shallan
Syl,Teft,Words of Radiance,106,1,chapter_86,Shallan
Szeth,Teft,Words of Radiance,106,1,chapter_86,Shallan
Renarin,Shallan,Words of Radiance,106,2,chapter_86,Shallan
Adolin,Aladar,Words of Radiance,106,3,chapter_86,Shallan
Adolin,Dalinar,Words of Radiance,106,3,chapter_86,Shallan
Adolin,Gavilar,Words of Radiance,106,3,chapter_86,Shallan
Adolin,Kaladin,Words of Radiance,106,3,chapter_86,Shallan
Adolin,Kalak,Words of Radiance,106,3,chapter_86,Shallan
Adolin,Khal,Words of Radiance,106,3,chapter_86,Shallan
Adolin,Navani,Words of Radiance,106,3,chapter_86,Shallan
Adolin,Roion,Words of Radiance,106,3,chapter_86,Shallan
Adolin,Sebarial,Words of Radiance,106,3,chapter_86,Shallan
Adolin,Shallan,Words of Radiance,106,3,chapter_86,Shallan
Aladar,Dalinar,Words of Radiance,106,3,chapter_86,Shallan
Aladar,Gavilar,Words of Radiance,106,3,chapter_86,Shallan
Aladar,Kaladin,Words of Radiance,106,3,chapter_86,Shallan
Aladar,Kalak,Words of Radiance,106,3,chapter_86,Shallan
Aladar,Khal,Words of Radiance,106,3,chapter_86,Shallan
Aladar,Navani,Words of Radiance,106,3,chapter_86,Shallan
Aladar,Roion,Words of Radiance,106,3,chapter_86,Shallan
Aladar,Sebarial,Words of Radiance,106,3,chapter_86,Shallan
Aladar,Shallan,Words of Radiance,106,3,chapter_86,Shallan
Dalinar,Gavilar,Words of Radiance,106,3,chapter_86,Shallan
Dalinar,Kaladin,Words of Radiance,106,3,chapter_86,Shallan
Dalinar,Kalak,Words of Radiance,106,3,chapter_86,Shallan
Dalinar,Khal,Words of Radiance,106,3,chapter_86,Shallan
Dalinar,Navani,Words of Radiance,106,3,chapter_86,Shallan
Dalinar,Roion,Words of Radiance,106,3,chapter_86,Shallan
Dalinar,Sebarial,Words of Radiance,106,3,chapter_86,Shallan
Dalinar,Shallan,Words of Radiance,106,3,chapter_86,Shallan
Gavilar,Kaladin,Words of Radiance,106,3,chapter_86,Shallan
Gavilar,Kalak,Words of Radiance,106,3,chapter_86,Shallan
Gavilar,Khal,Words of Radiance,106,3,chapter_86,Shallan
Gavilar,Navani,Words of Radiance,106,3,chapter_86,Shallan
Gavilar,Roion,Words of Radiance,106,3,chapter_86,Shallan
Gavilar,Sebarial,Words of Radiance,106,3,chapter_86,Shallan
Gavilar,Shallan,Words of Radiance,106,3,chapter_86,Shallan
Kaladin,Kalak,Words of Radiance,106,3,chapter_86,Shallan
Kaladin,Khal,Words of Radiance,106,3,chapter_86,Shallan
Kaladin,Navani,Words of Radiance,106,3,chapter_86,Shallan
Kaladin,Roion,Words of Radiance,106,3,chapter_86,Shallan
Kaladin,Sebarial,Words of Radiance,106,3,chapter_86,Shallan
Kaladin,Shallan,Words of Radiance,106,3,chapter_86,Shallan
Kalak,Khal,Words of Radiance,106,3,chapter_86,Shallan
Kalak,Navani,Words of Radiance,106,3,chapter_86,Shallan
Kalak,Roion,Words of Radiance,106,3,chapter_86,Shallan
Kalak,Sebarial,Words of Radiance,106,3,chapter_86,Shallan
Kalak,Shallan,Words of Radiance,106,3,chapter_86,Shallan
Khal,Navani,Words of Radiance,106,3,chapter_86,Shallan
Khal,Roion,Words of Radiance,106,3,chapter_86,Shallan
Khal,Sebarial,Words of Radiance,106,3,chapter_86,Shallan
Khal,Shallan,Words of Radiance,106,3,chapter_86,Shallan
Navani,Roion,Words of Radiance,106,3,chapter_86,Shallan
Navani,Sebarial,Words of Radiance,106,3,chapter_86,Shallan
Navani,Shallan,Words of Radiance,106,3,chapter_86,Shallan
Roion,Sebarial,Words of Radiance,106,3,chapter_86,Shallan
Roion,Shallan,Words of Radiance,106,3,chapter_86,Shallan
Sebarial,Shallan,Words of Radiance,106,3,chapter_86,Shallan
Kaladin,Syl,Words of Radiance,106,4,chapter_86,Shallan
Kaladin,Szeth,Words of Radiance,106,4,chapter_86,Shallan
Syl,Szeth,Words of Radiance,106,4,chapter_86,Shallan
Adolin,Pattern,Words of Radiance,106,5,chapter_86,Shallan
Adolin,Renarin,Words of Radiance,106,5,chapter_86,Shallan
Adolin,Shallan,Words of Radiance,106,5,chapter_86,Shallan
Pattern,Renarin,Words of Radiance,106,5,chapter_86,Shallan
Pattern,Shallan,Words of Radiance,106,5,chapter_86,Shallan
Renarin,Shallan,Words of Radiance,106,5,chapter_86,Shallan
Dalinar,Kaladin,Words of Radiance,106,6,chapter_86,Shallan
Dalinar,Syl,Words of Radiance,106,6,chapter_86,Shallan
Dalinar,Szeth,Words of Radiance,106,6,chapter_86,Shallan
Kaladin,Syl,Words of Radiance,106,6,chapter_86,Shallan
Kaladin,Szeth,Words of Radiance,106,6,chapter_86,Shallan
Syl,Szeth,Words of Radiance,106,6,chapter_86,Shallan
Adolin,Pattern,Words of Radiance,106,7,chapter_86,Shallan
Adolin,Renarin,Words of Radiance,106,7,chapter_86,Shallan
Adolin,Shallan,Words of Radiance,106,7,chapter_86,Shallan
Pattern,Renarin,Words of Radiance,106,7,chapter_86,Shallan
Pattern,Shallan,Words of Radiance,106,7,chapter_86,Shallan
Renarin,Shallan,Words of Radiance,106,7,chapter_86,Shallan
Kaladin,Syl,Words of Radiance,106,8,chapter_86,Shallan
Kaladin,Szeth,Words of Radiance,106,8,chapter_86,Shallan
Kaladin,Zahel,Words of Radiance,106,8,chapter_86,Shallan
Syl,Szeth,Words of Radiance,106,8,chapter_86,Shallan
Syl,Zahel,Words of Radiance,106,8,chapter_86,Shallan
Szeth,Zahel,Words of Radiance,106,8,chapter_86,Shallan
Adolin,Dalinar,Words of Radiance,106,9,chapter_86,Shallan
Adolin,Navani,Words of Radiance,106,9,chapter_86,Shallan
Adolin,Pattern,Words of Radiance,106,9,chapter_86,Shallan
Adolin,Shallan,Words of Radiance,106,9,chapter_86,Shallan
Dalinar,Navani,Words of Radiance,106,9,chapter_86,Shallan
Dalinar,Pattern,Words of Radiance,106,9,chapter_86,Shallan
Dalinar,Shallan,Words of Radiance,106,9,chapter_86,Shallan
Navani,Pattern,Words of Radiance,106,9,chapter_86,Shallan
Navani,Shallan,Words of Radiance,106,9,chapter_86,Shallan
Pattern,Shallan,Words of Radiance,106,9,chapter_86,Shallan
Dalinar,Kaladin,Words of Radiance,106,10,chapter_86,Shallan
Dalinar,Syl,Words of Radiance,106,10,chapter_86,Shallan
Dalinar,Szeth,Words of Radiance,106,10,chapter_86,Shallan
Kaladin,Syl,Words of Radiance,106,10,chapter_86,Shallan
Kaladin,Szeth,Words of Radiance,106,10,chapter_86,Shallan
Syl,Szeth,Words of Radiance,106,10,chapter_86,Shallan
Adrotagia,Bisig,Words of Radiance,107,1,chapter_87,Kaladin
Adrotagia,Dalinar,Words of Radiance,107,1,chapter_87,Kaladin
Adrotagia,Drehy,Words of Radiance,107,1,chapter_87,Kaladin
Adrotagia,Kaladin,Words of Radiance,107,1,chapter_87,Kaladin
Adrotagia,Leyten,Words of Radiance,107,1,chapter_87,Kaladin
Adrotagia,Lopen,Words of Radiance,107,1,chapter_87,Kaladin
Adrotagia,Mart,Words of Radiance,107,1,chapter_87,Kaladin
Adrotagia,Moash,Words of Radiance,107,1,chapter_87,Kaladin
Adrotagia,Rock,Words of Radiance,107,1,chapter_87,Kaladin
Adrotagia,Shallan,Words of Radiance,107,1,chapter_87,Kaladin
Adrotagia,Sigzil,Words of Radiance,107,1,chapter_87,Kaladin
Adrotagia,Syl,Words of Radiance,107,1,chapter_87,Kaladin
Adrotagia,Szeth,Words of Radiance,107,1,chapter_87,Kaladin
Adrotagia,Teft,Words of Radiance,107,1,chapter_87,Kaladin
Bisig,Dalinar,Words of Radiance,107,1,chapter_87,Kaladin
Bisig,Drehy,Words of Radiance,107,1,chapter_87,Kaladin
Bisig,Kaladin,Words of Radiance,107,1,chapter_87,Kaladin
Bisig,Leyten,Words of Radiance,107,1,chapter_87,Kaladin
Bisig,Lopen,Words of Radiance,107,1,chapter_87,Kaladin
Bisig,Mart,Words of Radiance,107,1,chapter_87,Kaladin
Bisig,Moash,Words of Radiance,107,1,chapter_87,Kaladin
Bisig,Rock,Words of Radiance,107,1,chapter_87,Kaladin
Bisig,Shallan,Words of Radiance,107,1,chapter_87,Kaladin
Bisig,Sigzil,Words of Radiance,107,1,chapter_87,Kaladin
Bisig,Syl,Words of Radiance,107,1,chapter_87,Kaladin
Bisig,Szeth,Words of Radiance,107,1,chapter_87,Kaladin
Bisig,Teft,Words of Radiance,107,1,chapter_87,Kaladin
Dalinar,Drehy,Words of Radiance,107,1,chapter_87,Kaladin
Dalinar,Kaladin,Words of Radiance,107,1,chapter_87,Kaladin
Dalinar,Leyten,Words of Radiance,107,1,chapter_87,Kaladin
Dalinar,Lopen,Words of Radiance,107,1,chapter_87,Kaladin
Dalinar,Mart,Words of Radiance,107,1,chapter_87,Kaladin
Dalinar,Moash,Words of Radiance,107,1,chapter_87,Kaladin
Dalinar,Rock,Words of Radiance,107,1,chapter_87,Kaladin
Dalinar,Shallan,Words of Radiance,107,1,chapter_87,Kaladin
Dalinar,Sigzil,Words of Radiance,107,1,chapter_87,Kaladin
Dalinar,Syl,Words of Radiance,107,1,chapter_87,Kaladin
Dalinar,Szeth,Words of Radiance,107,1,chapter_87,Kaladin
Dalinar,Teft,Words of Radiance,107,1,chapter_87,Kaladin
Drehy,Kaladin,Words of Radiance,107,1,chapter_87,Kaladin
Drehy,Leyten,Words of Radiance,107,1,chapter_87,Kaladin
Drehy,Lopen,Words of Radiance,107,1,chapter_87,Kaladin
Drehy,Mart,Words of Radiance,107,1,chapter_87,Kaladin
Drehy,Moash,Words of Radiance,107,1,chapter_87,Kaladin
Drehy,Rock,Words of Radiance,107,1,chapter_87,Kaladin
Drehy,Shallan,Words of Radiance,107,1,chapter_87,Kaladin
Drehy,Sigzil,Words of Radiance,107,1,chapter_87,Kaladin
Drehy,Syl,Words of Radiance,107,1,chapter_87,Kaladin
Drehy,Szeth,Words of Radiance,107,1,chapter_87,Kaladin
Drehy,Teft,Words of Radiance,107,1,chapter_87,Kaladin
Kaladin,Leyten,Words of Radiance,107,1,chapter_87,Kaladin
Kaladin,Lopen,Words of Radiance,107,1,chapter_87,Kaladin
Kaladin,Mart,Words of Radiance,107,1,chapter_87,Kaladin
Kaladin,Moash,Words of Radiance,107,1,chapter_87,Kaladin
Kaladin,Rock,Words of Radiance,107,1,chapter_87,Kaladin
Kaladin,Shallan,Words of Radiance,107,1,chapter_87,Kaladin
Kaladin,Sigzil,Words of Radiance,107,1,chapter_87,Kaladin
Kaladin,Syl,Words of Radiance,107,1,chapter_87,Kaladin
Kaladin,Szeth,Words of Radiance,107,1,chapter_87,Kaladin
Kaladin,Teft,Words of Radiance,107,1,chapter_87,Kaladin
Leyten,Lopen,Words of Radiance,107,1,chapter_87,Kaladin
Leyten,Mart,Words of Radiance,107,1,chapter_87,Kaladin
Leyten,Moash,Words of Radiance,107,1,chapter_87,Kaladin
Leyten,Rock,Words of Radiance,107,1,chapter_87,Kaladin
Leyten,Shallan,Words of Radiance,107,1,chapter_87,Kaladin
Leyten,Sigzil,Words of Radiance,107,1,chapter_87,Kaladin
Leyten,Syl,Words of Radiance,107,1,chapter_87,Kaladin
Leyten,Szeth,Words of Radiance,107,1,chapter_87,Kaladin
Leyten,Teft,Words of Radiance,107,1,chapter_87,Kaladin
Lopen,Mart,Words of Radiance,107,1,chapter_87,Kaladin
Lopen,Moash,Words of Radiance,107,1,chapter_87,Kaladin
Lopen,Rock,Words of Radiance,107,1,chapter_87,Kaladin
Lopen,Shallan,Words of Radiance,107,1,chapter_87,Kaladin
Lopen,Sigzil,Words of Radiance,107,1,chapter_87,Kaladin
Lopen,Syl,Words of Radiance,107,1,chapter_87,Kaladin
Lopen,Szeth,Words of Radiance,107,1,chapter_87,Kaladin
Lopen,Teft,Words of Radiance,107,1,chapter_87,Kaladin
Mart,Moash,Words of Radiance,107,1,chapter_87,Kaladin
Mart,Rock,Words of Radiance,107,1,chapter_87,Kaladin
Mart,Shallan,Words of Radiance,107,1,chapter_87,Kaladin
Mart,Sigzil,Words of Radiance,107,1,chapter_87,Kaladin
Mart,Syl,Words of Radiance,107,1,chapter_87,Kaladin
Mart,Szeth,Words of Radiance,107,1,chapter_87,Kaladin
Mart,Teft,Words of Radiance,107,1,chapter_87,Kaladin
Moash,Rock,Words of Radiance,107,1,chapter_87,Kaladin
Moash,Shallan,Words of Radiance,107,1,chapter_87,Kaladin
Moash,Sigzil,Words of Radiance,107,1,chapter_87,Kaladin
Moash,Syl,Words of Radiance,107,1,chapter_87,Kaladin
Moash,Szeth,Words of Radiance,107,1,chapter_87,Kaladin
Moash,Teft,Words of Radiance,107,1,chapter_87,Kaladin
Rock,Shallan,Words of Radiance,107,1,chapter_87,Kaladin
Rock,Sigzil,Words of Radiance,107,1,chapter_87,Kaladin
Rock,Syl,Words of Radiance,107,1,chapter_87,Kaladin
Rock,Szeth,Words of Radiance,107,1,chapter_87,Kaladin
Rock,Teft,Words of Radiance,107,1,chapter_87,Kaladin
Shallan,Sigzil,Words of Radiance,107,1,chapter_87,Kaladin
Shallan,Syl,Words of Radiance,107,1,chapter_87,Kaladin
Shallan,Szeth,Words of Radiance,107,1,chapter_87,Kaladin
Shallan,Teft,Words of Radiance,107,1,chapter_87,Kaladin
Sigzil,Syl,Words of Radiance,107,1,chapter_87,Kaladin
Sigzil,Szeth,Words of Radiance,107,1,chapter_87,Kaladin
Sigzil,Teft,Words of Radiance,107,1,chapter_87,Kaladin
Syl,Szeth,Words of Radiance,107,1,chapter_87,Kaladin
Syl,Teft,Words of Radiance,107,1,chapter_87,Kaladin
Szeth,Teft,Words of Radiance,107,1,chapter_87,Kaladin
Adolin,Dalinar,Words of Radiance,107,2,chapter_87,Kaladin
Adolin,Kaladin,Words of Radiance,107,2,chapter_87,Kaladin
Adolin,Navani,Words of Radiance,107,2,chapter_87,Kaladin
Adolin,Pattern,Words of Radiance,107,2,chapter_87,Kaladin
Adolin,Shallan,Words of Radiance,107,2,chapter_87,Kaladin
Dalinar,Kaladin,Words of Radiance,107,2,chapter_87,Kaladin
Dalinar,Navani,Words of Radiance,107,2,chapter_87,Kaladin
Dalinar,Pattern,Words of Radiance,107,2,chapter_87,Kaladin
Dalinar,Shallan,Words of Radiance,107,2,chapter_87,Kaladin
Kaladin,Navani,Words of Radiance,107,2,chapter_87,Kaladin
Kaladin,Pattern,Words of Radiance,107,2,chapter_87,Kaladin
Kaladin,Shallan,Words of Radiance,107,2,chapter_87,Kaladin
Navani,Pattern,Words of Radiance,107,2,chapter_87,Kaladin
Navani,Shallan,Words of Radiance,107,2,chapter_87,Kaladin
Pattern,Shallan,Words of Radiance,107,2,chapter_87,Kaladin
Elhokar,Kaladin,Words of Radiance,107,3,chapter_87,Kaladin
Elhokar,Lopen,Words of Radiance,107,3,chapter_87,Kaladin
Elhokar,Sebarial,Words of Radiance,107,3,chapter_87,Kaladin
Kaladin,Lopen,Words of Radiance,107,3,chapter_87,Kaladin
Kaladin,Sebarial,Words of Radiance,107,3,chapter_87,Kaladin
Lopen,Sebarial,Words of Radiance,107,3,chapter_87,Kaladin
Aladar,Dalinar,Words of Radiance,107,4,chapter_87,Kaladin
Aladar,Elhokar,Words of Radiance,107,4,chapter_87,Kaladin
Aladar,Gavilar,Words of Radiance,107,4,chapter_87,Kaladin
Aladar,Jasnah,Words of Radiance,107,4,chapter_87,Kaladin
Aladar,Kaladin,Words of Radiance,107,4,chapter_87,Kaladin
Aladar,Moash,Words of Radiance,107,4,chapter_87,Kaladin
Aladar,Roion,Words of Radiance,107,4,chapter_87,Kaladin
Aladar,Sadeas,Words of Radiance,107,4,chapter_87,Kaladin
Aladar,Sebarial,Words of Radiance,107,4,chapter_87,Kaladin
Dalinar,Elhokar,Words of Radiance,107,4,chapter_87,Kaladin
Dalinar,Gavilar,Words of Radiance,107,4,chapter_87,Kaladin
Dalinar,Jasnah,Words of Radiance,107,4,chapter_87,Kaladin
Dalinar,Kaladin,Words of Radiance,107,4,chapter_87,Kaladin
Dalinar,Moash,Words of Radiance,107,4,chapter_87,Kaladin
Dalinar,Roion,Words of Radiance,107,4,chapter_87,Kaladin
Dalinar,Sadeas,Words of Radiance,107,4,chapter_87,Kaladin
Dalinar,Sebarial,Words of Radiance,107,4,chapter_87,Kaladin
Elhokar,Gavilar,Words of Radiance,107,4,chapter_87,Kaladin
Elhokar,Jasnah,Words of Radiance,107,4,chapter_87,Kaladin
Elhokar,Kaladin,Words of Radiance,107,4,chapter_87,Kaladin
Elhokar,Moash,Words of Radiance,107,4,chapter_87,Kaladin
Elhokar,Roion,Words of Radiance,107,4,chapter_87,Kaladin
Elhokar,Sadeas,Words of Radiance,107,4,chapter_87,Kaladin
Elhokar,Sebarial,Words of Radiance,107,4,chapter_87,Kaladin
Gavilar,Jasnah,Words of Radiance,107,4,chapter_87,Kaladin
Gavilar,Kaladin,Words of Radiance,107,4,chapter_87,Kaladin
Gavilar,Moash,Words of Radiance,107,4,chapter_87,Kaladin
Gavilar,Roion,Words of Radiance,107,4,chapter_87,Kaladin
Gavilar,Sadeas,Words of Radiance,107,4,chapter_87,Kaladin
Gavilar,Sebarial,Words of Radiance,107,4,chapter_87,Kaladin
Jasnah,Kaladin,Words of Radiance,107,4,chapter_87,Kaladin
Jasnah,Moash,Words of Radiance,107,4,chapter_87,Kaladin
Jasnah,Roion,Words of Radiance,107,4,chapter_87,Kaladin
Jasnah,Sadeas,Words of Radiance,107,4,chapter_87,Kaladin
Jasnah,Sebarial,Words of Radiance,107,4,chapter_87,Kaladin
Kaladin,Moash,Words of Radiance,107,4,chapter_87,Kaladin
Kaladin,Roion,Words of Radiance,107,4,chapter_87,Kaladin
Kaladin,Sadeas,Words of Radiance,107,4,chapter_87,Kaladin
Kaladin,Sebarial,Words of Radiance,107,4,chapter_87,Kaladin
Moash,Roion,Words of Radiance,107,4,chapter_87,Kaladin
Moash,Sadeas,Words of Radiance,107,4,chapter_87,Kaladin
Moash,Sebarial,Words of Radiance,107,4,chapter_87,Kaladin
Roion,Sadeas,Words of Radiance,107,4,chapter_87,Kaladin
Roion,Sebarial,Words of Radiance,107,4,chapter_87,Kaladin
Sadeas,Sebarial,Words of Radiance,107,4,chapter_87,Kaladin
Adolin,Gaz,Words of Radiance,108,1,chapter_88,Shallan
Adolin,Jasnah,Words of Radiance,108,1,chapter_88,Shallan
Adolin,Mraize,Words of Radiance,108,1,chapter_88,Shallan
Adolin,Pattern,Words of Radiance,108,1,chapter_88,Shallan
Adolin,Shallan,Words of Radiance,108,1,chapter_88,Shallan
Gaz,Jasnah,Words of Radiance,108,1,chapter_88,Shallan
Gaz,Mraize,Words of Radiance,108,1,chapter_88,Shallan
Gaz,Pattern,Words of Radiance,108,1,chapter_88,Shallan
Gaz,Shallan,Words of Radiance,108,1,chapter_88,Shallan
Jasnah,Mraize,Words of Radiance,108,1,chapter_88,Shallan
Jasnah,Pattern,Words of Radiance,108,1,chapter_88,Shallan
Jasnah,Shallan,Words of Radiance,108,1,chapter_88,Shallan
Mraize,Pattern,Words of Radiance,108,1,chapter_88,Shallan
Mraize,Shallan,Words of Radiance,108,1,chapter_88,Shallan
Pattern,Shallan,Words of Radiance,108,1,chapter_88,Shallan
Amaram,Dalinar,Words of Radiance,108,2,chapter_88,Shallan
Amaram,Gavilar,Words of Radiance,108,2,chapter_88,Shallan
Amaram,Talenel,Words of Radiance,108,2,chapter_88,Shallan
Dalinar,Gavilar,Words of Radiance,108,2,chapter_88,Shallan
Dalinar,Talenel,Words of Radiance,108,2,chapter_88,Shallan
Gavilar,Talenel,Words of Radiance,108,2,chapter_88,Shallan
Nale,Szeth,Words of Radiance,108,3,chapter_88,Shallan
Dalinar,Gavilar,Words of Radiance,109,1,chapter_89,Adolin
Adolin,Aladar,Words of Radiance,109,2,chapter_89,Adolin
Adolin,Dalinar,Words of Radiance,109,2,chapter_89,Adolin
Adolin,Gavilar,Words of Radiance,109,2,chapter_89,Adolin
Adolin,Sadeas,Words of Radiance,109,2,chapter_89,Adolin
Adolin,Shallan,Words of Radiance,109,2,chapter_89,Adolin
Aladar,Dalinar,Words of Radiance,109,2,chapter_89,Adolin
Aladar,Gavilar,Words of Radiance,109,2,chapter_89,Adolin
Aladar,Sadeas,Words of Radiance,109,2,chapter_89,Adolin
Aladar,Shallan,Words of Radiance,109,2,chapter_89,Adolin
Dalinar,Gavilar,Words of Radiance,109,2,chapter_89,Adolin
Dalinar,Sadeas,Words of Radiance,109,2,chapter_89,Adolin
Dalinar,Shallan,Words of Radiance,109,2,chapter_89,Adolin
Gavilar,Sadeas,Words of Radiance,109,2,chapter_89,Adolin
Gavilar,Shallan,Words of Radiance,109,2,chapter_89,Adolin
Sadeas,Shallan,Words of Radiance,109,2,chapter_89,Adolin
Adolin,Dalinar,Words of Radiance,109,3,chapter_89,Adolin
Adolin,Elhokar,Words of Radiance,109,3,chapter_89,Adolin
Adolin,Hatham,Words of Radiance,109,3,chapter_89,Adolin
Adolin,Jasnah,Words of Radiance,109,3,chapter_89,Adolin
Adolin,Kaladin,Words of Radiance,109,3,chapter_89,Adolin
Adolin,Navani,Words of Radiance,109,3,chapter_89,Adolin
Adolin,Renarin,Words of Radiance,109,3,chapter_89,Adolin
Adolin,Shallan,Words of Radiance,109,3,chapter_89,Adolin
Adolin,Szeth,Words of Radiance,109,3,chapter_89,Adolin
Adolin,Taravangian,Words of Radiance,109,3,chapter_89,Adolin
Dalinar,Elhokar,Words of Radiance,109,3,chapter_89,Adolin
Dalinar,Hatham,Words of Radiance,109,3,chapter_89,Adolin
Dalinar,Jasnah,Words of Radiance,109,3,chapter_89,Adolin
Dalinar,Kaladin,Words of Radiance,109,3,chapter_89,Adolin
Dalinar,Navani,Words of Radiance,109,3,chapter_89,Adolin
Dalinar,Renarin,Words of Radiance,109,3,chapter_89,Adolin
Dalinar,Shallan,Words of Radiance,109,3,chapter_89,Adolin
Dalinar,Szeth,Words of Radiance,109,3,chapter_89,Adolin
Dalinar,Taravangian,Words of Radiance,109,3,chapter_89,Adolin
Elhokar,Hatham,Words of Radiance,109,3,chapter_89,Adolin
Elhokar,Jasnah,Words of Radiance,109,3,chapter_89,Adolin
Elhokar,Kaladin,Words of Radiance,109,3,chapter_89,Adolin
Elhokar,Navani,Words of Radiance,109,3,chapter_89,Adolin
Elhokar,Renarin,Words of Radiance,109,3,chapter_89,Adolin
Elhokar,Shallan,Words of Radiance,109,3,chapter_89,Adolin
Elhokar,Szeth,Words of Radiance,109,3,chapter_89,Adolin
Elhokar,Taravangian,Words of Radiance,109,3,chapter_89,Adolin
Hatham,Jasnah,Words of Radiance,109,3,chapter_89,Adolin
Hatham,Kaladin,Words of Radiance,109,3,chapter_89,Adolin
Hatham,Navani,Words of Radiance,109,3,chapter_89,Adolin
Hatham,Renarin,Words of Radiance,109,3,chapter_89,Adolin
Hatham,Shallan,Words of Radiance,109,3,chapter_89,Adolin
Hatham,Szeth,Words of Radiance,109,3,chapter_89,Adolin
Hatham,Taravangian,Words of Radiance,109,3,chapter_89,Adolin
Jasnah,Kaladin,Words of Radiance,109,3,chapter_89,Adolin
Jasnah,Navani,Words of Radiance,109,3,chapter_89,Adolin
Jasnah,Renarin,Words of Radiance,109,3,chapter_89,Adolin
Jasnah,Shallan,Words of Radiance,109,3,chapter_89,Adolin
Jasnah,Szeth,Words of Radiance,109,3,chapter_89,Adolin
Jasnah,Taravangian,Words of Radiance,109,3,chapter_89,Adolin
Kaladin,Navani,Words of Radiance,109,3,chapter_89,Adolin
Kaladin,Renarin,Words of Radiance,109,3,chapter_89,Adolin
Kaladin,Shallan,Words of Radiance,109,3,chapter_89,Adolin
Kaladin,Szeth,Words of Radiance,109,3,chapter_89,Adolin
Kaladin,Taravangian,Words of Radiance,109,3,chapter_89,Adolin
Navani,Renarin,Words of Radiance,109,3,chapter_89,Adolin
Navani,Shallan,Words of Radiance,109,3,chapter_89,Adolin
Navani,Szeth,Words of Radiance,109,3,chapter_89,Adolin
Navani,Taravangian,Words of Radiance,109,3,chapter_89,Adolin
Renarin,Shallan,Words of Radiance,109,3,chapter_89,Adolin
Renarin,Szeth,Words of Radiance,109,3,chapter_89,Adolin
Renarin,Taravangian,Words of Radiance,109,3,chapter_89,Adolin
Shallan,Szeth,Words of Radiance,109,3,chapter_89,Adolin
Shallan,Taravangian,Words of Radiance,109,3,chapter_89,Adolin
Szeth,Taravangian,Words of Radiance,109,3,chapter_89,Adolin
Jasnah,Wit,Words of Radiance,110,1,epilogue,Wit
